id_observacion,periodo,id_empresa,empresa,primas_netas_acum_sbs,primas_netas_mensual_nominal,primas_netas_mensual_real,log_primas_reales,primas_cedidas_acum_sbs,primas_cedidas_mensual_nominal,primas_cedidas_mensual_real,log_primas_cedidas,ingreso_formal_nominal,ingreso_real,log_ingreso_real,tasa_referencia,ipc,muestra_modelo
1,2020-01,E001,AVLA Perú,14172.150000,14172.150000,15372.834262,9.640357,7582.820000,7582.820000,8225.247058,9.014964,2579.547363,2798.090204,7.936692,2.250000,92.189571,1
2,2020-02,E001,AVLA Perú,19876.420000,5704.270000,6178.759222,8.728873,10522.080000,2939.260000,3183.751791,8.065816,2684.386963,2907.678055,7.975110,2.250000,92.320639,1
3,2020-03,E001,AVLA Perú,25805.580000,5929.160000,6381.133766,8.761101,13615.900000,3093.820000,3329.658715,8.110625,3197.239014,3440.961254,8.143506,1.250000,92.917030,1
4,2020-04,E001,AVLA Perú,32201.470000,6395.890000,6876.250745,8.835829,17202.200000,3586.300000,3855.647619,8.257294,2519.562744,2708.793490,7.904259,0.250000,93.014206,1
5,2020-05,E001,AVLA Perú,36973.170000,4771.700000,5119.624712,8.540836,19493.850000,2291.650000,2458.743838,7.807406,2345.649414,2516.680576,7.830696,0.250000,93.204097,1
6,2020-06,E001,AVLA Perú,43773.090000,6799.920000,7315.196268,8.897709,22617.570000,3123.720000,3360.425547,8.119823,2360.650879,2539.533480,7.839736,0.250000,92.956084,1
7,2020-07,E001,AVLA Perú,50826.520000,7053.430000,7552.969734,8.929696,26327.440000,3709.870000,3972.611315,8.287179,3773.146729,4040.369443,8.304091,0.250000,93.386181,1
8,2020-08,E001,AVLA Perú,61347.350000,10520.830000,11278.371940,9.330642,31661.490000,5334.050000,5718.122985,8.651396,2380.944824,2552.382397,7.844782,0.250000,93.283233,1
9,2020-09,E001,AVLA Perú,70002.760000,8655.410000,9265.999663,9.134107,35396.020000,3734.530000,3997.979728,8.293544,2445.110840,2617.599422,7.870013,0.250000,93.410429,1
10,2020-10,E001,AVLA Perú,80004.350000,10001.590000,10705.349079,9.278499,40308.430000,4912.410000,5258.070354,8.567519,2421.107178,2591.467706,7.859980,0.250000,93.426099,1
11,2020-11,E001,AVLA Perú,91154.770000,11150.420000,11873.218503,9.382041,45861.640000,5553.210000,5913.183156,8.684940,2434.410645,2592.215316,7.860268,0.250000,93.912362,1
12,2020-12,E001,AVLA Perú,104951.890000,13797.120000,14684.328233,9.594536,52323.320000,6461.680000,6877.191041,8.835966,4193.692871,4463.363559,8.403658,0.250000,93.958129,1
13,2021-01,E001,AVLA Perú,19877.750000,19877.750000,20999.957244,9.952276,10050.420000,10050.420000,10617.820945,9.270289,2628.593994,2776.992441,7.929124,0.250000,94.656145,1
14,2021-02,E001,AVLA Perú,27545.140000,7667.390000,8110.415481,9.000904,13767.080000,3716.660000,3931.410402,8.276754,2693.624268,2849.263173,7.954816,0.250000,94.537574,1
15,2021-03,E001,AVLA Perú,38257.080000,10711.940000,11236.553685,9.326927,19006.360000,5239.280000,5495.871989,8.611753,3294.463623,3455.808879,8.147812,0.250000,95.331187,1
16,2021-04,E001,AVLA Perú,47203.350000,8946.270000,9394.245591,9.147853,23671.380000,4665.020000,4898.616246,8.496708,2720.330566,2856.548420,7.957369,0.250000,95.231383,1
17,2021-05,E001,AVLA Perú,56019.420000,8816.070000,9232.914926,9.130530,28173.980000,4502.600000,4715.493723,8.458609,2688.385254,2815.498554,7.942895,0.250000,95.485229,1
18,2021-06,E001,AVLA Perú,67085.590000,11066.170000,11529.489562,9.352663,33183.290000,5009.310000,5219.040314,8.560069,2684.098145,2796.476246,7.936115,0.250000,95.981439,1
19,2021-07,E001,AVLA Perú,75981.240000,8895.650000,9175.645788,9.124308,37687.400000,4504.110000,4645.879497,8.443736,4048.886230,4176.327293,8.337188,0.250000,96.948490,1
20,2021-08,E001,AVLA Perú,85196.530000,9215.290000,9412.638246,9.149809,42530.280000,4842.880000,4946.591752,8.506454,2547.848389,2602.411339,7.864194,0.500000,97.903369,1
21,2021-09,E001,AVLA Perú,94698.870000,9502.340000,9667.126159,9.176486,47437.740000,4907.460000,4992.563405,8.515705,2605.622803,2650.808575,7.882620,1.000000,98.295397,1
22,2021-10,E001,AVLA Perú,104267.190000,9568.320000,9677.764629,9.177586,51904.410000,4466.670000,4517.760791,8.415772,2559.100098,2588.371669,7.858784,1.500000,98.869113,1
23,2021-11,E001,AVLA Perú,112925.430000,8658.240000,8726.019756,9.074065,56422.020000,4517.610000,4552.975444,8.423536,2650.858398,2671.610253,7.890437,2.000000,99.223245,1
24,2021-12,E001,AVLA Perú,128372.980000,15447.550000,15447.550000,9.645206,63972.690000,7550.670000,7550.670000,8.929392,4369.076172,4369.076172,8.382307,2.500000,100.000000,1
25,2022-01,E001,AVLA Perú,16989.660000,16989.660000,16983.330652,9.739988,8965.160000,8965.160000,8961.820109,9.100729,2705.242188,2704.234373,7.902574,3.000000,100.037268,1
26,2022-02,E001,AVLA Perú,25302.110000,8312.450000,8283.553651,9.022027,13110.810000,4145.650000,4131.238587,8.326333,2838.450928,2828.583696,7.947531,3.500000,100.348840,1
27,2022-03,E001,AVLA Perú,35366.140000,10064.030000,9882.520513,9.198523,18216.500000,5105.690000,5013.606493,8.519911,3935.511230,3864.532445,8.259596,4.000000,101.836672,1
28,2022-04,E001,AVLA Perú,42172.420000,6806.280000,6619.849675,8.797828,21676.270000,3459.770000,3365.003689,8.121184,2773.888428,2697.909050,7.900232,4.500000,102.816232,1
29,2022-05,E001,AVLA Perú,50001.940000,7829.520000,7585.930316,8.934051,25958.540000,4282.270000,4149.041297,8.330633,2741.049072,2655.770373,7.884490,5.000000,103.211072,1
30,2022-06,E001,AVLA Perú,59477.290000,9475.350000,9072.535676,9.113007,30851.720000,4893.180000,4685.162038,8.452156,2748.454346,2631.612564,7.875352,5.500000,104.439931,1
31,2022-07,E001,AVLA Perú,67877.990000,8400.700000,7968.595196,8.983263,35058.990000,4207.270000,3990.861656,8.291762,4209.761719,3993.225208,8.292355,6.000000,105.422597,1
32,2022-08,E001,AVLA Perú,78051.880000,10173.890000,9586.678794,9.168130,40534.150000,5475.160000,5159.147609,8.548527,2697.882324,2542.167378,7.840772,6.500000,106.125283,1
33,2022-09,E001,AVLA Perú,86854.030000,8802.150000,8250.995931,9.018089,44809.310000,4275.160000,4007.467240,8.295915,2729.158447,2558.269882,7.847086,6.750000,106.679849,1
34,2022-10,E001,AVLA Perú,95732.100000,8878.070000,8293.330179,9.023207,49176.820000,4367.510000,4079.850969,8.313816,2658.610107,2483.505023,7.817426,7.000000,107.050724,1
35,2022-11,E001,AVLA Perú,106585.040000,10852.940000,10085.919817,9.218896,54211.840000,5035.020000,4679.175228,8.450877,2718.443115,2526.319991,7.834519,7.250000,107.604861,1
36,2022-12,E001,AVLA Perú,118889.990000,12304.950000,11345.237943,9.336553,60468.630000,6256.790000,5768.798029,8.660219,4473.389160,4124.491724,8.324698,7.500000,108.459162,1
37,2023-01,E001,AVLA Perú,17968.450000,17968.450000,16529.588344,9.712907,8828.840000,8828.840000,8121.851955,9.002313,2813.173584,2587.902756,7.858603,7.750000,108.704764,1
38,2023-02,E001,AVLA Perú,26492.730000,8524.280000,7818.652550,8.964268,12607.330000,3778.490000,3465.712116,8.150673,2964.280273,2718.901481,7.907983,7.750000,109.024924,1
39,2023-03,E001,AVLA Perú,37496.520000,11003.790000,9967.965207,9.207132,17670.210000,5062.880000,4586.293603,8.430827,3931.787842,3561.675060,8.177986,7.750000,110.391537,1
40,2023-04,E001,AVLA Perú,44618.350000,7121.830000,6415.739848,8.766510,21128.860000,3458.650000,3115.743935,8.044223,2920.156738,2630.639309,7.874982,7.750000,111.005592,1
41,2023-05,E001,AVLA Perú,54448.190000,9829.840000,8827.207307,9.085594,26064.380000,4935.520000,4432.102477,8.396629,2805.053711,2518.941368,7.831594,7.750000,111.358436,1
42,2023-06,E001,AVLA Perú,66977.480000,12529.290000,11268.531331,9.329769,33214.670000,7150.290000,6430.792718,8.768853,2835.707031,2550.364269,7.843991,7.750000,111.188314,1
43,2023-07,E001,AVLA Perú,77311.250000,10333.770000,9257.731466,9.133214,38201.810000,4987.140000,4467.837285,8.404660,4369.121582,3914.172112,8.272359,7.750000,111.623134,1
44,2023-08,E001,AVLA Perú,88475.280000,11164.030000,9964.059776,9.206740,42411.780000,4209.970000,3757.459693,8.231498,2808.223877,2506.380812,7.826595,7.750000,112.042985,1
45,2023-09,E001,AVLA Perú,94314.020000,5838.740000,5210.306071,8.558394,45142.030000,2730.250000,2436.388356,7.798272,2851.333984,2544.439857,7.841666,7.500000,112.061363,1
46,2023-10,E001,AVLA Perú,104604.070000,10290.050000,9212.218253,9.128286,50286.170000,5144.140000,4605.316826,8.434967,2823.048828,2527.348453,7.834926,7.250000,111.700024,1
47,2023-11,E001,AVLA Perú,118389.870000,13785.800000,12361.963285,9.422380,57814.110000,7527.940000,6750.432901,8.817362,2933.125244,2630.183709,7.874809,7.000000,111.517885,1
48,2023-12,E001,AVLA Perú,132038.450000,13648.580000,12189.453641,9.408326,65192.360000,7378.250000,6589.464716,8.793227,4701.770996,4199.119585,8.342630,6.750000,111.970400,1
49,2024-01,E001,AVLA Perú,20770.560000,20770.560000,18546.482344,9.828035,11347.110000,11347.110000,10132.079986,9.223462,3021.898682,2698.318704,7.900384,6.500000,111.991911,1
50,2024-02,E001,AVLA Perú,29745.690000,8975.130000,7969.656039,8.983397,16339.610000,4992.500000,4433.195706,8.396876,3120.777588,2771.160301,7.927021,6.250000,112.616278,1
51,2024-03,E001,AVLA Perú,40423.690000,10678.000000,9387.004353,9.147081,21833.880000,5494.270000,4829.999663,8.482602,4027.672363,3540.717176,8.172085,6.250000,113.753010,1
52,2024-04,E001,AVLA Perú,50284.900000,9861.210000,8673.447920,9.068022,27291.050000,5457.170000,4799.865309,8.476343,3079.103516,2708.231949,7.904051,6.000000,113.694232,1
53,2024-05,E001,AVLA Perú,63367.780000,13082.880000,11517.521654,9.351625,34685.410000,7394.360000,6509.629486,8.781038,3017.898438,2656.808792,7.884881,5.750000,113.591104,1
54,2024-06,E001,AVLA Perú,74195.590000,10827.810000,9520.678700,9.161221,40558.190000,5872.780000,5163.819042,8.549432,3047.427002,2679.542156,7.893401,5.750000,113.729392,1
55,2024-07,E001,AVLA Perú,89619.900000,15424.310000,13530.322115,9.512689,48554.440000,7996.250000,7014.371354,8.855716,4576.685059,4014.702963,8.297719,5.750000,113.998099,1
56,2024-08,E001,AVLA Perú,102380.560000,12760.660000,11162.028868,9.320273,55729.090000,7174.650000,6275.823540,8.744460,2959.672607,2588.890471,7.858985,5.500000,114.322048,1
57,2024-09,E001,AVLA Perú,126948.100000,24567.540000,21540.938229,9.977711,73897.180000,18168.090000,15929.869430,9.675951,2947.731934,2584.585656,7.857320,5.250000,114.050464,1
58,2024-10,E001,AVLA Perú,142240.700000,15292.600000,13421.121389,9.504585,81696.010000,7798.830000,6844.424370,8.831190,2950.953125,2589.821227,7.859344,5.250000,113.944279,1
59,2024-11,E001,AVLA Perú,154918.570000,12677.870000,11115.910987,9.316133,88789.890000,7093.880000,6219.888564,8.735507,2970.694824,2604.694577,7.865071,5.000000,114.051561,1
60,2024-12,E001,AVLA Perú,172647.900000,17729.330000,15528.604249,9.650439,98778.780000,9988.890000,8748.978089,9.076692,4880.891113,4275.030499,8.360547,5.000000,114.172077,1
61,2025-01,E001,AVLA Perú,22354.450000,22354.450000,19597.900624,9.883178,12957.060000,12957.060000,11359.312095,9.337793,3121.322998,2736.429567,7.914409,4.750000,114.065534,1
62,2025-02,E001,AVLA Perú,38921.670000,16567.220000,14497.043494,9.581700,22121.740000,9164.680000,8019.496606,8.989631,3270.431885,2861.771213,7.959196,4.750000,114.279991,1
63,2025-03,E001,AVLA Perú,58321.910000,19400.240000,16839.632289,9.731490,33697.370000,11575.630000,10047.780477,9.215107,4209.702148,3654.070064,8.203597,4.750000,115.205841,1
64,2025-04,E001,AVLA Perú,79255.710000,20933.800000,18113.168183,9.804394,46768.970000,13071.600000,11310.325369,9.333471,3174.904297,2747.115932,7.918307,4.750000,115.572272,1
65,2025-05,E001,AVLA Perú,93289.420000,14033.710000,12149.661610,9.405057,54940.780000,8171.810000,7074.731218,8.864285,3116.688232,2698.267769,7.900365,4.500000,115.507003,1
66,2025-06,E001,AVLA Perú,110677.910000,17388.490000,15034.710327,9.618117,64163.270000,9222.490000,7974.094682,8.983953,3135.407715,2710.985643,7.905068,4.500000,115.655637,1
67,2025-07,E001,AVLA Perú,129752.490000,19074.580000,16454.483266,9.708353,74429.360000,10266.090000,8855.933190,9.088843,4760.717773,4106.782479,8.320395,4.500000,115.923300,1
68,2025-08,E001,AVLA Perú,143132.300000,13379.810000,11575.549076,9.356650,81732.390000,7303.030000,6318.219927,8.751193,3079.415283,2664.157618,7.887643,4.500000,115.586828,1
69,2025-09,E001,AVLA Perú,157021.760000,13889.460000,12015.133117,9.393922,89583.970000,7851.580000,6792.040790,8.823507,3113.536133,2693.376927,7.898551,4.250000,115.599718,1
70,2025-10,E001,AVLA Perú,177691.820000,20670.060000,17898.550221,9.792475,101835.680000,12251.710000,10608.960338,9.269454,3086.611084,2672.748095,7.890862,4.250000,115.484549,1
71,2025-11,E001,AVLA Perú,197538.520000,19846.700000,17166.571586,9.750719,113605.380000,11769.700000,10180.301894,9.228210,3102.256348,2683.322954,7.894811,4.250000,115.612485,1
72,2025-12,E001,AVLA Perú,222187.260000,24648.740000,21268.219286,9.964969,131659.490000,18054.110000,15578.028349,9.653617,5077.461914,4381.099131,8.385055,4.250000,115.894705,1
73,2020-01,E002,Cardif,32257.530000,32257.530000,34990.432813,10.462830,1556.610000,1556.610000,1688.488165,7.431589,2579.547363,2798.090204,7.936692,2.250000,92.189571,1
74,2020-02,E002,Cardif,65252.790000,32995.260000,35739.852250,10.484022,3017.460000,1460.850000,1582.365563,7.366676,2684.386963,2907.678055,7.975110,2.250000,92.320639,1
75,2020-03,E002,Cardif,90658.380000,25405.590000,27342.231983,10.216188,3848.910000,831.450000,894.830578,6.796634,3197.239014,3440.961254,8.143506,1.250000,92.917030,1
76,2020-04,E002,Cardif,108486.360000,17827.980000,19166.943266,9.860942,3988.650000,139.740000,150.235116,5.012202,2519.562744,2708.793490,7.904259,0.250000,93.014206,1
77,2020-05,E002,Cardif,127660.540000,19174.180000,20572.250092,9.931698,4338.080000,349.430000,374.908411,5.926682,2345.649414,2516.680576,7.830696,0.250000,93.204097,1
78,2020-06,E002,Cardif,146670.050000,19009.510000,20449.990091,9.925738,4804.630000,466.550000,501.903672,6.218408,2360.650879,2539.533480,7.839736,0.250000,92.956084,1
79,2020-07,E002,Cardif,169163.020000,22492.970000,24085.972588,10.089385,5404.030000,599.400000,641.850852,6.464356,3773.146729,4040.369443,8.304091,0.250000,93.386181,1
80,2020-08,E002,Cardif,191768.300000,22605.280000,24232.950788,10.095469,6057.490000,653.460000,700.511740,6.551811,2380.944824,2552.382397,7.844782,0.250000,93.283233,1
81,2020-09,E002,Cardif,213967.750000,22199.450000,23765.494206,10.075990,6687.970000,630.480000,674.956757,6.514649,2445.110840,2617.599422,7.870013,0.250000,93.410429,1
82,2020-10,E002,Cardif,236158.530000,22190.780000,23752.228020,10.075432,7373.080000,685.110000,733.317573,6.597579,2421.107178,2591.467706,7.859980,0.250000,93.426099,1
83,2020-11,E002,Cardif,249863.260000,13704.730000,14593.105355,9.588304,7245.250000,-127.830000,-136.116265,,2434.410645,2592.215316,7.860268,0.250000,93.912362,0
84,2020-12,E002,Cardif,273424.710000,23561.450000,25076.542456,10.129688,8444.650000,1199.400000,1276.526064,7.151898,4193.692871,4463.363559,8.403658,0.250000,93.958129,1
85,2021-01,E002,Cardif,27557.120000,27557.120000,29112.869503,10.278936,3251.420000,3251.420000,3434.980367,8.141766,2628.593994,2776.992441,7.929124,0.250000,94.656145,1
86,2021-02,E002,Cardif,63627.430000,36070.310000,38154.469854,10.549398,6542.070000,3290.650000,3480.785339,8.155013,2693.624268,2849.263173,7.954816,0.250000,94.537574,1
87,2021-03,E002,Cardif,100687.030000,37059.600000,38874.581536,10.568096,11911.830000,5369.760000,5632.742203,8.636352,3294.463623,3455.808879,8.147812,0.250000,95.331187,1
88,2021-04,E002,Cardif,144214.450000,43527.420000,45707.012356,10.730007,17384.150000,5472.320000,5746.340993,8.656319,2720.330566,2856.548420,7.957369,0.250000,95.231383,1
89,2021-05,E002,Cardif,182324.050000,38109.600000,39911.513255,10.594420,22238.130000,4853.980000,5083.487812,8.533753,2688.385254,2815.498554,7.942895,0.250000,95.485229,1
90,2021-06,E002,Cardif,222099.490000,39775.440000,41440.762278,10.632020,27086.620000,4848.490000,5051.487086,8.527438,2684.098145,2796.476246,7.936115,0.250000,95.981439,1
91,2021-07,E002,Cardif,258437.620000,36338.130000,37481.893900,10.531613,31669.530000,4582.910000,4727.159773,8.461080,4048.886230,4176.327293,8.337188,0.250000,96.948490,1
92,2021-08,E002,Cardif,303228.980000,44791.360000,45750.580636,10.730960,37354.180000,5684.650000,5806.388514,8.666714,2547.848389,2602.411339,7.864194,0.500000,97.903369,1
93,2021-09,E002,Cardif,346653.310000,43424.330000,44177.379098,10.695968,42901.570000,5547.390000,5643.590840,8.638276,2605.622803,2650.808575,7.882620,1.000000,98.295397,1
94,2021-10,E002,Cardif,392147.540000,45494.230000,46014.603392,10.736714,48770.600000,5869.030000,5936.161305,8.688818,2559.100098,2588.371669,7.858784,1.500000,98.869113,1
95,2021-11,E002,Cardif,439373.920000,47226.380000,47596.084759,10.770506,54722.160000,5951.560000,5998.150911,8.699207,2650.858398,2671.610253,7.890437,2.000000,99.223245,1
96,2021-12,E002,Cardif,488256.490000,48882.570000,48882.570000,10.797176,60794.300000,6072.140000,6072.140000,8.711466,4369.076172,4369.076172,8.382307,2.500000,100.000000,1
97,2022-01,E002,Cardif,45762.040000,45762.040000,45744.991756,10.730838,5609.520000,5609.520000,5607.430223,8.631848,2705.242188,2704.234373,7.902574,3.000000,100.037268,1
98,2022-02,E002,Cardif,90539.630000,44777.590000,44621.930856,10.705981,7807.390000,2197.870000,2190.229603,7.691762,2838.450928,2828.583696,7.947531,3.500000,100.348840,1
99,2022-03,E002,Cardif,138167.100000,47627.470000,46768.486307,10.752965,10310.710000,2503.320000,2458.171453,7.807173,3935.511230,3864.532445,8.259596,4.000000,101.836672,1
100,2022-04,E002,Cardif,186129.060000,47961.960000,46648.237411,10.750390,12071.900000,1761.190000,1712.949372,7.445972,2773.888428,2697.909050,7.900232,4.500000,102.816232,1
101,2022-05,E002,Cardif,235461.450000,49332.390000,47797.575438,10.774730,14572.450000,2500.550000,2422.753636,7.792660,2741.049072,2655.770373,7.884490,5.000000,103.211072,1
102,2022-06,E002,Cardif,287081.750000,51620.300000,49425.827369,10.808228,17082.060000,2509.610000,2402.921925,7.784441,2748.454346,2631.612564,7.875352,5.500000,104.439931,1
103,2022-07,E002,Cardif,333656.250000,46574.500000,44178.858542,10.696002,19262.790000,2180.730000,2068.560311,7.634608,4209.761719,3993.225208,8.292355,6.000000,105.422597,1
104,2022-08,E002,Cardif,382971.390000,49315.140000,46468.794811,10.746536,21509.010000,2246.220000,2116.573861,7.657554,2697.882324,2542.167378,7.840772,6.500000,106.125283,1
105,2022-09,E002,Cardif,443207.140000,60235.750000,56464.037552,10.941359,24801.000000,3291.990000,3085.859261,8.034585,2729.158447,2558.269882,7.847086,6.750000,106.679849,1
106,2022-10,E002,Cardif,496585.310000,53378.170000,49862.502565,10.817025,27581.300000,2780.300000,2597.180006,7.862182,2658.610107,2483.505023,7.817426,7.000000,107.050724,1
107,2022-11,E002,Cardif,551208.720000,54623.410000,50762.957633,10.834922,30444.000000,2862.700000,2660.381672,7.886225,2718.443115,2526.319991,7.834519,7.250000,107.604861,1
108,2022-12,E002,Cardif,607784.450000,56575.730000,52163.163496,10.862132,33284.550000,2840.550000,2619.004193,7.870549,4473.389160,4124.491724,8.324698,7.500000,108.459162,1
109,2023-01,E002,Cardif,56338.160000,56338.160000,51826.762625,10.855662,1731.020000,1731.020000,1592.404911,7.373001,2813.173584,2587.902756,7.858603,7.750000,108.704764,1
110,2023-02,E002,Cardif,112253.250000,55915.090000,51286.520502,10.845183,3617.090000,1886.070000,1729.943880,7.455844,2964.280273,2718.901481,7.907983,7.750000,109.024924,1
111,2023-03,E002,Cardif,167750.130000,55496.880000,50272.766834,10.825219,5556.820000,1939.730000,1757.136509,7.471441,3931.787842,3561.675060,8.177986,7.750000,110.391537,1
112,2023-04,E002,Cardif,222958.950000,55208.820000,49735.170098,10.814468,7440.230000,1883.410000,1696.680290,7.436429,2920.156738,2630.639309,7.874982,7.750000,111.005592,1
113,2023-05,E002,Cardif,279440.540000,56481.590000,50720.530953,10.834086,9289.570000,1849.340000,1660.709387,7.415000,2805.053711,2518.941368,7.831594,7.750000,111.358436,1
114,2023-06,E002,Cardif,334876.680000,55436.140000,49857.883446,10.816932,11538.450000,2248.880000,2022.586654,7.612132,2835.707031,2550.364269,7.843991,7.750000,111.188314,1
115,2023-07,E002,Cardif,390651.010000,55774.330000,49966.640428,10.819111,13341.710000,1803.260000,1615.489492,7.387393,4369.121582,3914.172112,8.272359,7.750000,111.623134,1
116,2023-08,E002,Cardif,440110.010000,49459.000000,44142.879628,10.695187,15342.600000,2000.890000,1785.823539,7.487635,2808.223877,2506.380812,7.826595,7.750000,112.042985,1
117,2023-09,E002,Cardif,497165.320000,57055.310000,50914.345920,10.837900,17533.260000,2190.660000,1954.875384,7.578082,2851.333984,2544.439857,7.841666,7.500000,112.061363,1
118,2023-10,E002,Cardif,550054.880000,52889.560000,47349.640677,10.765315,19634.350000,2101.090000,1881.011234,7.539565,2823.048828,2527.348453,7.834926,7.250000,111.700024,1
119,2023-11,E002,Cardif,603604.130000,53549.250000,48018.530839,10.779342,21625.930000,1991.580000,1785.883941,7.487669,2933.125244,2630.183709,7.874809,7.000000,111.517885,1
120,2023-12,E002,Cardif,652960.980000,49356.850000,44080.265856,10.693767,23390.740000,1764.810000,1576.139766,7.362734,4701.770996,4199.119585,8.342630,6.750000,111.970400,1
121,2024-01,E002,Cardif,52276.240000,52276.240000,46678.585563,10.751041,2364.110000,2364.110000,2110.964961,7.654900,3021.898682,2698.318704,7.900384,6.500000,111.991911,1
122,2024-02,E002,Cardif,108574.640000,56298.400000,49991.352049,10.819605,4637.120000,2273.010000,2018.367185,7.610044,3120.777588,2771.160301,7.927021,6.250000,112.616278,1
123,2024-03,E002,Cardif,160080.790000,51506.150000,45278.933718,10.720597,6937.430000,2300.310000,2022.197039,7.611940,4027.672363,3540.717176,8.172085,6.250000,113.753010,1
124,2024-04,E002,Cardif,215087.870000,55007.080000,48381.592480,10.786875,9250.480000,2313.050000,2034.447974,7.617980,3079.103516,2708.231949,7.904051,6.000000,113.694232,1
125,2024-05,E002,Cardif,269850.090000,54762.220000,48209.954892,10.783321,11550.170000,2299.690000,2024.533541,7.613095,3017.898438,2656.808792,7.884881,5.750000,113.591104,1
126,2024-06,E002,Cardif,318344.740000,48494.650000,42640.384466,10.660557,13934.090000,2383.920000,2096.133601,7.647850,3047.427002,2679.542156,7.893401,5.750000,113.729392,1
127,2024-07,E002,Cardif,366474.840000,48130.100000,42220.090003,10.650651,16512.410000,2578.320000,2261.721926,7.723882,4576.685059,4014.702963,8.297719,5.750000,113.998099,1
128,2024-08,E002,Cardif,407330.970000,40856.130000,35737.752004,10.483963,18898.900000,2386.490000,2087.515087,7.643730,2959.672607,2588.890471,7.858985,5.500000,114.322048,1
129,2024-09,E002,Cardif,446913.520000,39582.550000,34706.171822,10.454673,21291.220000,2392.320000,2097.597779,7.648548,2947.731934,2584.585656,7.857320,5.250000,114.050464,1
130,2024-10,E002,Cardif,489344.850000,42431.330000,37238.666454,10.525103,23601.860000,2310.640000,2027.868376,7.614740,2950.953125,2589.821227,7.859344,5.250000,113.944279,1
131,2024-11,E002,Cardif,534230.480000,44885.630000,39355.559544,10.580393,25872.170000,2270.310000,1990.599673,7.596191,2970.694824,2604.694577,7.865071,5.000000,114.051561,1
132,2024-12,E002,Cardif,579674.630000,45444.150000,39803.208625,10.591703,28003.530000,2131.360000,1866.796204,7.531979,4880.891113,4275.030499,8.360547,5.000000,114.172077,1
133,2025-01,E002,Cardif,43154.720000,43154.720000,37833.268724,10.540944,2245.170000,2245.170000,1968.315863,7.584934,3121.322998,2736.429567,7.914409,4.750000,114.065534,1
134,2025-02,E002,Cardif,85134.920000,41980.200000,36734.514619,10.511472,4759.810000,2514.640000,2200.420194,7.696404,3270.431885,2861.771213,7.959196,4.750000,114.279991,1
135,2025-03,E002,Cardif,132849.850000,47714.930000,41417.110093,10.631449,8262.130000,3502.320000,3040.054193,8.019631,4209.702148,3654.070064,8.203597,4.750000,115.205841,1
136,2025-04,E002,Cardif,174457.120000,41607.270000,36001.083374,10.491304,10089.120000,1826.990000,1580.820355,7.365699,3174.904297,2747.115932,7.918307,4.750000,115.572272,1
137,2025-05,E002,Cardif,213249.150000,38792.030000,33584.136886,10.421809,11909.860000,1820.740000,1576.302694,7.362837,3116.688232,2698.267769,7.900365,4.500000,115.507003,1
138,2025-06,E002,Cardif,253994.860000,40745.710000,35230.198075,10.469659,13741.950000,1832.090000,1584.090536,7.367766,3135.407715,2710.985643,7.905068,4.500000,115.655637,1
139,2025-07,E002,Cardif,298759.280000,44764.420000,38615.550109,10.561410,15538.220000,1796.270000,1549.533183,7.345709,4760.717773,4106.782479,8.320395,4.500000,115.923300,1
140,2025-08,E002,Cardif,342757.790000,43998.510000,38065.332150,10.547059,17247.270000,1709.050000,1478.585432,7.298841,3079.415283,2664.157618,7.887643,4.500000,115.586828,1
141,2025-09,E002,Cardif,383263.600000,40505.810000,35039.713505,10.464237,21256.010000,4008.740000,3467.776626,8.151269,3113.536133,2693.376927,7.898551,4.250000,115.599718,1
142,2025-10,E002,Cardif,425976.320000,42712.720000,36985.657709,10.518285,22991.410000,1735.400000,1502.711848,7.315027,3086.611084,2672.748095,7.890862,4.250000,115.484549,1
143,2025-11,E002,Cardif,466927.120000,40950.800000,35420.741973,10.475053,24725.320000,1733.910000,1499.760169,7.313060,3102.256348,2683.322954,7.894811,4.250000,115.612485,1
144,2025-12,E002,Cardif,510265.220000,43338.100000,37394.374488,10.529276,28701.190000,3975.870000,3430.588136,8.140487,5077.461914,4381.099131,8.385055,4.250000,115.894705,1
145,2020-01,E003,Chubb Seguros,17884.560000,17884.560000,19399.764801,9.873016,9738.870000,9738.870000,10563.960614,9.265204,2579.547363,2798.090204,7.936692,2.250000,92.189571,1
146,2020-02,E003,Chubb Seguros,36654.140000,18769.580000,20330.860129,9.919895,19049.300000,9310.430000,10084.884695,9.218793,2684.386963,2907.678055,7.975110,2.250000,92.320639,1
147,2020-03,E003,Chubb Seguros,83808.090000,47153.950000,50748.447086,10.834636,55175.400000,36126.100000,38879.955428,10.568234,3197.239014,3440.961254,8.143506,1.250000,92.917030,1
148,2020-04,E003,Chubb Seguros,95804.430000,11996.340000,12897.320290,9.464775,60147.700000,4972.300000,5345.742591,8.584056,2519.562744,2708.793490,7.904259,0.250000,93.014206,1
149,2020-05,E003,Chubb Seguros,107469.040000,11664.610000,12515.125765,9.434693,67230.380000,7082.680000,7599.107982,8.935786,2345.649414,2516.680576,7.830696,0.250000,93.204097,1
150,2020-06,E003,Chubb Seguros,118052.780000,10583.740000,11385.742090,9.340117,73558.000000,6327.620000,6807.106880,8.825722,2360.650879,2539.533480,7.839736,0.250000,92.956084,1
151,2020-07,E003,Chubb Seguros,135187.660000,17134.880000,18348.410636,9.817298,85268.880000,11710.880000,12540.270790,9.436700,3773.146729,4040.369443,8.304091,0.250000,93.386181,1
152,2020-08,E003,Chubb Seguros,148161.810000,12974.150000,13908.340816,9.540244,91468.510000,6199.630000,6646.028215,8.801775,2380.944824,2552.382397,7.844782,0.250000,93.283233,1
153,2020-09,E003,Chubb Seguros,158141.460000,9979.650000,10683.657219,9.276470,97783.490000,6314.980000,6760.465714,8.818847,2445.110840,2617.599422,7.870013,0.250000,93.410429,1
154,2020-10,E003,Chubb Seguros,177627.400000,19485.940000,20857.062711,9.945448,109587.520000,11804.030000,12634.617265,9.444196,2421.107178,2591.467706,7.859980,0.250000,93.426099,1
155,2020-11,E003,Chubb Seguros,200156.600000,22529.200000,23989.599880,10.085376,124525.090000,14937.570000,15905.861170,9.674443,2434.410645,2592.215316,7.860268,0.250000,93.912362,1
156,2020-12,E003,Chubb Seguros,236977.010000,36820.410000,39188.104918,10.576129,155198.790000,30673.700000,32646.137667,10.393482,4193.692871,4463.363559,8.403658,0.250000,93.958129,1
157,2021-01,E003,Chubb Seguros,17080.600000,17080.600000,18044.892893,9.800618,12151.490000,12151.490000,12837.507789,9.460126,2628.593994,2776.992441,7.929124,0.250000,94.656145,1
158,2021-02,E003,Chubb Seguros,32925.490000,15844.890000,16760.415362,9.726775,19955.360000,7803.870000,8254.781361,9.018548,2693.624268,2849.263173,7.954816,0.250000,94.537574,1
159,2021-03,E003,Chubb Seguros,51548.160000,18622.670000,19534.709045,9.879948,29058.890000,9103.530000,9549.372342,9.164231,3294.463623,3455.808879,8.147812,0.250000,95.331187,1
160,2021-04,E003,Chubb Seguros,72829.590000,21281.430000,22347.076485,10.014451,40295.800000,11236.910000,11799.587116,9.375820,2720.330566,2856.548420,7.957369,0.250000,95.231383,1
161,2021-05,E003,Chubb Seguros,91603.550000,18773.960000,19661.637839,9.886425,46092.850000,5797.050000,6071.148422,8.711303,2688.385254,2815.498554,7.942895,0.250000,95.485229,1
162,2021-06,E003,Chubb Seguros,112978.990000,21375.440000,22270.389155,10.011013,57747.190000,11654.340000,12142.285125,9.404449,2684.098145,2796.476246,7.936115,0.250000,95.981439,1
163,2021-07,E003,Chubb Seguros,131735.790000,18756.800000,19347.181253,9.870302,68151.390000,10404.200000,10731.678282,9.280955,4048.886230,4176.327293,8.337188,0.250000,96.948490,1
164,2021-08,E003,Chubb Seguros,148100.580000,16364.790000,16715.246969,9.724077,75596.330000,7444.940000,7604.375661,8.936479,2547.848389,2602.411339,7.864194,0.500000,97.903369,1
165,2021-09,E003,Chubb Seguros,164311.830000,16211.250000,16492.379661,9.710654,81611.400000,6015.070000,6119.381178,8.719216,2605.622803,2650.808575,7.882620,1.000000,98.295397,1
166,2021-10,E003,Chubb Seguros,185120.540000,20808.710000,21046.724777,9.954500,94524.620000,12913.220000,13060.924359,9.477380,2559.100098,2588.371669,7.858784,1.500000,98.869113,1
167,2021-11,E003,Chubb Seguros,206672.710000,21552.170000,21720.887988,9.986030,109329.330000,14804.710000,14920.606491,9.610499,2650.858398,2671.610253,7.890437,2.000000,99.223245,1
168,2021-12,E003,Chubb Seguros,260185.480000,53512.770000,53512.770000,10.887676,145916.710000,36587.380000,36587.380000,10.507459,4369.076172,4369.076172,8.382307,2.500000,100.000000,1
169,2022-01,E003,Chubb Seguros,26000.710000,26000.710000,25991.023665,10.165507,16097.920000,16097.920000,16091.922862,9.686073,2705.242188,2704.234373,7.902574,3.000000,100.037268,1
170,2022-02,E003,Chubb Seguros,44628.800000,18628.090000,18563.333667,9.828944,27497.180000,11399.260000,11359.633056,9.337821,2838.450928,2828.583696,7.947531,3.500000,100.348840,1
171,2022-03,E003,Chubb Seguros,62052.270000,17423.470000,17109.229571,9.747373,37819.400000,10322.220000,10136.053935,9.223854,3935.511230,3864.532445,8.259596,4.000000,101.836672,1
172,2022-04,E003,Chubb Seguros,82121.280000,20069.010000,19519.301194,9.879159,45788.110000,7968.710000,7750.439639,8.955505,2773.888428,2697.909050,7.900232,4.500000,102.816232,1
173,2022-05,E003,Chubb Seguros,99323.540000,17202.260000,16667.068432,9.721190,53912.480000,8124.370000,7871.607031,8.971018,2741.049072,2655.770373,7.884490,5.000000,103.211072,1
174,2022-06,E003,Chubb Seguros,116560.650000,17237.110000,16504.329173,9.711378,64947.820000,11035.340000,10566.207670,9.265416,2748.454346,2631.612564,7.875352,5.500000,104.439931,1
175,2022-07,E003,Chubb Seguros,134511.880000,17951.230000,17027.876860,9.742607,73961.160000,9013.340000,8549.722978,9.053654,4209.761719,3993.225208,8.292355,6.000000,105.422597,1
176,2022-08,E003,Chubb Seguros,153353.660000,18841.780000,17754.280099,9.784382,82405.020000,8443.860000,7956.501751,8.981745,2697.882324,2542.167378,7.840772,6.500000,106.125283,1
177,2022-09,E003,Chubb Seguros,172996.960000,19643.300000,18413.318152,9.820829,91839.920000,9434.900000,8844.125754,9.087509,2729.158447,2558.269882,7.847086,6.750000,106.679849,1
178,2022-10,E003,Chubb Seguros,195725.050000,22728.090000,21231.140856,9.963224,104404.500000,12564.580000,11737.034119,9.370504,2658.610107,2483.505023,7.817426,7.000000,107.050724,1
179,2022-11,E003,Chubb Seguros,224669.420000,28944.370000,26898.756925,10.199835,123982.260000,19577.760000,18194.122290,9.808854,2718.443115,2526.319991,7.834519,7.250000,107.604861,1
180,2022-12,E003,Chubb Seguros,283001.490000,58332.070000,53782.519544,10.892704,163022.630000,39040.370000,35995.456059,10.491148,4473.389160,4124.491724,8.324698,7.500000,108.459162,1
181,2023-01,E003,Chubb Seguros,21671.290000,21671.290000,19935.915596,9.900278,12082.470000,12082.470000,11114.940648,9.316045,2813.173584,2587.902756,7.858603,7.750000,108.704764,1
182,2023-02,E003,Chubb Seguros,43792.120000,22120.830000,20289.699996,9.917869,27265.000000,15182.530000,13925.742338,9.541494,2964.280273,2718.901481,7.907983,7.750000,109.024924,1
183,2023-03,E003,Chubb Seguros,62221.640000,18429.520000,16694.685572,9.722846,37429.790000,10164.790000,9207.943178,9.127822,3931.787842,3561.675060,8.177986,7.750000,110.391537,1
184,2023-04,E003,Chubb Seguros,85315.050000,23093.410000,20803.825811,9.942892,47341.720000,9911.930000,8929.216827,9.097084,2920.156738,2630.639309,7.874982,7.750000,111.005592,1
185,2023-05,E003,Chubb Seguros,119214.560000,33899.510000,30441.797872,10.323572,58043.690000,10701.970000,9610.381022,9.170599,2805.053711,2518.941368,7.831594,7.750000,111.358436,1
186,2023-06,E003,Chubb Seguros,145299.630000,26085.070000,23460.262200,10.063063,70155.480000,12111.790000,10893.042231,9.295880,2835.707031,2550.364269,7.843991,7.750000,111.188314,1
187,2023-07,E003,Chubb Seguros,167302.950000,22003.320000,19712.150350,9.888990,79859.200000,9703.720000,8693.287540,9.070306,4369.121582,3914.172112,8.272359,7.750000,111.623134,1
188,2023-08,E003,Chubb Seguros,184103.420000,16800.470000,14994.664771,9.615450,90067.810000,10208.610000,9111.333476,9.117274,2808.223877,2506.380812,7.826595,7.750000,112.042985,1
189,2023-09,E003,Chubb Seguros,197484.970000,13381.550000,11941.270070,9.387756,98521.140000,8453.330000,7543.483118,8.928439,2851.333984,2544.439857,7.841666,7.500000,112.061363,1
190,2023-10,E003,Chubb Seguros,217084.400000,19599.430000,17546.486830,9.772609,111572.480000,13051.340000,11684.276809,9.365999,2823.048828,2527.348453,7.834926,7.250000,111.700024,1
191,2023-11,E003,Chubb Seguros,236359.710000,19275.310000,17284.501047,9.757565,123509.560000,11937.080000,10704.184356,9.278390,2933.125244,2630.183709,7.874809,7.000000,111.517885,1
192,2023-12,E003,Chubb Seguros,273943.250000,37583.540000,33565.603052,10.421257,148835.760000,25326.200000,22618.656359,10.026530,4701.770996,4199.119585,8.342630,6.750000,111.970400,1
193,2024-01,E003,Chubb Seguros,7977.630000,7977.630000,7123.398403,8.871140,10253.940000,10253.940000,9155.964845,9.122161,3021.898682,2698.318704,7.900384,6.500000,111.991911,1
194,2024-02,E003,Chubb Seguros,25317.090000,17339.460000,15396.939331,9.641924,22238.910000,11984.970000,10642.306967,9.272593,3120.777588,2771.160301,7.927021,6.250000,112.616278,1
195,2024-03,E003,Chubb Seguros,47518.610000,22201.520000,19517.303322,9.879057,36546.980000,14308.070000,12578.190239,9.439720,4027.672363,3540.717176,8.172085,6.250000,113.753010,1
196,2024-04,E003,Chubb Seguros,63280.590000,15761.980000,13863.482538,9.537014,46850.210000,10303.230000,9062.227537,9.111870,3079.103516,2708.231949,7.904051,6.000000,113.694232,1
197,2024-05,E003,Chubb Seguros,84600.410000,21319.820000,18768.916974,9.839957,58104.560000,11254.350000,9907.774116,9.201075,3017.898438,2656.808792,7.884881,5.750000,113.591104,1
198,2024-06,E003,Chubb Seguros,106820.040000,22219.630000,19537.280213,9.880080,72562.500000,14457.940000,12712.580051,9.450347,3047.427002,2679.542156,7.893401,5.750000,113.729392,1
199,2024-07,E003,Chubb Seguros,124127.870000,17307.830000,15182.560193,9.627903,83695.090000,11132.590000,9765.592670,9.186621,4576.685059,4014.702963,8.297719,5.750000,113.998099,1
200,2024-08,E003,Chubb Seguros,139435.130000,15307.260000,13389.595680,9.502233,91365.450000,7670.360000,6709.431937,8.811270,2959.672607,2588.890471,7.858985,5.500000,114.322048,1
201,2024-09,E003,Chubb Seguros,154709.770000,15274.640000,13392.878437,9.502478,104940.620000,13575.170000,11902.774898,9.384527,2947.731934,2584.585656,7.857320,5.250000,114.050464,1
202,2024-10,E003,Chubb Seguros,175265.720000,20555.950000,18040.352864,9.800366,117859.060000,12918.440000,11337.506467,9.335872,2950.953125,2589.821227,7.859344,5.250000,113.944279,1
203,2024-11,E003,Chubb Seguros,192305.490000,17039.770000,14940.409277,9.611825,126427.650000,8568.590000,7512.909008,8.924378,2970.694824,2604.694577,7.865071,5.000000,114.051561,1
204,2024-12,E003,Chubb Seguros,228492.440000,36186.950000,31695.096516,10.363917,151617.520000,25189.870000,22063.074144,10.001661,4880.891113,4275.030499,8.360547,5.000000,114.172077,1
205,2025-01,E003,Chubb Seguros,15634.010000,15634.010000,13706.164739,9.525601,17256.450000,17256.450000,15128.540055,9.624338,3121.322998,2736.429567,7.914409,4.750000,114.065534,1
206,2025-02,E003,Chubb Seguros,39889.230000,24255.220000,21224.380390,9.962906,33119.640000,15863.190000,13880.986392,9.538275,3270.431885,2861.771213,7.959196,4.750000,114.279991,1
207,2025-03,E003,Chubb Seguros,54069.070000,14179.840000,12308.264821,9.418026,42486.270000,9366.630000,8130.342975,9.003358,4209.702148,3654.070064,8.203597,4.750000,115.205841,1
208,2025-04,E003,Chubb Seguros,78115.810000,24046.740000,20806.668921,9.943029,54547.990000,12061.720000,10436.517160,9.253066,3174.904297,2747.115932,7.918307,4.750000,115.572272,1
209,2025-05,E003,Chubb Seguros,97010.530000,18894.720000,16358.073112,9.702477,65962.020000,11414.030000,9881.677910,9.198438,3116.688232,2698.267769,7.900365,4.500000,115.507003,1
210,2025-06,E003,Chubb Seguros,120119.170000,23108.640000,19980.556590,9.902515,82115.560000,16153.540000,13966.928391,9.544448,3135.407715,2710.985643,7.905068,4.500000,115.655637,1
211,2025-07,E003,Chubb Seguros,140861.050000,20741.880000,17892.761852,9.792152,92972.920000,10857.360000,9365.985958,9.144840,4760.717773,4106.782479,8.320395,4.500000,115.923300,1
212,2025-08,E003,Chubb Seguros,160571.020000,19709.970000,17052.090053,9.744028,108430.750000,15457.830000,13373.349081,9.501019,3079.415283,2664.157618,7.887643,4.500000,115.586828,1
213,2025-09,E003,Chubb Seguros,170450.330000,9879.310000,8546.136765,9.053235,117480.450000,9049.700000,7828.479305,8.965524,3113.536133,2693.376927,7.898551,4.250000,115.599718,1
214,2025-10,E003,Chubb Seguros,201917.640000,31467.310000,27248.069350,10.212738,139270.990000,21790.540000,18868.792569,9.845265,3086.611084,2672.748095,7.890862,4.250000,115.484549,1
215,2025-11,E003,Chubb Seguros,222344.510000,20426.870000,17668.394551,9.779533,152419.640000,13148.650000,11373.036398,9.339001,3102.256348,2683.322954,7.894811,4.250000,115.612485,1
216,2025-12,E003,Chubb Seguros,248675.980000,26331.470000,22720.166551,10.031008,178321.920000,25902.280000,22349.839020,10.014574,5077.461914,4381.099131,8.385055,4.250000,115.894705,1
217,2020-01,E004,Coface Seguros,-15.510000,-15.510000,-16.824029,,-4.710000,-4.710000,-5.109038,,2579.547363,2798.090204,7.936692,2.250000,92.189571,0
218,2020-02,E004,Coface Seguros,-15.510000,0.000000,0.000000,,-10.260000,-5.550000,-6.011657,,2684.386963,2907.678055,7.975110,2.250000,92.320639,0
219,2020-03,E004,Coface Seguros,-15.510000,0.000000,0.000000,,-10.260000,0.000000,0.000000,,3197.239014,3440.961254,8.143506,1.250000,92.917030,0
220,2020-04,E004,Coface Seguros,-15.510000,0.000000,0.000000,,-10.260000,0.000000,0.000000,,2519.562744,2708.793490,7.904259,0.250000,93.014206,0
221,2020-05,E004,Coface Seguros,-15.510000,0.000000,0.000000,,-10.260000,0.000000,0.000000,,2345.649414,2516.680576,7.830696,0.250000,93.204097,0
222,2020-06,E004,Coface Seguros,-47.290000,-31.780000,-34.188187,,-21.820000,-11.560000,-12.435980,,2360.650879,2539.533480,7.839736,0.250000,92.956084,0
223,2020-07,E004,Coface Seguros,-100.210000,-52.920000,-56.667913,,-40.260000,-18.440000,-19.745962,,3773.146729,4040.369443,8.304091,0.250000,93.386181,0
224,2020-08,E004,Coface Seguros,-100.210000,0.000000,0.000000,,-40.260000,0.000000,0.000000,,2380.944824,2552.382397,7.844782,0.250000,93.283233,0
225,2020-09,E004,Coface Seguros,-100.210000,0.000000,0.000000,,-40.260000,0.000000,0.000000,,2445.110840,2617.599422,7.870013,0.250000,93.410429,0
226,2020-10,E004,Coface Seguros,-100.210000,0.000000,0.000000,,-40.260000,0.000000,0.000000,,2421.107178,2591.467706,7.859980,0.250000,93.426099,0
227,2020-11,E004,Coface Seguros,-97.050000,3.160000,3.364839,1.213380,-39.030000,1.230000,1.309732,0.269822,2434.410645,2592.215316,7.860268,0.250000,93.912362,1
228,2020-12,E004,Coface Seguros,-97.050000,0.000000,0.000000,,-39.030000,0.000000,0.000000,,4193.692871,4463.363559,8.403658,0.250000,93.958129,0
229,2020-01,E005,Crecer Seguros,9408.290000,9408.290000,10205.373416,9.230670,325.490000,325.490000,353.065966,5.866655,2579.547363,2798.090204,7.936692,2.250000,92.189571,1
230,2020-02,E005,Crecer Seguros,18429.450000,9021.160000,9771.552809,9.187231,636.270000,310.780000,336.631119,5.818988,2684.386963,2907.678055,7.975110,2.250000,92.320639,1
231,2020-03,E005,Crecer Seguros,26215.060000,7785.610000,8379.099039,9.033496,991.860000,355.590000,382.696260,5.947242,3197.239014,3440.961254,8.143506,1.250000,92.917030,1
232,2020-04,E005,Crecer Seguros,33482.900000,7267.840000,7813.688199,8.963632,1223.340000,231.480000,248.865212,5.516911,2519.562744,2708.793490,7.904259,0.250000,93.014206,1
233,2020-05,E005,Crecer Seguros,41090.680000,7607.780000,8162.495231,9.007305,1522.820000,299.480000,321.316346,5.772426,2345.649414,2516.680576,7.830696,0.250000,93.204097,1
234,2020-06,E005,Crecer Seguros,49435.100000,8344.420000,8976.733557,9.102391,1890.010000,367.190000,395.014488,5.978922,2360.650879,2539.533480,7.839736,0.250000,92.956084,1
235,2020-07,E005,Crecer Seguros,58756.220000,9321.120000,9981.262626,9.208465,2417.710000,527.700000,565.072898,6.336955,3773.146729,4040.369443,8.304091,0.250000,93.386181,1
236,2020-08,E005,Crecer Seguros,68913.290000,10157.070000,10888.419761,9.295455,3111.980000,694.270000,744.260223,6.612391,2380.944824,2552.382397,7.844782,0.250000,93.283233,1
237,2020-09,E005,Crecer Seguros,78917.750000,10004.460000,10710.217423,9.278953,3898.330000,786.350000,841.822494,6.735569,2445.110840,2617.599422,7.870013,0.250000,93.410429,1
238,2020-10,E005,Crecer Seguros,90336.990000,11419.240000,12222.751625,9.411054,4730.520000,832.190000,890.746816,6.792060,2421.107178,2591.467706,7.859980,0.250000,93.426099,1
239,2020-11,E005,Crecer Seguros,106868.490000,16531.500000,17603.113755,9.775831,6019.710000,1289.190000,1372.758565,7.224578,2434.410645,2592.215316,7.860268,0.250000,93.912362,1
240,2020-12,E005,Crecer Seguros,127515.930000,20647.440000,21975.150331,9.997668,7360.350000,1340.640000,1426.848342,7.263223,4193.692871,4463.363559,8.403658,0.250000,93.958129,1
241,2021-01,E005,Crecer Seguros,12519.410000,12519.410000,13226.198877,9.489955,1093.900000,1093.900000,1155.656613,7.052424,2628.593994,2776.992441,7.929124,0.250000,94.656145,1
242,2021-02,E005,Crecer Seguros,27457.760000,14938.350000,15801.495045,9.667860,2046.390000,952.490000,1007.525330,6.915252,2693.624268,2849.263173,7.954816,0.250000,94.537574,1
243,2021-03,E005,Crecer Seguros,41593.110000,14135.350000,14827.624046,9.604247,3104.740000,1058.350000,1110.182338,7.012280,3294.463623,3455.808879,8.147812,0.250000,95.331187,1
244,2021-04,E005,Crecer Seguros,52973.240000,11380.130000,11949.978715,9.388485,3892.540000,787.800000,827.248303,6.718105,2720.330566,2856.548420,7.957369,0.250000,95.231383,1
245,2021-05,E005,Crecer Seguros,65392.770000,12419.530000,13006.755154,9.473224,4689.740000,797.200000,834.893527,6.727304,2688.385254,2815.498554,7.942895,0.250000,95.485229,1
246,2021-06,E005,Crecer Seguros,78448.460000,13055.690000,13602.306993,9.517995,5558.580000,868.840000,905.216684,6.808174,2684.098145,2796.476246,7.936115,0.250000,95.981439,1
247,2021-07,E005,Crecer Seguros,95410.450000,16961.990000,17495.878558,9.769721,6467.570000,908.990000,937.600992,6.843324,4048.886230,4176.327293,8.337188,0.250000,96.948490,1
248,2021-08,E005,Crecer Seguros,108689.630000,13279.180000,13563.557690,9.515142,7458.810000,991.240000,1012.467707,6.920146,2547.848389,2602.411339,7.864194,0.500000,97.903369,1
249,2021-09,E005,Crecer Seguros,126639.660000,17950.030000,18261.312958,9.812540,8553.790000,1094.980000,1113.968749,7.015684,2605.622803,2650.808575,7.882620,1.000000,98.295397,1
250,2021-10,E005,Crecer Seguros,145111.060000,18471.400000,18682.680091,9.835352,9489.500000,935.710000,946.412865,6.852679,2559.100098,2588.371669,7.858784,1.500000,98.869113,1
251,2021-11,E005,Crecer Seguros,169228.490000,24117.430000,24306.229748,10.098488,10655.470000,1165.970000,1175.097624,7.069107,2650.858398,2671.610253,7.890437,2.000000,99.223245,1
252,2021-12,E005,Crecer Seguros,191238.260000,22009.770000,22009.770000,9.999242,11981.900000,1326.430000,1326.430000,7.190246,4369.076172,4369.076172,8.382307,2.500000,100.000000,1
253,2022-01,E005,Crecer Seguros,17235.320000,17235.320000,17228.899134,9.754343,1282.420000,1282.420000,1281.942246,7.156132,2705.242188,2704.234373,7.902574,3.000000,100.037268,1
254,2022-02,E005,Crecer Seguros,34488.060000,17252.740000,17192.764759,9.752244,2847.870000,1565.450000,1560.008068,7.352446,2838.450928,2828.583696,7.947531,3.500000,100.348840,1
255,2022-03,E005,Crecer Seguros,51701.170000,17213.110000,16902.663512,9.735226,5249.100000,2401.230000,2357.922694,7.765536,3935.511230,3864.532445,8.259596,4.000000,101.836672,1
256,2022-04,E005,Crecer Seguros,68722.090000,17020.920000,16554.701207,9.714425,6713.870000,1464.770000,1424.648591,7.261680,2773.888428,2697.909050,7.900232,4.500000,102.816232,1
257,2022-05,E005,Crecer Seguros,87469.390000,18747.300000,18164.039610,9.807199,8213.380000,1499.510000,1452.857693,7.281288,2741.049072,2655.770373,7.884490,5.000000,103.211072,1
258,2022-06,E005,Crecer Seguros,106212.690000,18743.300000,17946.488302,9.795150,9802.200000,1588.820000,1521.276378,7.327305,2748.454346,2631.612564,7.875352,5.500000,104.439931,1
259,2022-07,E005,Crecer Seguros,126625.240000,20412.550000,19362.594530,9.871098,11471.200000,1669.000000,1583.152045,7.367173,4209.761719,3993.225208,8.292355,6.000000,105.422597,1
260,2022-08,E005,Crecer Seguros,146481.110000,19855.870000,18709.839389,9.836805,12973.320000,1502.120000,1415.421432,7.255183,2697.882324,2542.167378,7.840772,6.500000,106.125283,1
261,2022-09,E005,Crecer Seguros,167391.390000,20910.280000,19600.965127,9.883334,14644.480000,1671.160000,1566.518903,7.356611,2729.158447,2558.269882,7.847086,6.750000,106.679849,1
262,2022-10,E005,Crecer Seguros,188826.470000,21435.080000,20023.292883,9.904652,15912.440000,1267.960000,1184.447851,7.077032,2658.610107,2483.505023,7.817426,7.000000,107.050724,1
263,2022-11,E005,Crecer Seguros,211669.750000,22843.280000,21228.855079,9.963117,17412.460000,1500.020000,1394.007655,7.239938,2718.443115,2526.319991,7.834519,7.250000,107.604861,1
264,2022-12,E005,Crecer Seguros,238090.260000,26420.510000,24359.869201,10.100692,18976.580000,1564.120000,1442.128052,7.273875,4473.389160,4124.491724,8.324698,7.500000,108.459162,1
265,2023-01,E005,Crecer Seguros,26759.970000,26759.970000,24617.108777,10.111197,1577.820000,1577.820000,1451.472725,7.280334,2813.173584,2587.902756,7.858603,7.750000,108.704764,1
266,2023-02,E005,Crecer Seguros,53800.560000,27040.590000,24802.209447,10.118688,2278.270000,700.450000,642.467772,6.465317,2964.280273,2718.901481,7.907983,7.750000,109.024924,1
267,2023-03,E005,Crecer Seguros,77995.000000,24194.440000,21916.933723,9.995015,3574.990000,1296.720000,1174.655264,7.068730,3931.787842,3561.675060,8.177986,7.750000,110.391537,1
268,2023-04,E005,Crecer Seguros,103227.730000,25232.730000,22731.044036,10.031487,4964.710000,1389.720000,1251.936929,7.132447,2920.156738,2630.639309,7.874982,7.750000,111.005592,1
269,2023-05,E005,Crecer Seguros,126538.030000,23310.300000,20932.675455,9.949067,5313.330000,348.620000,313.061150,5.746399,2805.053711,2518.941368,7.831594,7.750000,111.358436,1
270,2023-06,E005,Crecer Seguros,151089.710000,24551.680000,22081.169429,10.002480,7626.140000,2312.810000,2080.083704,7.640163,2835.707031,2550.364269,7.843991,7.750000,111.188314,1
271,2023-07,E005,Crecer Seguros,176904.160000,25814.450000,23126.433630,10.048732,9059.360000,1433.220000,1283.981150,7.157721,4369.121582,3914.172112,8.272359,7.750000,111.623134,1
272,2023-08,E005,Crecer Seguros,204849.780000,27945.620000,24941.873871,10.124303,10459.180000,1399.820000,1249.359788,7.130387,2808.223877,2506.380812,7.826595,7.750000,112.042985,1
273,2023-09,E005,Crecer Seguros,230722.900000,25873.120000,23088.350264,10.047083,11659.250000,1200.070000,1070.904340,6.976259,2851.333984,2544.439857,7.841666,7.500000,112.061363,1
274,2023-10,E005,Crecer Seguros,254988.940000,24266.040000,21724.292557,9.986186,13033.840000,1374.590000,1230.608509,7.115264,2823.048828,2527.348453,7.834926,7.250000,111.700024,1
275,2023-11,E005,Crecer Seguros,275288.690000,20299.750000,18203.133964,9.809349,15233.120000,2199.280000,1972.132093,7.586871,2933.125244,2630.183709,7.874809,7.000000,111.517885,1
276,2023-12,E005,Crecer Seguros,307159.600000,31870.910000,28463.692190,10.256385,17778.000000,2544.880000,2272.814958,7.728774,4701.770996,4199.119585,8.342630,6.750000,111.970400,1
277,2024-01,E005,Crecer Seguros,31463.840000,31463.840000,28094.743378,10.243338,1911.370000,1911.370000,1706.703621,7.442319,3021.898682,2698.318704,7.900384,6.500000,111.991911,1
278,2024-02,E005,Crecer Seguros,58415.130000,26951.290000,23931.966567,10.082970,4319.520000,2408.150000,2138.367599,7.667798,3120.777588,2771.160301,7.927021,6.250000,112.616278,1
279,2024-03,E005,Crecer Seguros,81300.900000,22885.770000,20118.825867,9.909411,6192.770000,1873.250000,1646.769611,7.406571,4027.672363,3540.717176,8.172085,6.250000,113.753010,1
280,2024-04,E005,Crecer Seguros,102352.280000,21051.380000,18515.785392,9.826379,8135.550000,1942.780000,1708.776220,7.443533,3079.103516,2708.231949,7.904051,6.000000,113.694232,1
281,2024-05,E005,Crecer Seguros,125852.710000,23500.430000,20688.618362,9.937339,10002.570000,1867.020000,1643.632234,7.404664,3017.898438,2656.808792,7.884881,5.750000,113.591104,1
282,2024-06,E005,Crecer Seguros,145256.820000,19404.110000,17061.649288,9.744588,12473.970000,2471.400000,2173.053031,7.683888,3047.427002,2679.542156,7.893401,5.750000,113.729392,1
283,2024-07,E005,Crecer Seguros,167457.080000,22200.260000,19474.237022,9.876848,15125.550000,2651.580000,2325.986155,7.751899,4576.685059,4014.702963,8.297719,5.750000,113.998099,1
284,2024-08,E005,Crecer Seguros,188531.270000,21074.190000,18434.055695,9.821955,17155.120000,2029.570000,1775.309344,7.481730,2959.672607,2588.890471,7.858985,5.500000,114.322048,1
285,2024-09,E005,Crecer Seguros,209194.530000,20663.260000,18117.646588,9.804642,19098.760000,1943.640000,1704.192979,7.440847,2947.731934,2584.585656,7.857320,5.250000,114.050464,1
286,2024-10,E005,Crecer Seguros,233257.470000,24062.940000,21118.164256,9.957889,20901.060000,1802.300000,1581.738035,7.366280,2950.953125,2589.821227,7.859344,5.250000,113.944279,1
287,2024-11,E005,Crecer Seguros,258019.820000,24762.350000,21711.539748,9.985599,22983.130000,2082.070000,1825.551515,7.509637,2970.694824,2604.694577,7.865071,5.000000,114.051561,1
288,2024-12,E005,Crecer Seguros,286365.660000,28345.840000,24827.296433,10.119699,25012.250000,2029.120000,1777.247164,7.482821,4880.891113,4275.030499,8.360547,5.000000,114.172077,1
289,2025-01,E005,Crecer Seguros,24250.640000,24250.640000,21260.269557,9.964595,3551.360000,3551.360000,3113.438280,8.043483,3121.322998,2736.429567,7.914409,4.750000,114.065534,1
290,2025-02,E005,Crecer Seguros,47839.380000,23588.740000,20641.181185,9.935043,3798.230000,246.870000,216.022068,5.375381,3270.431885,2861.771213,7.959196,4.750000,114.279991,1
291,2025-03,E005,Crecer Seguros,75096.560000,27257.180000,23659.546915,10.071522,5796.440000,1998.210000,1734.469349,7.458457,4209.702148,3654.070064,8.203597,4.750000,115.205841,1
292,2025-04,E005,Crecer Seguros,98569.840000,23473.280000,20310.477240,9.918892,8254.380000,2457.940000,2126.755802,7.662353,3174.904297,2747.115932,7.918307,4.750000,115.572272,1
293,2025-05,E005,Crecer Seguros,119680.120000,21110.280000,18276.190579,9.813354,9807.850000,1553.470000,1344.914126,7.204085,3116.688232,2698.267769,7.900365,4.500000,115.507003,1
294,2025-06,E005,Crecer Seguros,143701.170000,24021.050000,20769.458907,9.941239,12067.360000,2259.510000,1953.653154,7.577456,3135.407715,2710.985643,7.905068,4.500000,115.655637,1
295,2025-07,E005,Crecer Seguros,169063.870000,25362.700000,21878.863007,9.993276,14292.560000,2225.200000,1919.545079,7.559843,4760.717773,4106.782479,8.320395,4.500000,115.923300,1
296,2025-08,E005,Crecer Seguros,193365.760000,24301.890000,21024.791856,9.953458,16663.600000,2371.040000,2051.306400,7.626232,3079.415283,2664.157618,7.887643,4.500000,115.586828,1
297,2025-09,E005,Crecer Seguros,221209.280000,27843.520000,24086.148722,10.089392,20284.150000,3620.550000,3131.971308,8.049418,3113.536133,2693.376927,7.898551,4.250000,115.599718,1
298,2025-10,E005,Crecer Seguros,246010.850000,24801.570000,21476.093741,9.974696,23069.500000,2785.350000,2411.881091,7.788162,3086.611084,2672.748095,7.890862,4.250000,115.484549,1
299,2025-11,E005,Crecer Seguros,269795.800000,23784.950000,20572.994344,9.931735,25995.490000,2925.990000,2530.859881,7.836314,3102.256348,2683.322954,7.894811,4.250000,115.612485,1
300,2025-12,E005,Crecer Seguros,295270.090000,25474.290000,21980.546911,9.997913,29036.890000,3041.400000,2624.278650,7.872561,5077.461914,4381.099131,8.385055,4.250000,115.894705,1
301,2020-01,E006,Insur,8644.950000,8644.950000,9377.362189,9.146054,4744.020000,4744.020000,5145.939974,8.545963,2579.547363,2798.090204,7.936692,2.250000,92.189571,1
302,2020-02,E006,Insur,13047.150000,4402.200000,4768.381203,8.469762,7126.280000,2382.260000,2580.419746,7.855707,2684.386963,2907.678055,7.975110,2.250000,92.320639,1
303,2020-03,E006,Insur,17572.500000,4525.350000,4870.312774,8.490913,9488.090000,2361.810000,2541.848346,7.840647,3197.239014,3440.961254,8.143506,1.250000,92.917030,1
304,2020-04,E006,Insur,20592.590000,3020.090000,3246.912645,8.085460,11103.710000,1615.620000,1736.960490,7.459892,2519.562744,2708.793490,7.904259,0.250000,93.014206,1
305,2020-05,E006,Insur,24617.130000,4024.540000,4317.986135,8.370544,13549.780000,2446.070000,2624.423250,7.872616,2345.649414,2516.680576,7.830696,0.250000,93.204097,1
306,2020-06,E006,Insur,29116.420000,4499.290000,4840.231858,8.484718,16168.120000,2618.340000,2816.749461,7.943339,2360.650879,2539.533480,7.839736,0.250000,92.956084,1
307,2020-07,E006,Insur,34484.190000,5367.770000,5747.927512,8.656595,19342.060000,3173.940000,3398.725550,8.131156,3773.146729,4040.369443,8.304091,0.250000,93.386181,1
308,2020-08,E006,Insur,39780.280000,5296.090000,5677.429713,8.644254,22172.320000,2830.260000,3034.050067,8.017654,2380.944824,2552.382397,7.844782,0.250000,93.283233,1
309,2020-09,E006,Insur,45619.410000,5839.130000,6251.047219,8.740504,25334.930000,3162.610000,3385.714044,8.127320,2445.110840,2617.599422,7.870013,0.250000,93.410429,1
310,2020-10,E006,Insur,51978.720000,6359.310000,6806.781067,8.825675,28829.430000,3494.500000,3740.389514,8.226945,2421.107178,2591.467706,7.859980,0.250000,93.426099,1
311,2020-11,E006,Insur,60922.990000,8944.270000,9524.060265,9.161577,33670.870000,4841.440000,5155.274419,8.547776,2434.410645,2592.215316,7.860268,0.250000,93.912362,1
312,2020-12,E006,Insur,68461.590000,7538.600000,8023.361167,8.990113,37616.790000,3945.920000,4199.657933,8.342758,4193.692871,4463.363559,8.403658,0.250000,93.958129,1
313,2021-01,E006,Insur,8283.470000,8283.470000,8751.116994,9.076937,4770.870000,4770.870000,5040.211594,8.525203,2628.593994,2776.992441,7.929124,0.250000,94.656145,1
314,2021-02,E006,Insur,14351.200000,6067.730000,6418.326357,8.766913,7944.210000,3173.340000,3356.697111,8.118713,2693.624268,2849.263173,7.954816,0.250000,94.537574,1
315,2021-03,E006,Insur,20795.960000,6444.760000,6760.389969,8.818836,11266.890000,3322.680000,3485.407144,8.156340,3294.463623,3455.808879,8.147812,0.250000,95.331187,1
316,2021-04,E006,Insur,26019.140000,5223.180000,5484.725555,8.609722,14259.570000,2992.680000,3142.535481,8.052785,2720.330566,2856.548420,7.957369,0.250000,95.231383,1
317,2021-05,E006,Insur,30874.130000,4854.990000,5084.545567,8.533961,16840.110000,2580.540000,2702.554118,7.901953,2688.385254,2815.498554,7.942895,0.250000,95.485229,1
318,2021-06,E006,Insur,38357.510000,7483.380000,7796.694936,8.961455,20912.450000,4072.340000,4242.841157,8.352988,2684.098145,2796.476246,7.936115,0.250000,95.981439,1
319,2021-07,E006,Insur,45168.250000,6810.740000,7025.112026,8.857246,24850.030000,3937.580000,4061.517634,8.309312,4048.886230,4176.327293,8.337188,0.250000,96.948490,1
320,2021-08,E006,Insur,50328.890000,5160.640000,5271.156680,8.570005,27184.720000,2334.690000,2384.688098,7.776824,2547.848389,2602.411339,7.864194,0.500000,97.903369,1
321,2021-09,E006,Insur,56793.500000,6464.610000,6576.716939,8.791291,30574.460000,3389.740000,3448.523651,8.145701,2605.622803,2650.808575,7.882620,1.000000,98.295397,1
322,2021-10,E006,Insur,62330.030000,5536.530000,5599.858094,8.630497,34504.410000,3929.950000,3974.901666,8.287755,2559.100098,2588.371669,7.858784,1.500000,98.869113,1
323,2021-11,E006,Insur,68966.720000,6636.690000,6688.644350,8.808166,38302.530000,3798.120000,3827.853023,8.250059,2650.858398,2671.610253,7.890437,2.000000,99.223245,1
324,2021-12,E006,Insur,78739.340000,9772.620000,9772.620000,9.187340,43374.570000,5072.040000,5072.040000,8.531498,4369.076172,4369.076172,8.382307,2.500000,100.000000,1
325,2022-01,E006,Insur,7680.510000,7680.510000,7677.648694,8.946069,4404.880000,4404.880000,4403.239001,8.390096,2705.242188,2704.234373,7.902574,3.000000,100.037268,1
326,2022-02,E006,Insur,14737.740000,7057.230000,7032.697139,8.858326,8502.450000,4097.570000,4083.325727,8.314667,2838.450928,2828.583696,7.947531,3.500000,100.348840,1
327,2022-03,E006,Insur,21402.810000,6665.070000,6544.862346,8.786436,11957.830000,3455.380000,3393.060606,8.129488,3935.511230,3864.532445,8.259596,4.000000,101.836672,1
328,2022-04,E006,Insur,27863.310000,6460.500000,6283.540910,8.745689,15388.640000,3430.810000,3336.836931,8.112779,2773.888428,2697.909050,7.900232,4.500000,102.816232,1
329,2022-05,E006,Insur,34430.360000,6567.050000,6362.737905,8.758214,18886.500000,3497.860000,3389.035626,8.128301,2741.049072,2655.770373,7.884490,5.000000,103.211072,1
330,2022-06,E006,Insur,41894.770000,7464.410000,7147.084385,8.874460,22949.620000,4063.120000,3890.389395,8.266265,2748.454346,2631.612564,7.875352,5.500000,104.439931,1
331,2022-07,E006,Insur,53326.920000,11432.150000,10844.117225,9.291378,29965.140000,7015.520000,6654.664370,8.803073,4209.761719,3993.225208,8.292355,6.000000,105.422597,1
332,2022-08,E006,Insur,60294.120000,6967.200000,6565.070832,8.789519,34032.490000,4067.350000,3832.592842,8.251297,2697.882324,2542.167378,7.840772,6.500000,106.125283,1
333,2022-09,E006,Insur,68442.860000,8148.740000,7638.499751,8.940956,38246.070000,4213.580000,3949.743123,8.281406,2729.158447,2558.269882,7.847086,6.750000,106.679849,1
334,2022-10,E006,Insur,75084.030000,6641.170000,6203.760004,8.732911,41746.370000,3500.300000,3269.758362,8.092471,2658.610107,2483.505023,7.817426,7.000000,107.050724,1
335,2022-11,E006,Insur,82369.190000,7285.160000,6770.288937,8.820299,46500.850000,4754.480000,4418.462099,8.393547,2718.443115,2526.319991,7.834519,7.250000,107.604861,1
336,2022-12,E006,Insur,91008.260000,8639.070000,7965.274524,8.982847,51171.300000,4670.450000,4306.183004,8.367807,4473.389160,4124.491724,8.324698,7.500000,108.459162,1
337,2023-01,E006,Insur,7606.090000,7606.090000,6997.016249,8.853239,4249.310000,4249.310000,3909.037510,8.271046,2813.173584,2587.902756,7.858603,7.750000,108.704764,1
338,2023-02,E006,Insur,14435.960000,6829.870000,6264.503335,8.742655,7883.650000,3634.340000,3333.494642,8.111776,2964.280273,2718.901481,7.907983,7.750000,109.024924,1
339,2023-03,E006,Insur,21598.430000,7162.470000,6488.241938,8.777747,11640.950000,3757.300000,3403.612362,8.132593,3931.787842,3561.675060,8.177986,7.750000,110.391537,1
340,2023-04,E006,Insur,27751.140000,6152.710000,5542.702750,8.620238,14913.720000,3272.770000,2948.292911,7.988982,2920.156738,2630.639309,7.874982,7.750000,111.005592,1
341,2023-05,E006,Insur,34074.240000,6323.100000,5678.150868,8.644381,18671.060000,3757.340000,3374.095520,8.123883,2805.053711,2518.941368,7.831594,7.750000,111.358436,1
342,2023-06,E006,Insur,42282.290000,8208.050000,7382.115714,8.906816,24551.260000,5880.200000,5288.505409,8.573291,2835.707031,2550.364269,7.843991,7.750000,111.188314,1
343,2023-07,E006,Insur,50969.340000,8687.050000,7782.481721,8.959631,29727.460000,5176.200000,4637.210777,8.441868,4369.121582,3914.172112,8.272359,7.750000,111.623134,1
344,2023-08,E006,Insur,58216.020000,7246.680000,6467.767705,8.774586,33476.760000,3749.300000,3346.304992,8.115612,2808.223877,2506.380812,7.826595,7.750000,112.042985,1
345,2023-09,E006,Insur,65172.420000,6956.400000,6207.670346,8.733541,37196.030000,3719.270000,3318.958382,8.107406,2851.333984,2544.439857,7.841666,7.500000,112.061363,1
346,2023-10,E006,Insur,72898.170000,7725.750000,6916.515971,8.841667,41357.460000,4161.430000,3725.540829,8.222967,2823.048828,2527.348453,7.834926,7.250000,111.700024,1
347,2023-11,E006,Insur,81062.600000,8164.430000,7321.184400,8.898527,46255.120000,4897.660000,4391.815716,8.387498,2933.125244,2630.183709,7.874809,7.000000,111.517885,1
348,2023-12,E006,Insur,92526.280000,11463.680000,10238.134364,9.233875,52700.070000,6444.950000,5755.940856,8.657988,4701.770996,4199.119585,8.342630,6.750000,111.970400,1
349,2024-01,E006,Insur,9616.850000,9616.850000,8587.093402,9.058016,5229.180000,5229.180000,4669.247942,8.448753,3021.898682,2698.318704,7.900384,6.500000,111.991911,1
350,2024-02,E006,Insur,18269.650000,8652.800000,7683.436315,8.946822,10376.510000,5147.330000,4570.680271,8.427417,3120.777588,2771.160301,7.927021,6.250000,112.616278,1
351,2024-03,E006,Insur,28953.180000,10683.530000,9391.865762,9.147599,13914.940000,3538.430000,3110.625380,8.042579,4027.672363,3540.717176,8.172085,6.250000,113.753010,1
352,2024-04,E006,Insur,39236.880000,10283.700000,9045.049884,9.109973,18632.610000,4717.670000,4149.436534,8.330728,3079.103516,2708.231949,7.904051,6.000000,113.694232,1
353,2024-05,E006,Insur,49822.130000,10585.250000,9318.731509,9.139782,23335.000000,4702.390000,4139.752000,8.328391,3017.898438,2656.808792,7.884881,5.750000,113.591104,1
354,2024-06,E006,Insur,58617.710000,8795.580000,7733.779145,8.953353,27134.350000,3799.350000,3340.693143,8.113934,3047.427002,2679.542156,7.893401,5.750000,113.729392,1
355,2024-07,E006,Insur,68753.030000,10135.320000,8890.779837,9.092770,31850.550000,4716.200000,4137.086532,8.327747,4576.685059,4014.702963,8.297719,5.750000,113.998099,1
356,2024-08,E006,Insur,79464.660000,10711.630000,9369.697436,9.145236,36644.620000,4794.070000,4193.478059,8.341286,2959.672607,2588.890471,7.858985,5.500000,114.322048,1
357,2024-09,E006,Insur,88202.040000,8737.380000,7660.977162,8.943895,40528.850000,3884.230000,3405.711703,8.133209,2947.731934,2584.585656,7.857320,5.250000,114.050464,1
358,2024-10,E006,Insur,97468.380000,9266.340000,8132.343354,9.003604,44742.320000,4213.470000,3697.833746,8.215502,2950.953125,2589.821227,7.859344,5.250000,113.944279,1
359,2024-11,E006,Insur,109449.580000,11981.200000,10505.073227,9.259614,50669.530000,5927.210000,5196.956489,8.555828,2970.694824,2604.694577,7.865071,5.000000,114.051561,1
360,2024-12,E006,Insur,118687.000000,9237.420000,8090.787382,8.998481,55665.480000,4995.950000,4375.807230,8.383846,4880.891113,4275.030499,8.360547,5.000000,114.172077,1
361,2025-01,E006,Insur,9974.240000,9974.240000,8744.306584,9.076158,5722.080000,5722.080000,5016.484646,8.520485,3121.322998,2736.429567,7.914409,4.750000,114.065534,1
362,2025-02,E006,Insur,17349.720000,7375.480000,6453.868202,8.772435,9698.650000,3976.570000,3479.673008,8.154694,3270.431885,2861.771213,7.959196,4.750000,114.279991,1
363,2025-03,E006,Insur,25437.310000,8087.590000,7020.121488,8.856536,13887.490000,4188.840000,3635.961479,8.198629,4209.702148,3654.070064,8.203597,4.750000,115.205841,1
364,2025-04,E006,Insur,35580.820000,10143.510000,8776.767839,9.079863,19524.730000,5637.240000,4877.675157,8.492424,3174.904297,2747.115932,7.918307,4.750000,115.572272,1
365,2025-05,E006,Insur,44393.300000,8812.480000,7629.390228,8.939763,24149.800000,4625.070000,4004.146831,8.295086,3116.688232,2698.267769,7.900365,4.500000,115.507003,1
366,2025-06,E006,Insur,53473.220000,9079.920000,7850.823562,8.968374,28946.660000,4796.860000,4147.536708,8.330270,3135.407715,2710.985643,7.905068,4.500000,115.655637,1
367,2025-07,E006,Insur,62384.920000,8911.700000,7687.583083,8.947362,33807.850000,4861.190000,4193.453775,8.341280,4760.717773,4106.782479,8.320395,4.500000,115.923300,1
368,2025-08,E006,Insur,72007.990000,9623.070000,8325.403652,9.027067,39056.120000,5248.270000,4540.543322,8.420802,3079.415283,2664.157618,7.887643,4.500000,115.586828,1
369,2025-09,E006,Insur,79547.130000,7539.140000,6521.763314,8.782900,42953.590000,3897.470000,3371.522065,8.123120,3113.536133,2693.376927,7.898551,4.250000,115.599718,1
370,2025-10,E006,Insur,90084.630000,10537.500000,9124.597265,9.118729,48307.570000,5353.980000,4636.100713,8.441629,3086.611084,2672.748095,7.890862,4.250000,115.484549,1
371,2025-11,E006,Insur,101285.120000,11200.490000,9687.958874,9.178639,54272.310000,5964.740000,5159.252480,8.548547,3102.256348,2683.322954,7.894811,4.250000,115.612485,1
372,2025-12,E006,Insur,111299.060000,10013.940000,8640.550058,9.064222,58397.980000,4125.670000,3559.843394,8.177472,5077.461914,4381.099131,8.385055,4.250000,115.894705,1
373,2020-01,E007,Interseguro,80213.980000,80213.980000,87009.819966,11.373776,847.930000,847.930000,919.767809,6.824121,2579.547363,2798.090204,7.936692,2.250000,92.189571,1
374,2020-02,E007,Interseguro,149935.280000,69721.300000,75520.816040,11.232164,1579.320000,731.390000,792.228051,6.674849,2684.386963,2907.678055,7.975110,2.250000,92.320639,1
375,2020-03,E007,Interseguro,208120.760000,58185.480000,62620.899266,11.044854,2452.310000,872.990000,939.537129,6.845387,3197.239014,3440.961254,8.143506,1.250000,92.917030,1
376,2020-04,E007,Interseguro,244589.350000,36468.590000,39207.548781,10.576625,3213.440000,761.130000,818.294362,6.707222,2519.562744,2708.793490,7.904259,0.250000,93.014206,1
377,2020-05,E007,Interseguro,290789.820000,46200.470000,49569.140543,10.811124,3963.310000,749.870000,804.546175,6.690278,2345.649414,2516.680576,7.830696,0.250000,93.204097,1
378,2020-06,E007,Interseguro,343546.130000,52756.310000,56754.015054,10.946482,4962.060000,998.750000,1074.432092,6.979548,2360.650879,2539.533480,7.839736,0.250000,92.956084,1
379,2020-07,E007,Interseguro,407351.820000,63805.690000,68324.552085,11.132024,5834.560000,872.500000,934.292407,6.839789,3773.146729,4040.369443,8.304091,0.250000,93.386181,1
380,2020-08,E007,Interseguro,461984.800000,54632.980000,58566.773593,10.977923,6651.180000,816.620000,875.419914,6.774704,2380.944824,2552.382397,7.844782,0.250000,93.283233,1
381,2020-09,E007,Interseguro,515826.990000,53842.190000,57640.448502,10.961980,7488.230000,837.050000,896.099089,6.798051,2445.110840,2617.599422,7.870013,0.250000,93.410429,1
382,2020-10,E007,Interseguro,579565.080000,63738.090000,68223.002853,11.130537,8623.900000,1135.670000,1215.581102,7.102978,2421.107178,2591.467706,7.859980,0.250000,93.426099,1
383,2020-11,E007,Interseguro,660268.760000,80703.680000,85935.097208,11.361348,9298.800000,674.900000,718.648730,6.577373,2434.410645,2592.215316,7.860268,0.250000,93.912362,1
384,2020-12,E007,Interseguro,743549.990000,83281.230000,88636.535523,11.392299,10159.080000,860.280000,915.599335,6.819579,4193.692871,4463.363559,8.403658,0.250000,93.958129,1
385,2021-01,E007,Interseguro,84173.440000,84173.440000,88925.489107,11.395554,962.070000,962.070000,1016.384091,6.924007,2628.593994,2776.992441,7.929124,0.250000,94.656145,1
386,2021-02,E007,Interseguro,167863.560000,83690.120000,88525.775371,11.391049,1918.540000,956.470000,1011.735296,6.919422,2693.624268,2849.263173,7.954816,0.250000,94.537574,1
387,2021-03,E007,Interseguro,260378.810000,92515.250000,97046.153477,11.482942,2936.360000,1017.820000,1067.667395,6.973232,3294.463623,3455.808879,8.147812,0.250000,95.331187,1
388,2021-04,E007,Interseguro,334863.910000,74485.100000,78214.867456,11.267215,4052.500000,1116.140000,1172.029603,7.066492,2720.330566,2856.548420,7.957369,0.250000,95.231383,1
389,2021-05,E007,Interseguro,430514.860000,95650.950000,100173.556238,11.514660,5074.490000,1021.990000,1070.312137,6.975706,2688.385254,2815.498554,7.942895,0.250000,95.485229,1
390,2021-06,E007,Interseguro,539873.920000,109359.060000,113937.716551,11.643407,6109.470000,1034.980000,1078.312651,6.983153,2684.098145,2796.476246,7.936115,0.250000,95.981439,1
391,2021-07,E007,Interseguro,635022.900000,95148.980000,98143.849810,11.494190,7293.390000,1183.920000,1221.184575,7.107577,4048.886230,4176.327293,8.337188,0.250000,96.948490,1
392,2021-08,E007,Interseguro,749658.150000,114635.250000,117090.198842,11.670700,8388.420000,1095.030000,1118.480401,7.019726,2547.848389,2602.411339,7.864194,0.500000,97.903369,1
393,2021-09,E007,Interseguro,866803.570000,117145.420000,119176.913701,11.688364,9478.950000,1090.530000,1109.441579,7.011612,2605.622803,2650.808575,7.882620,1.000000,98.295397,1
394,2021-10,E007,Interseguro,1002333.870000,135530.300000,137080.526521,11.828324,10108.880000,629.930000,637.135283,6.456982,2559.100098,2588.371669,7.858784,1.500000,98.869113,1
395,2021-11,E007,Interseguro,1129899.810000,127565.940000,128564.571169,11.764187,11041.740000,932.860000,940.162757,6.846053,2650.858398,2671.610253,7.890437,2.000000,99.223245,1
396,2021-12,E007,Interseguro,1270781.760000,140881.950000,140881.950000,11.855678,10863.870000,-177.870000,-177.870000,,4369.076172,4369.076172,8.382307,2.500000,100.000000,0
397,2022-01,E007,Interseguro,108120.930000,108120.930000,108080.650503,11.590633,1177.710000,1177.710000,1177.271255,7.070955,2705.242188,2704.234373,7.902574,3.000000,100.037268,1
398,2022-02,E007,Interseguro,221453.370000,113332.440000,112938.465457,11.634598,2484.380000,1306.670000,1302.127658,7.171755,2838.450928,2828.583696,7.947531,3.500000,100.348840,1
399,2022-03,E007,Interseguro,328111.650000,106658.280000,104734.648045,11.559185,3543.700000,1059.320000,1040.214668,6.947182,3935.511230,3864.532445,8.259596,4.000000,101.836672,1
400,2022-04,E007,Interseguro,419091.410000,90979.760000,88487.739951,11.390619,4627.390000,1083.690000,1054.006725,6.960354,2773.888428,2697.909050,7.900232,4.500000,102.816232,1
401,2022-05,E007,Interseguro,513548.710000,94457.300000,91518.572736,11.424297,5725.730000,1098.340000,1064.168774,6.969949,2741.049072,2655.770373,7.884490,5.000000,103.211072,1
402,2022-06,E007,Interseguro,610964.890000,97416.180000,93274.841401,11.443306,6945.760000,1220.030000,1168.164311,7.063189,2748.454346,2631.612564,7.875352,5.500000,104.439931,1
403,2022-07,E007,Interseguro,713917.330000,102952.440000,97656.899877,11.489216,8132.410000,1186.650000,1125.612567,7.026083,4209.761719,3993.225208,8.292355,6.000000,105.422597,1
404,2022-08,E007,Interseguro,825965.660000,112048.330000,105581.183703,11.567235,9243.350000,1110.940000,1046.819352,6.953512,2697.882324,2542.167378,7.840772,6.500000,106.125283,1
405,2022-09,E007,Interseguro,924642.890000,98677.230000,92498.471759,11.434947,10431.330000,1187.980000,1113.593627,7.015348,2729.158447,2558.269882,7.847086,6.750000,106.679849,1
406,2022-10,E007,Interseguro,1014470.230000,89827.340000,83911.006524,11.337512,11564.380000,1133.050000,1058.423482,6.964536,2658.610107,2483.505023,7.817426,7.000000,107.050724,1
407,2022-11,E007,Interseguro,1111010.970000,96540.740000,89717.824179,11.404425,12737.000000,1172.620000,1089.746308,6.993700,2718.443115,2526.319991,7.834519,7.250000,107.604861,1
408,2022-12,E007,Interseguro,1208531.100000,97520.130000,89914.146672,11.406611,13937.710000,1200.710000,1107.061845,7.009465,4473.389160,4124.491724,8.324698,7.500000,108.459162,1
409,2023-01,E007,Interseguro,87862.100000,87862.100000,80826.356424,11.300058,1039.060000,1039.060000,955.855072,6.862606,2813.173584,2587.902756,7.858603,7.750000,108.704764,1
410,2023-02,E007,Interseguro,170628.700000,82766.600000,75915.301716,11.237374,2078.380000,1039.320000,953.286608,6.859916,2964.280273,2718.901481,7.907983,7.750000,109.024924,1
411,2023-03,E007,Interseguro,265278.990000,94650.290000,85740.530997,11.359081,3295.170000,1216.790000,1102.249351,7.005108,3931.787842,3561.675060,8.177986,7.750000,110.391537,1
412,2023-04,E007,Interseguro,344187.920000,78908.930000,71085.544952,11.171639,4323.010000,1027.840000,925.935335,6.830804,2920.156738,2630.639309,7.874982,7.750000,111.005592,1
413,2023-05,E007,Interseguro,435674.590000,91486.670000,82155.131920,11.316365,5461.050000,1138.040000,1021.961192,6.929479,2805.053711,2518.941368,7.831594,7.750000,111.358436,1
414,2023-06,E007,Interseguro,530582.140000,94907.550000,85357.486399,11.354603,6648.160000,1187.110000,1067.657164,6.973222,2835.707031,2550.364269,7.843991,7.750000,111.188314,1
415,2023-07,E007,Interseguro,626242.400000,95660.260000,85699.313907,11.358600,7760.380000,1112.220000,996.406354,6.904155,4369.121582,3914.172112,8.272359,7.750000,111.623134,1
416,2023-08,E007,Interseguro,719980.160000,93737.760000,83662.319421,11.334544,8836.850000,1076.470000,960.765192,6.867730,2808.223877,2506.380812,7.826595,7.750000,112.042985,1
417,2023-09,E007,Interseguro,844667.090000,124686.930000,111266.654859,11.619685,9934.700000,1097.850000,979.686460,6.887233,2851.333984,2544.439857,7.841666,7.500000,112.061363,1
418,2023-10,E007,Interseguro,944287.690000,99620.600000,89185.835806,11.398478,11163.880000,1229.180000,1100.429486,7.003456,2823.048828,2527.348453,7.834926,7.250000,111.700024,1
419,2023-11,E007,Interseguro,1042401.210000,98113.520000,87980.076021,11.384866,12352.840000,1188.960000,1066.160823,6.971819,2933.125244,2630.183709,7.874809,7.000000,111.517885,1
420,2023-12,E007,Interseguro,1144027.820000,101626.610000,90762.031751,11.415996,13549.300000,1196.460000,1068.550260,6.974058,4701.770996,4199.119585,8.342630,6.750000,111.970400,1
421,2024-01,E007,Interseguro,107826.960000,107826.960000,96281.025154,11.475027,1294.190000,1294.190000,1155.610248,7.052384,3021.898682,2698.318704,7.900384,6.500000,111.991911,1
422,2024-02,E007,Interseguro,206316.930000,98489.970000,87456.246778,11.378894,2543.260000,1249.070000,1109.138059,7.011338,3120.777588,2771.160301,7.927021,6.250000,112.616278,1
423,2024-03,E007,Interseguro,308883.350000,102566.420000,90165.895390,11.409407,4155.750000,1612.490000,1417.536116,7.256676,4027.672363,3540.717176,8.172085,6.250000,113.753010,1
424,2024-04,E007,Interseguro,417247.600000,108364.250000,95312.003163,11.464911,5398.520000,1242.770000,1093.080958,6.996756,3079.103516,2708.231949,7.904051,6.000000,113.694232,1
425,2024-05,E007,Interseguro,539836.660000,122589.060000,107921.356236,11.589158,6787.470000,1388.950000,1222.763008,7.108868,3017.898438,2656.808792,7.884881,5.750000,113.591104,1
426,2024-06,E007,Interseguro,641528.250000,101691.590000,89415.399319,11.401048,8263.360000,1475.890000,1297.720821,7.168365,3047.427002,2679.542156,7.893401,5.750000,113.729392,1
427,2024-07,E007,Interseguro,749130.040000,107601.790000,94389.109068,11.455181,9656.910000,1393.550000,1222.432665,7.108598,4576.685059,4014.702963,8.297719,5.750000,113.998099,1
428,2024-08,E007,Interseguro,878331.800000,129201.760000,113015.610077,11.635281,11040.000000,1383.090000,1209.819124,7.098226,2959.672607,2588.890471,7.858985,5.500000,114.322048,1
429,2024-09,E007,Interseguro,996451.580000,118119.780000,103567.996006,11.547984,12498.940000,1458.940000,1279.205668,7.153995,2947.731934,2584.585656,7.857320,5.250000,114.050464,1
430,2024-10,E007,Interseguro,1124441.020000,127989.440000,112326.341545,11.629164,14029.880000,1530.940000,1343.586544,7.203098,2950.953125,2589.821227,7.859344,5.250000,113.944279,1
431,2024-11,E007,Interseguro,1239130.570000,114689.550000,100559.386469,11.518504,15509.730000,1479.850000,1297.527177,7.168216,2970.694824,2604.694577,7.865071,5.000000,114.051561,1
432,2024-12,E007,Interseguro,1352675.010000,113544.440000,99450.271015,11.507413,16944.830000,1435.100000,1256.962331,7.136453,4880.891113,4275.030499,8.360547,5.000000,114.172077,1
433,2025-01,E007,Interseguro,157310.970000,157310.970000,137912.798444,11.834377,1627.500000,1627.500000,1426.811363,7.263197,3121.322998,2736.429567,7.914409,4.750000,114.065534,1
434,2025-02,E007,Interseguro,313922.040000,156611.070000,137041.549119,11.828039,3279.930000,1652.430000,1445.948661,7.276521,3270.431885,2861.771213,7.959196,4.750000,114.279991,1
435,2025-03,E007,Interseguro,462258.750000,148336.710000,128757.976777,11.765690,4900.120000,1620.190000,1406.343625,7.248748,4209.702148,3654.070064,8.203597,4.750000,115.205841,1
436,2025-04,E007,Interseguro,619193.900000,156935.150000,135789.620888,11.818862,6524.160000,1624.040000,1405.215950,7.247946,3174.904297,2747.115932,7.918307,4.750000,115.572272,1
437,2025-05,E007,Interseguro,810673.350000,191479.450000,165773.022437,12.018375,8488.020000,1963.860000,1700.208601,7.438506,3116.688232,2698.267769,7.900365,4.500000,115.507003,1
438,2025-06,E007,Interseguro,1056329.660000,245656.310000,212403.231154,12.266242,10482.330000,1994.310000,1724.351749,7.452606,3135.407715,2710.985643,7.905068,4.500000,115.655637,1
439,2025-07,E007,Interseguro,1251047.130000,194717.470000,167970.951483,12.031546,12210.110000,1727.780000,1490.451014,7.306834,4760.717773,4106.782479,8.320395,4.500000,115.923300,1
440,2025-08,E007,Interseguro,1452652.140000,201605.010000,174418.671650,12.069214,14314.150000,2104.040000,1820.311221,7.506763,3079.415283,2664.157618,7.887643,4.500000,115.586828,1
441,2025-09,E007,Interseguro,1637517.390000,184865.250000,159918.426445,11.982419,16366.260000,2052.110000,1775.185991,7.481660,3113.536133,2693.376927,7.898551,4.250000,115.599718,1
442,2025-10,E007,Interseguro,1863437.470000,225920.080000,195627.970976,12.183970,18283.780000,1917.520000,1660.412598,7.414821,3086.611084,2672.748095,7.890862,4.250000,115.484549,1
443,2025-11,E007,Interseguro,2080130.490000,216693.020000,187430.466528,12.141163,20221.070000,1937.290000,1675.675426,7.423972,3102.256348,2683.322954,7.894811,4.250000,115.612485,1
444,2025-12,E007,Interseguro,2262032.290000,181901.800000,156954.366466,11.963710,22163.570000,1942.500000,1676.090379,7.424219,5077.461914,4381.099131,8.385055,4.250000,115.894705,1
445,2020-01,E008,La Positiva,84033.040000,84033.040000,91152.436042,11.420289,26814.500000,26814.500000,29086.261740,10.278021,2579.547363,2798.090204,7.936692,2.250000,92.189571,1
446,2020-02,E008,La Positiva,182872.750000,98839.710000,107061.336441,11.581157,67462.940000,40648.440000,44029.634553,10.692618,2684.386963,2907.678055,7.975110,2.250000,92.320639,1
447,2020-03,E008,La Positiva,270723.710000,87850.960000,94547.748279,11.456860,100332.530000,32869.590000,35375.205022,10.473766,3197.239014,3440.961254,8.143506,1.250000,92.917030,1
448,2020-04,E008,La Positiva,351100.880000,80377.170000,86413.865018,11.366903,154113.230000,53780.700000,57819.877838,10.965088,2519.562744,2708.793490,7.904259,0.250000,93.014206,1
449,2020-05,E008,La Positiva,422173.300000,71072.420000,76254.609006,11.241833,187920.690000,33807.460000,36272.504071,10.498815,2345.649414,2516.680576,7.830696,0.250000,93.204097,1
450,2020-06,E008,La Positiva,494194.650000,72021.350000,77478.898394,11.257761,207492.830000,19572.140000,21055.254399,9.954905,2360.650879,2539.533480,7.839736,0.250000,92.956084,1
451,2020-07,E008,La Positiva,601197.120000,107002.470000,114580.624937,11.649034,250449.390000,42956.560000,45998.839933,10.736371,3773.146729,4040.369443,8.304091,0.250000,93.386181,1
452,2020-08,E008,La Positiva,697556.550000,96359.430000,103297.695282,11.545370,271201.280000,20751.890000,22246.109278,10.009922,2380.944824,2552.382397,7.844782,0.250000,93.283233,1
453,2020-09,E008,La Positiva,825143.990000,127587.440000,136588.004032,11.824724,322350.820000,51149.540000,54757.847448,10.910676,2445.110840,2617.599422,7.870013,0.250000,93.410429,1
454,2020-10,E008,La Positiva,915346.460000,90202.470000,96549.541540,11.477812,355637.030000,33286.210000,35628.384845,10.480898,2421.107178,2591.467706,7.859980,0.250000,93.426099,1
455,2020-11,E008,La Positiva,1025931.330000,110584.870000,117753.261724,11.676347,400269.530000,44632.500000,47525.691841,10.769026,2434.410645,2592.215316,7.860268,0.250000,93.912362,1
456,2020-12,E008,La Positiva,1143158.090000,117226.760000,124764.894527,11.734186,454237.370000,53967.840000,57438.181056,10.958465,4193.692871,4463.363559,8.403658,0.250000,93.958129,1
457,2021-01,E008,La Positiva,104059.400000,104059.400000,109934.119850,11.607637,51083.690000,51083.690000,53967.642508,10.896140,2628.593994,2776.992441,7.929124,0.250000,94.656145,1
458,2021-02,E008,La Positiva,184509.340000,80449.940000,85098.376213,11.351563,83323.740000,32240.050000,34102.895590,10.437138,2693.624268,2849.263173,7.954816,0.250000,94.537574,1
459,2021-03,E008,La Positiva,289330.740000,104821.400000,109954.993065,11.607826,136092.720000,52768.980000,55353.323176,10.921492,3294.463623,3455.808879,8.147812,0.250000,95.331187,1
460,2021-04,E008,La Positiva,366507.200000,77176.460000,81040.994637,11.302710,165126.240000,29033.520000,30487.344698,10.325067,2720.330566,2856.548420,7.957369,0.250000,95.231383,1
461,2021-05,E008,La Positiva,441549.640000,75042.440000,78590.626477,11.272008,197244.090000,32117.850000,33636.458950,10.423366,2688.385254,2815.498554,7.942895,0.250000,95.485229,1
462,2021-06,E008,La Positiva,522081.760000,80532.120000,83903.847215,11.337427,223308.970000,26064.880000,27156.167119,10.209359,2684.098145,2796.476246,7.936115,0.250000,95.981439,1
463,2021-07,E008,La Positiva,615639.000000,93557.240000,96502.008862,11.477319,251647.720000,28338.750000,29230.728735,10.282976,4048.886230,4176.327293,8.337188,0.250000,96.948490,1
464,2021-08,E008,La Positiva,714191.260000,98552.260000,100662.786706,11.519531,277670.260000,26022.540000,26579.820631,10.187908,2547.848389,2602.411339,7.864194,0.500000,97.903369,1
465,2021-09,E008,La Positiva,832018.610000,117827.350000,119870.669486,11.694169,318415.730000,40745.470000,41452.063272,10.632293,2605.622803,2650.808575,7.882620,1.000000,98.295397,1
466,2021-10,E008,La Positiva,1024417.550000,192398.940000,194599.643012,12.178700,415626.120000,97210.390000,98322.304640,11.496006,2559.100098,2588.371669,7.858784,1.500000,98.869113,1
467,2021-11,E008,La Positiva,1147915.240000,123497.690000,124464.473473,11.731776,473627.190000,58001.070000,58455.122832,10.976015,2650.858398,2671.610253,7.890437,2.000000,99.223245,1
468,2021-12,E008,La Positiva,1275125.920000,127210.680000,127210.680000,11.753600,529873.310000,56246.120000,56246.120000,10.937492,4369.076172,4369.076172,8.382307,2.500000,100.000000,1
469,2022-01,E008,La Positiva,95772.460000,95772.460000,95736.780817,11.469358,32976.000000,32976.000000,32963.715083,10.403163,2705.242188,2704.234373,7.902574,3.000000,100.037268,1
470,2022-02,E008,La Positiva,166316.480000,70544.020000,70298.789702,11.160510,58283.850000,25307.850000,25219.872995,10.135388,2838.450928,2828.583696,7.947531,3.500000,100.348840,1
471,2022-03,E008,La Positiva,273703.710000,107387.230000,105450.451091,11.565996,109285.280000,51001.430000,50081.595361,10.821409,3935.511230,3864.532445,8.259596,4.000000,101.836672,1
472,2022-04,E008,La Positiva,349832.360000,76128.650000,74043.415635,11.212407,141135.360000,31850.080000,30977.676754,10.341022,2773.888428,2697.909050,7.900232,4.500000,102.816232,1
473,2022-05,E008,La Positiva,445205.850000,95373.490000,92406.258507,11.433950,187677.240000,46541.880000,45093.882951,10.716502,2741.049072,2655.770373,7.884490,5.000000,103.211072,1
474,2022-06,E008,La Positiva,554423.770000,109217.920000,104574.868017,11.557659,244933.120000,57255.880000,54821.828636,10.911844,2748.454346,2631.612564,7.875352,5.500000,104.439931,1
475,2022-07,E008,La Positiva,647516.960000,93093.190000,88304.777770,11.388549,285365.730000,40432.610000,38352.887474,10.554585,4209.761719,3993.225208,8.292355,6.000000,105.422597,1
476,2022-08,E008,La Positiva,793922.470000,146405.510000,137955.354145,11.834685,343764.520000,58398.790000,55028.159501,10.915600,2697.882324,2542.167378,7.840772,6.500000,106.125283,1
477,2022-09,E008,La Positiva,897669.350000,103746.880000,97250.681335,11.485047,382234.390000,38469.870000,36061.046543,10.492969,2729.158447,2558.269882,7.847086,6.750000,106.679849,1
478,2022-10,E008,La Positiva,990874.460000,93205.110000,87066.305128,11.374425,412907.860000,30673.470000,28653.211164,10.263021,2658.610107,2483.505023,7.817426,7.000000,107.050724,1
479,2022-11,E008,La Positiva,1099239.040000,108364.580000,100706.026654,11.519961,455930.260000,43022.400000,39981.836880,10.596181,2718.443115,2526.319991,7.834519,7.250000,107.604861,1
480,2022-12,E008,La Positiva,1236633.680000,137394.640000,126678.684831,11.749409,519425.120000,63494.860000,58542.642990,10.977511,4473.389160,4124.491724,8.324698,7.500000,108.459162,1
481,2023-01,E008,La Positiva,111701.280000,111701.280000,102756.563641,11.540118,41750.900000,41750.900000,38407.608336,10.556011,2813.173584,2587.902756,7.858603,7.750000,108.704764,1
482,2023-02,E008,La Positiva,200710.500000,89009.220000,81641.166748,11.310089,71007.760000,29256.860000,26835.019853,10.197463,2964.280273,2718.901481,7.907983,7.750000,109.024924,1
483,2023-03,E008,La Positiva,305698.350000,104987.850000,95104.980738,11.462737,103854.720000,32846.960000,29754.962104,10.300751,3931.787842,3561.675060,8.177986,7.750000,110.391537,1
484,2023-04,E008,La Positiva,397843.000000,92144.650000,83009.016339,11.326705,134715.380000,30860.660000,27800.995827,10.232827,2920.156738,2630.639309,7.874982,7.750000,111.005592,1
485,2023-05,E008,La Positiva,507721.990000,109878.990000,98671.455838,11.499551,169319.720000,34604.340000,31074.735999,10.344150,2805.053711,2518.941368,7.831594,7.750000,111.358436,1
486,2023-06,E008,La Positiva,635655.170000,127933.180000,115059.915379,11.653208,224287.530000,54967.810000,49436.679110,10.808448,2835.707031,2550.364269,7.843991,7.750000,111.188314,1
487,2023-07,E008,La Positiva,742648.390000,106993.220000,95852.191357,11.470563,268773.000000,44485.470000,39853.270918,10.592960,4369.121582,3914.172112,8.272359,7.750000,111.623134,1
488,2023-08,E008,La Positiva,845923.470000,103275.080000,92174.516771,11.431439,304344.160000,35571.160000,31747.779658,10.365578,2808.223877,2506.380812,7.826595,7.750000,112.042985,1
489,2023-09,E008,La Positiva,990714.090000,144790.620000,129206.549094,11.769168,367555.690000,63211.530000,56407.961056,10.940366,2851.333984,2544.439857,7.841666,7.500000,112.061363,1
490,2023-10,E008,La Positiva,1118964.560000,128250.470000,114816.868795,11.651094,430250.260000,62694.570000,56127.624467,10.935383,2823.048828,2527.348453,7.834926,7.250000,111.700024,1
491,2023-11,E008,La Positiva,1227922.760000,108958.200000,97704.686562,11.489705,476071.420000,45821.160000,41088.620000,10.623486,2933.125244,2630.183709,7.874809,7.000000,111.517885,1
492,2023-12,E008,La Positiva,1390998.820000,163076.060000,145642.116131,11.888908,541843.210000,65771.790000,58740.336732,10.980882,4701.770996,4199.119585,8.342630,6.750000,111.970400,1
493,2024-01,E008,La Positiva,98640.400000,98640.400000,88078.147001,11.385980,31872.780000,31872.780000,28459.894751,10.256251,3021.898682,2698.318704,7.900384,6.500000,111.991911,1
494,2024-02,E008,La Positiva,202297.560000,103657.160000,92044.562155,11.430028,68998.570000,37125.790000,32966.628501,10.403251,3120.777588,2771.160301,7.927021,6.250000,112.616278,1
495,2024-03,E008,La Positiva,317765.610000,115468.050000,101507.687577,11.527890,117609.590000,48611.020000,42733.831834,10.662746,4027.672363,3540.717176,8.172085,6.250000,113.753010,1
496,2024-04,E008,La Positiva,401621.010000,83855.400000,73755.192788,11.208507,141688.780000,24079.190000,21178.902022,9.960761,3079.103516,2708.231949,7.904051,6.000000,113.694232,1
497,2024-05,E008,La Positiva,525302.250000,123681.240000,108882.857587,11.598028,196876.360000,55187.580000,48584.420836,10.791058,3017.898438,2656.808792,7.884881,5.750000,113.591104,1
498,2024-06,E008,La Positiva,632510.200000,107207.950000,94265.825320,11.453874,234493.160000,37616.800000,33075.706586,10.406554,3047.427002,2679.542156,7.893401,5.750000,113.729392,1
499,2024-07,E008,La Positiva,756557.120000,124046.920000,108814.902256,11.597404,282744.600000,48251.440000,42326.530375,10.653169,4576.685059,4014.702963,8.297719,5.750000,113.998099,1
500,2024-08,E008,La Positiva,858961.040000,102403.920000,89574.952331,11.402831,309730.590000,26985.990000,23605.236673,10.069224,2959.672607,2588.890471,7.858985,5.500000,114.322048,1
501,2024-09,E008,La Positiva,987992.020000,129030.980000,113134.989087,11.636337,359861.980000,50131.390000,43955.445898,10.690932,2947.731934,2584.585656,7.857320,5.250000,114.050464,1
502,2024-10,E008,La Positiva,1145487.510000,157495.490000,138221.498598,11.836613,419161.910000,59299.930000,52042.920031,10.859824,2950.953125,2589.821227,7.859344,5.250000,113.944279,1
503,2024-11,E008,La Positiva,1265124.640000,119637.130000,104897.406884,11.560738,468224.990000,49063.080000,43018.332735,10.669382,2970.694824,2604.694577,7.865071,5.000000,114.051561,1
504,2024-12,E008,La Positiva,1378968.960000,113844.320000,99712.927181,11.510051,501532.120000,33307.130000,29172.745977,10.280990,4880.891113,4275.030499,8.360547,5.000000,114.172077,1
505,2025-01,E008,La Positiva,88451.380000,88451.380000,77544.352705,11.258605,21154.040000,21154.040000,18545.514371,9.827983,3121.322998,2736.429567,7.914409,4.750000,114.065534,1
506,2025-02,E008,La Positiva,201656.380000,113205.000000,99059.335768,11.503474,66429.330000,45275.290000,39617.862763,10.587035,3270.431885,2861.771213,7.959196,4.750000,114.279991,1
507,2025-03,E008,La Positiva,298852.790000,97196.410000,84367.605979,11.342939,90579.060000,24149.730000,20962.244440,9.950478,4209.702148,3654.070064,8.203597,4.750000,115.205841,1
508,2025-04,E008,La Positiva,388019.470000,89166.680000,77152.312105,11.253537,113670.990000,23091.930000,19980.510550,9.902513,3174.904297,2747.115932,7.918307,4.750000,115.572272,1
509,2025-05,E008,La Positiva,522762.670000,134743.200000,116653.706269,11.666965,165478.640000,51807.650000,44852.388734,10.711132,3116.688232,2698.267769,7.900365,4.500000,115.507003,1
510,2025-06,E008,La Positiva,642840.260000,120077.590000,103823.378708,11.550446,199043.910000,33565.270000,29021.732853,10.275800,3135.407715,2710.985643,7.905068,4.500000,115.655637,1
511,2025-07,E008,La Positiva,760370.180000,117529.920000,101385.933630,11.526690,235474.300000,36430.390000,31426.287899,10.355400,4760.717773,4106.782479,8.320395,4.500000,115.923300,1
512,2025-08,E008,La Positiva,863808.890000,103438.710000,89490.049852,11.401883,261724.520000,26250.220000,22710.390495,10.030578,3079.415283,2664.157618,7.887643,4.500000,115.586828,1
513,2025-09,E008,La Positiva,1013487.540000,149678.650000,129480.116898,11.771283,311223.120000,49498.600000,42818.962586,10.664736,3113.536133,2693.376927,7.898551,4.250000,115.599718,1
514,2025-10,E008,La Positiva,1137046.170000,123558.630000,106991.481605,11.580504,346449.300000,35226.180000,30502.937670,10.325578,3086.611084,2672.748095,7.890862,4.250000,115.484549,1
515,2025-11,E008,La Positiva,1258688.840000,121642.670000,105215.859689,11.563769,387015.700000,40566.400000,35088.251931,10.465622,3102.256348,2683.322954,7.894811,4.250000,115.612485,1
516,2025-12,E008,La Positiva,1393152.600000,134463.760000,116022.349770,11.661538,434958.290000,47942.590000,41367.368768,10.630248,5077.461914,4381.099131,8.385055,4.250000,115.894705,1
517,2020-01,E009,La Positiva Vida,66476.690000,66476.690000,72108.687648,11.185930,15643.160000,15643.160000,16968.470275,9.739112,2579.547363,2798.090204,7.936692,2.250000,92.189571,1
518,2020-02,E009,La Positiva Vida,134420.610000,67943.920000,73595.591066,11.206340,32567.970000,16924.810000,18332.639560,9.816438,2684.386963,2907.678055,7.975110,2.250000,92.320639,1
519,2020-03,E009,La Positiva Vida,191427.310000,57006.700000,61352.262079,11.024387,47777.610000,15209.640000,16369.055206,9.703148,3197.239014,3440.961254,8.143506,1.250000,92.917030,1
520,2020-04,E009,La Positiva Vida,245732.070000,54304.760000,58383.297154,10.974785,63194.550000,15416.940000,16574.823077,9.715640,2519.562744,2708.793490,7.904259,0.250000,93.014206,1
521,2020-05,E009,La Positiva Vida,289926.750000,44194.680000,47417.099960,10.766738,78843.110000,15648.560000,16789.562313,9.728513,2345.649414,2516.680576,7.830696,0.250000,93.204097,1
522,2020-06,E009,La Positiva Vida,340901.540000,50974.790000,54837.497146,10.912129,93654.710000,14811.600000,15933.975848,9.676209,2360.650879,2539.533480,7.839736,0.250000,92.956084,1
523,2020-07,E009,La Positiva Vida,405149.090000,64247.550000,68797.705601,11.138926,108974.840000,15320.130000,16405.135970,9.705350,3773.146729,4040.369443,8.304091,0.250000,93.386181,1
524,2020-08,E009,La Positiva Vida,468514.320000,63365.230000,67927.780602,11.126200,122046.980000,13072.140000,14013.386488,9.547768,2380.944824,2552.382397,7.844782,0.250000,93.283233,1
525,2020-09,E009,La Positiva Vida,528070.910000,59556.590000,63757.966733,11.062849,135638.020000,13591.040000,14549.810125,9.585333,2445.110840,2617.599422,7.870013,0.250000,93.410429,1
526,2020-10,E009,La Positiva Vida,584541.710000,56470.800000,60444.352027,11.009478,147681.590000,12043.570000,12891.012430,9.464286,2421.107178,2591.467706,7.859980,0.250000,93.426099,1
527,2020-11,E009,La Positiva Vida,647298.620000,62756.910000,66824.972062,11.109832,158993.830000,11312.240000,12045.528085,9.396449,2434.410645,2592.215316,7.860268,0.250000,93.912362,1
528,2020-12,E009,La Positiva Vida,711845.290000,64546.670000,68697.270782,11.137465,172795.640000,13801.810000,14689.319819,9.594876,4193.692871,4463.363559,8.403658,0.250000,93.958129,1
529,2021-01,E009,La Positiva Vida,71848.770000,71848.770000,75905.024364,11.237238,14056.160000,14056.160000,14849.706784,9.605735,2628.593994,2776.992441,7.929124,0.250000,94.656145,1
530,2021-02,E009,La Positiva Vida,152236.960000,80388.190000,85033.058268,11.350795,29261.080000,15204.920000,16083.467588,9.685547,2693.624268,2849.263173,7.954816,0.250000,94.537574,1
531,2021-03,E009,La Positiva Vida,242538.060000,90301.100000,94723.566220,11.458718,44493.180000,15232.100000,15978.087011,9.678974,3294.463623,3455.808879,8.147812,0.250000,95.331187,1
532,2021-04,E009,La Positiva Vida,319244.580000,76706.520000,80547.522858,11.296603,58764.620000,14271.440000,14986.068194,9.614876,2720.330566,2856.548420,7.957369,0.250000,95.231383,1
533,2021-05,E009,La Positiva Vida,416914.910000,97670.330000,102288.417366,11.535552,76829.050000,18064.430000,18918.559560,9.847899,2688.385254,2815.498554,7.942895,0.250000,95.485229,1
534,2021-06,E009,La Positiva Vida,499586.320000,82671.410000,86132.705232,11.363644,88770.680000,11941.630000,12441.603413,9.428801,2684.098145,2796.476246,7.936115,0.250000,95.981439,1
535,2021-07,E009,La Positiva Vida,572616.630000,73030.310000,75328.981732,11.229620,103597.460000,14826.780000,15293.461574,9.635181,4048.886230,4176.327293,8.337188,0.250000,96.948490,1
536,2021-08,E009,La Positiva Vida,665912.990000,93296.360000,95294.330005,11.464726,118432.490000,14835.030000,15152.726692,9.625936,2547.848389,2602.411339,7.864194,0.500000,97.903369,1
537,2021-09,E009,La Positiva Vida,762675.280000,96762.290000,98440.306799,11.497206,136868.070000,18435.580000,18755.283192,9.839231,2605.622803,2650.808575,7.882620,1.000000,98.295397,1
538,2021-10,E009,La Positiva Vida,840479.350000,77804.070000,78694.010720,11.273322,152057.830000,15189.760000,15363.503944,9.639750,2559.100098,2588.371669,7.858784,1.500000,98.869113,1
539,2021-11,E009,La Positiva Vida,925992.780000,85513.430000,86182.859289,11.364227,167683.780000,15625.950000,15748.275448,9.664486,2650.858398,2671.610253,7.890437,2.000000,99.223245,1
540,2021-12,E009,La Positiva Vida,1023674.990000,97682.210000,97682.210000,11.489475,183580.920000,15897.140000,15897.140000,9.673894,4369.076172,4369.076172,8.382307,2.500000,100.000000,1
541,2022-01,E009,La Positiva Vida,88660.840000,88660.840000,88627.810188,11.392201,17248.380000,17248.380000,17241.954268,9.755101,2705.242188,2704.234373,7.902574,3.000000,100.037268,1
542,2022-02,E009,La Positiva Vida,173367.940000,84707.100000,84412.634964,11.343472,35342.600000,18094.220000,18031.319545,9.799865,2838.450928,2828.583696,7.947531,3.500000,100.348840,1
543,2022-03,E009,La Positiva Vida,264138.580000,90770.640000,89133.549062,11.397891,51864.680000,16522.080000,16224.096561,9.694253,3935.511230,3864.532445,8.259596,4.000000,101.836672,1
544,2022-04,E009,La Positiva Vida,344599.420000,80460.840000,78256.942931,11.267753,68637.010000,16772.330000,16312.920318,9.699713,2773.888428,2697.909050,7.900232,4.500000,102.816232,1
545,2022-05,E009,La Positiva Vida,430137.960000,85538.540000,82877.290529,11.325116,86850.600000,18213.590000,17646.934236,9.778317,2741.049072,2655.770373,7.884490,5.000000,103.211072,1
546,2022-06,E009,La Positiva Vida,510724.540000,80586.580000,77160.698239,11.253646,103486.570000,16635.970000,15928.744725,9.675881,2748.454346,2631.612564,7.875352,5.500000,104.439931,1
547,2022-07,E009,La Positiva Vida,591616.640000,80892.100000,76731.272329,11.248065,119776.120000,16289.550000,15451.668298,9.645472,4209.761719,3993.225208,8.292355,6.000000,105.422597,1
548,2022-08,E009,La Positiva Vida,681087.890000,89471.250000,84307.195676,11.342222,137778.630000,18002.510000,16963.450642,9.738816,2697.882324,2542.167378,7.840772,6.500000,106.125283,1
549,2022-09,E009,La Positiva Vida,773212.030000,92124.140000,86355.709034,11.366230,154662.180000,16883.550000,15826.372233,9.669433,2729.158447,2558.269882,7.847086,6.750000,106.679849,1
550,2022-10,E009,La Positiva Vida,856152.220000,82940.190000,77477.467598,11.257742,173227.530000,18565.350000,17342.573040,9.760920,2658.610107,2483.505023,7.817426,7.000000,107.050724,1
551,2022-11,E009,La Positiva Vida,951532.440000,95380.220000,88639.322716,11.392331,190522.220000,17294.690000,16072.405874,9.684859,2718.443115,2526.319991,7.834519,7.250000,107.604861,1
552,2022-12,E009,La Positiva Vida,1045453.480000,93921.040000,86595.764035,11.369006,210833.490000,20311.270000,18727.113160,9.837728,4473.389160,4124.491724,8.324698,7.500000,108.459162,1
553,2023-01,E009,La Positiva Vida,120155.520000,120155.520000,110533.812483,11.613077,20270.690000,20270.690000,18647.471605,9.833466,2813.173584,2587.902756,7.858603,7.750000,108.704764,1
554,2023-02,E009,La Positiva Vida,226016.240000,105860.720000,97097.724186,11.483473,41958.740000,21688.050000,19892.744892,9.898110,2964.280273,2718.901481,7.907983,7.750000,109.024924,1
555,2023-03,E009,La Positiva Vida,326364.080000,100347.840000,90901.750920,11.417535,62163.040000,20204.300000,18302.399395,9.814787,3931.787842,3561.675060,8.177986,7.750000,110.391537,1
556,2023-04,E009,La Positiva Vida,424325.960000,97961.880000,88249.500079,11.387923,82051.070000,19888.030000,17916.241553,9.793463,2920.156738,2630.639309,7.874982,7.750000,111.005592,1
557,2023-05,E009,La Positiva Vida,531555.250000,107229.290000,96292.022277,11.475141,102960.230000,20909.160000,18776.449051,9.840359,2805.053711,2518.941368,7.831594,7.750000,111.358436,1
558,2023-06,E009,La Positiva Vida,635800.390000,104245.140000,93755.482253,11.448445,123440.040000,20479.810000,18419.030978,9.821140,2835.707031,2550.364269,7.843991,7.750000,111.188314,1
559,2023-07,E009,La Positiva Vida,729561.180000,93760.790000,83997.632605,11.338544,141340.200000,17900.160000,16036.245676,9.682607,4369.121582,3914.172112,8.272359,7.750000,111.623134,1
560,2023-08,E009,La Positiva Vida,836740.800000,107179.620000,95659.375730,11.468549,162139.580000,20799.380000,18563.750332,9.828966,2808.223877,2506.380812,7.826595,7.750000,112.042985,1
561,2023-09,E009,La Positiva Vida,942469.870000,105729.070000,94349.262912,11.454759,181699.790000,19560.210000,17454.909950,9.767376,2851.333984,2544.439857,7.841666,7.500000,112.061363,1
562,2023-10,E009,La Positiva Vida,1055853.220000,113383.350000,101507.005943,11.527883,202497.380000,20797.590000,18619.145507,9.831946,2823.048828,2527.348453,7.834926,7.250000,111.700024,1
563,2023-11,E009,La Positiva Vida,1157392.600000,101539.380000,91052.103436,11.419187,223513.480000,21016.100000,18845.497294,9.844029,2933.125244,2630.183709,7.874809,7.000000,111.517885,1
564,2023-12,E009,La Positiva Vida,1260380.410000,102987.810000,91977.710181,11.429302,244652.330000,21138.850000,18878.962654,9.845803,4701.770996,4199.119585,8.342630,6.750000,111.970400,1
565,2024-01,E009,La Positiva Vida,126088.090000,126088.090000,112586.783165,11.631480,40255.740000,40255.740000,35945.221079,10.489751,3021.898682,2698.318704,7.900384,6.500000,111.991911,1
566,2024-02,E009,La Positiva Vida,254807.410000,128719.320000,114299.035882,11.646573,82566.310000,42310.570000,37570.563289,10.533976,3120.777588,2771.160301,7.927021,6.250000,112.616278,1
567,2024-03,E009,La Positiva Vida,375358.030000,120550.620000,105975.762751,11.570966,123667.190000,41100.880000,36131.685658,10.494925,4027.672363,3540.717176,8.172085,6.250000,113.753010,1
568,2024-04,E009,La Positiva Vida,502662.290000,127304.260000,111970.728647,11.625993,164444.390000,40777.200000,35865.671708,10.487536,3079.103516,2708.231949,7.904051,6.000000,113.694232,1
569,2024-05,E009,La Positiva Vida,623211.450000,120549.160000,106125.528985,11.572378,205611.300000,41166.910000,36241.315165,10.497955,3017.898438,2656.808792,7.884881,5.750000,113.591104,1
570,2024-06,E009,La Positiva Vida,753852.940000,130641.490000,114870.472534,11.651560,246139.020000,40527.720000,35635.220841,10.481090,3047.427002,2679.542156,7.893401,5.750000,113.729392,1
571,2024-07,E009,La Positiva Vida,872826.960000,118974.020000,104364.915769,11.555649,288395.720000,42256.700000,37067.898825,10.520507,4576.685059,4014.702963,8.297719,5.750000,113.998099,1
572,2024-08,E009,La Positiva Vida,994798.550000,121971.590000,106691.221977,11.577694,330630.180000,42234.460000,36943.407452,10.517142,2959.672607,2588.890471,7.858985,5.500000,114.322048,1
573,2024-09,E009,La Positiva Vida,1120227.850000,125429.300000,109977.018594,11.608027,372010.190000,41380.010000,36282.193468,10.499082,2947.731934,2584.585656,7.857320,5.250000,114.050464,1
574,2024-10,E009,La Positiva Vida,1246277.430000,126049.580000,110623.877834,11.613891,415977.470000,43967.280000,38586.649883,10.560662,2950.953125,2589.821227,7.859344,5.250000,113.944279,1
575,2024-11,E009,La Positiva Vida,1368914.420000,122636.990000,107527.673383,11.585504,459560.070000,43582.600000,38213.067509,10.550933,2970.694824,2604.694577,7.865071,5.000000,114.051561,1
576,2024-12,E009,La Positiva Vida,1496077.120000,127162.700000,111378.108677,11.620686,504445.380000,44885.310000,39313.736931,10.579329,4880.891113,4275.030499,8.360547,5.000000,114.172077,1
577,2025-01,E009,La Positiva Vida,126190.480000,126190.480000,110629.806897,11.613945,26504.080000,26504.080000,23235.835638,10.053451,3121.322998,2736.429567,7.914409,4.750000,114.065534,1
578,2025-02,E009,La Positiva Vida,240690.230000,114499.750000,100192.298755,11.514847,53009.230000,26505.150000,23193.167735,10.051613,3270.431885,2861.771213,7.959196,4.750000,114.279991,1
579,2025-03,E009,La Positiva Vida,367855.750000,127165.520000,110381.139442,11.611695,79852.930000,26843.700000,23300.641501,10.056236,4209.702148,3654.070064,8.203597,4.750000,115.205841,1
580,2025-04,E009,La Positiva Vida,483098.200000,115242.450000,99714.618399,11.510068,105064.250000,25211.320000,21814.332767,9.990322,3174.904297,2747.115932,7.918307,4.750000,115.572272,1
581,2025-05,E009,La Positiva Vida,604789.890000,121691.690000,105354.382712,11.565085,130706.400000,25642.150000,22199.649661,10.007832,3116.688232,2698.267769,7.900365,4.500000,115.507003,1
582,2025-06,E009,La Positiva Vida,728006.400000,123216.510000,106537.401199,11.576251,156327.610000,25621.210000,22153.014470,10.005729,3135.407715,2710.985643,7.905068,4.500000,115.655637,1
583,2025-07,E009,La Positiva Vida,857804.410000,129798.010000,111968.870796,11.625976,183585.770000,27258.160000,23513.961387,10.065350,4760.717773,4106.782479,8.320395,4.500000,115.923300,1
584,2025-08,E009,La Positiva Vida,990687.430000,132883.020000,114963.808852,11.652373,210479.940000,26894.170000,23267.504148,10.054813,3079.415283,2664.157618,7.887643,4.500000,115.586828,1
585,2025-09,E009,La Positiva Vida,1128083.630000,137396.200000,118855.134231,11.685661,239063.010000,28583.070000,24725.899418,10.115607,3113.536133,2693.376927,7.898551,4.250000,115.599718,1
586,2025-10,E009,La Positiva Vida,1281073.950000,152990.320000,132476.873595,11.794163,267665.670000,28602.660000,24767.521065,10.117288,3086.611084,2672.748095,7.890862,4.250000,115.484549,1
587,2025-11,E009,La Positiva Vida,1418605.440000,137531.490000,118959.029382,11.686534,296421.280000,28755.610000,24872.408893,10.121514,3102.256348,2683.322954,7.894811,4.250000,115.612485,1
588,2025-12,E009,La Positiva Vida,1552755.070000,134149.630000,115751.302012,11.659199,326298.520000,29877.240000,25779.641960,10.157340,5077.461914,4381.099131,8.385055,4.250000,115.894705,1
589,2020-01,E010,Liberty Seguros,1784.660000,1784.660000,1935.858878,7.568306,1201.440000,1201.440000,1303.227668,7.172599,2579.547363,2798.090204,7.936692,2.250000,92.189571,1
590,2020-02,E010,Liberty Seguros,3420.370000,1635.710000,1771.770664,7.479735,2153.090000,951.650000,1030.809589,6.938100,2684.386963,2907.678055,7.975110,2.250000,92.320639,1
591,2020-03,E010,Liberty Seguros,4217.400000,797.030000,857.786777,6.754356,2404.530000,251.440000,270.607012,5.600668,3197.239014,3440.961254,8.143506,1.250000,92.917030,1
592,2020-04,E010,Liberty Seguros,5461.260000,1243.860000,1337.279605,7.198393,3027.740000,623.210000,670.015936,6.507301,2519.562744,2708.793490,7.904259,0.250000,93.014206,1
593,2020-05,E010,Liberty Seguros,5754.960000,293.700000,315.114902,5.752937,3099.060000,71.320000,76.520241,4.337555,2345.649414,2516.680576,7.830696,0.250000,93.204097,1
594,2020-06,E010,Liberty Seguros,6459.600000,704.640000,758.035374,6.630730,3481.530000,382.470000,411.452358,6.019693,2360.650879,2539.533480,7.839736,0.250000,92.956084,1
595,2020-07,E010,Liberty Seguros,8257.440000,1797.840000,1925.167061,7.562768,4421.840000,940.310000,1006.904863,6.914636,3773.146729,4040.369443,8.304091,0.250000,93.386181,1
596,2020-08,E010,Liberty Seguros,9398.860000,1141.420000,1223.606816,7.109558,5043.820000,621.980000,666.765054,6.502438,2380.944824,2552.382397,7.844782,0.250000,93.283233,1
597,2020-09,E010,Liberty Seguros,11484.860000,2086.000000,2233.155367,7.711171,6699.060000,1655.240000,1772.007713,7.479868,2445.110840,2617.599422,7.870013,0.250000,93.410429,1
598,2020-10,E010,Liberty Seguros,12975.360000,1490.500000,1595.378615,7.374866,7278.870000,579.810000,620.608168,6.430700,2421.107178,2591.467706,7.859980,0.250000,93.426099,1
599,2020-11,E010,Liberty Seguros,15870.640000,2895.280000,3082.959392,8.033645,9305.480000,2026.610000,2157.980000,7.676928,2434.410645,2592.215316,7.860268,0.250000,93.912362,1
600,2020-12,E010,Liberty Seguros,19800.040000,3929.400000,4182.075633,8.338563,12064.220000,2758.740000,2936.137663,7.984850,4193.692871,4463.363559,8.403658,0.250000,93.958129,1
601,2021-01,E010,Liberty Seguros,1442.950000,1442.950000,1524.412386,7.329364,781.150000,781.150000,825.250172,6.715687,2628.593994,2776.992441,7.929124,0.250000,94.656145,1
602,2021-02,E010,Liberty Seguros,2887.840000,1444.890000,1528.376439,7.331961,1598.270000,817.120000,864.333586,6.761959,2693.624268,2849.263173,7.954816,0.250000,94.537574,1
603,2021-03,E010,Liberty Seguros,6622.760000,3734.920000,3917.836460,8.273295,3698.910000,2100.640000,2203.518143,7.697811,3294.463623,3455.808879,8.147812,0.250000,95.331187,1
604,2021-04,E010,Liberty Seguros,8819.070000,2196.310000,2306.288043,7.743395,5281.700000,1582.790000,1662.046638,7.415805,2720.330566,2856.548420,7.957369,0.250000,95.231383,1
605,2021-05,E010,Liberty Seguros,10924.630000,2105.560000,2205.115925,7.698535,6484.540000,1202.840000,1259.713159,7.138639,2688.385254,2815.498554,7.942895,0.250000,95.485229,1
606,2021-06,E010,Liberty Seguros,14000.620000,3075.990000,3204.775871,8.072397,8443.480000,1958.940000,2040.957105,7.621174,2684.098145,2796.476246,7.936115,0.250000,95.981439,1
607,2021-07,E010,Liberty Seguros,18303.090000,4302.470000,4437.892760,8.397935,11241.350000,2797.870000,2885.934595,7.967604,4048.886230,4176.327293,8.337188,0.250000,96.948490,1
608,2021-08,E010,Liberty Seguros,20905.400000,2602.310000,2658.039262,7.885344,12663.030000,1421.680000,1452.125711,7.280784,2547.848389,2602.411339,7.864194,0.500000,97.903369,1
609,2021-09,E010,Liberty Seguros,25049.470000,4144.070000,4215.934970,8.346627,15459.600000,2796.570000,2845.067110,7.953342,2605.622803,2650.808575,7.882620,1.000000,98.295397,1
610,2021-10,E010,Liberty Seguros,28394.960000,3345.490000,3383.756479,8.126742,17500.050000,2040.450000,2063.789133,7.632299,2559.100098,2588.371669,7.858784,1.500000,98.869113,1
611,2021-11,E010,Liberty Seguros,31513.610000,3118.650000,3143.063892,8.052953,19212.070000,1712.020000,1725.422296,7.453227,2650.858398,2671.610253,7.890437,2.000000,99.223245,1
612,2021-12,E010,Liberty Seguros,41720.860000,10207.250000,10207.250000,9.230854,25779.040000,6566.970000,6566.970000,8.789808,4369.076172,4369.076172,8.382307,2.500000,100.000000,1
613,2022-01,E010,Liberty Seguros,4511.660000,4511.660000,4509.979221,8.414048,3039.800000,3039.800000,3038.667549,8.019174,2705.242188,2704.234373,7.902574,3.000000,100.037268,1
614,2022-02,E010,Liberty Seguros,7040.210000,2528.550000,2519.760069,7.831919,4334.880000,1295.080000,1290.577948,7.162845,2838.450928,2828.583696,7.947531,3.500000,100.348840,1
615,2022-03,E010,Liberty Seguros,11742.520000,4702.310000,4617.501640,8.437609,7437.970000,3103.090000,3047.124321,8.021954,3935.511230,3864.532445,8.259596,4.000000,101.836672,1
616,2022-04,E010,Liberty Seguros,15117.910000,3375.390000,3282.934936,8.096493,9578.790000,2140.820000,2082.180954,7.641171,2773.888428,2697.909050,7.900232,4.500000,102.816232,1
617,2022-05,E010,Liberty Seguros,17391.020000,2273.110000,2202.389682,7.697298,10940.820000,1362.030000,1319.654930,7.185126,2741.049072,2655.770373,7.884490,5.000000,103.211072,1
618,2022-06,E010,Liberty Seguros,21056.840000,3665.820000,3509.979339,8.163365,13197.450000,2256.630000,2160.696563,7.678186,2748.454346,2631.612564,7.875352,5.500000,104.439931,1
619,2022-07,E010,Liberty Seguros,25497.070000,4440.230000,4211.838948,8.345655,16424.450000,3227.000000,3061.013570,8.026501,4209.761719,3993.225208,8.292355,6.000000,105.422597,1
620,2022-08,E010,Liberty Seguros,29567.110000,4070.040000,3835.127582,8.251958,19303.270000,2878.820000,2712.661789,7.905686,2697.882324,2542.167378,7.840772,6.500000,106.125283,1
621,2022-09,E010,Liberty Seguros,33527.450000,3960.340000,3712.359960,8.219423,21741.450000,2438.180000,2285.511297,7.734345,2729.158447,2558.269882,7.847086,6.750000,106.679849,1
622,2022-10,E010,Liberty Seguros,36735.640000,3208.190000,2996.887718,8.005330,23742.170000,2000.720000,1868.945791,7.533130,2658.610107,2483.505023,7.817426,7.000000,107.050724,1
623,2022-11,E010,Liberty Seguros,42532.160000,5796.520000,5386.857012,8.591717,27446.810000,3704.640000,3442.818443,8.144046,2718.443115,2526.319991,7.834519,7.250000,107.604861,1
624,2022-12,E010,Liberty Seguros,51964.990000,9432.830000,8697.126021,9.070748,33987.130000,6540.320000,6030.214395,8.704538,4473.389160,4124.491724,8.324698,7.500000,108.459162,1
625,2023-01,E010,Liberty Seguros,4494.210000,4494.210000,4134.326624,8.327080,3013.190000,3013.190000,2771.902435,7.927289,2813.173584,2587.902756,7.858603,7.750000,108.704764,1
626,2023-02,E010,Liberty Seguros,8856.490000,4362.280000,4001.176832,8.294344,6131.520000,3118.330000,2860.199196,7.958647,2964.280273,2718.901481,7.907983,7.750000,109.024924,1
627,2023-03,E010,Liberty Seguros,16682.060000,7825.570000,7088.922043,8.866289,11119.450000,4987.930000,4518.398906,8.415913,3931.787842,3561.675060,8.177986,7.750000,110.391537,1
628,2023-04,E010,Liberty Seguros,20466.420000,3784.360000,3409.161585,8.134222,13621.270000,2501.820000,2253.778350,7.720363,2920.156738,2630.639309,7.874982,7.750000,111.005592,1
629,2023-05,E010,Liberty Seguros,26624.120000,6157.700000,5529.621483,8.617875,17365.920000,3744.650000,3362.699886,8.120499,2805.053711,2518.941368,7.831594,7.750000,111.358436,1
630,2023-06,E010,Liberty Seguros,30459.860000,3835.740000,3449.769011,8.146063,19852.290000,2486.370000,2236.179245,7.712524,2835.707031,2550.364269,7.843991,7.750000,111.188314,1
631,2023-07,E010,Liberty Seguros,35138.080000,4678.220000,4191.084619,8.340715,23153.480000,3301.190000,2957.442496,7.992080,4369.121582,3914.172112,8.272359,7.750000,111.623134,1
632,2023-08,E010,Liberty Seguros,39757.480000,4619.400000,4122.881946,8.324308,26115.910000,2962.430000,2644.012028,7.880053,2808.223877,2506.380812,7.826595,7.750000,112.042985,1
633,2023-09,E010,Liberty Seguros,43168.370000,3410.890000,3043.769867,8.020852,28210.900000,2094.990000,1869.502515,7.533428,2851.333984,2544.439857,7.841666,7.500000,112.061363,1
634,2023-10,E010,Liberty Seguros,47041.110000,3872.740000,3467.089676,8.151071,30708.340000,2497.440000,2235.845536,7.712375,2823.048828,2527.348453,7.834926,7.250000,111.700024,1
635,2023-11,E010,Liberty Seguros,54986.110000,7945.000000,7124.417756,8.871283,35921.840000,5213.500000,4675.034861,8.449992,2933.125244,2630.183709,7.874809,7.000000,111.517885,1
636,2023-12,E010,Liberty Seguros,62927.690000,7941.580000,7092.570894,8.866803,41667.630000,5745.790000,5131.525832,8.543158,4701.770996,4199.119585,8.342630,6.750000,111.970400,1
637,2024-01,E010,Liberty Seguros,8966.700000,8966.700000,8006.560402,8.988017,5979.470000,5979.470000,5339.198114,8.582831,3021.898682,2698.318704,7.900384,6.500000,111.991911,1
638,2024-02,E010,Liberty Seguros,14121.630000,5154.930000,4577.428851,8.428893,8983.780000,3004.310000,2667.740449,7.888987,3120.777588,2771.160301,7.927021,6.250000,112.616278,1
639,2024-03,E010,Liberty Seguros,19235.510000,5113.880000,4495.599721,8.410854,12429.950000,3446.170000,3029.519834,8.016159,4027.672363,3540.717176,8.172085,6.250000,113.753010,1
640,2024-04,E010,Liberty Seguros,25327.020000,6091.510000,5357.800385,8.586309,16551.530000,4121.580000,3625.144326,8.195649,3079.103516,2708.231949,7.904051,6.000000,113.694232,1
641,2024-05,E010,Liberty Seguros,30524.630000,5197.610000,4575.719239,8.428519,19795.010000,3243.480000,2855.399662,7.956967,3017.898438,2656.808792,7.884881,5.750000,113.591104,1
642,2024-06,E010,Liberty Seguros,33760.130000,3235.500000,2844.911015,7.953287,21870.530000,2075.520000,1824.963594,7.509315,3047.427002,2679.542156,7.893401,5.750000,113.729392,1
643,2024-07,E010,Liberty Seguros,36723.000000,2962.870000,2599.052112,7.862902,23872.920000,2002.390000,1756.511747,7.471085,4576.685059,4014.702963,8.297719,5.750000,113.998099,1
644,2024-08,E010,Liberty Seguros,41353.000000,4630.000000,4049.962436,8.306463,26735.470000,2862.550000,2503.935199,7.825619,2959.672607,2588.890471,7.858985,5.500000,114.322048,1
645,2024-09,E010,Liberty Seguros,43753.970000,2400.970000,2105.182141,7.652157,28121.750000,1386.280000,1215.497028,7.102908,2947.731934,2584.585656,7.857320,5.250000,114.050464,1
646,2024-10,E010,Liberty Seguros,48011.710000,4257.740000,3736.686069,8.225954,30927.110000,2805.360000,2462.045506,7.808748,2950.953125,2589.821227,7.859344,5.250000,113.944279,1
647,2024-11,E010,Liberty Seguros,53448.800000,5437.090000,4767.221029,8.469519,34255.400000,3328.290000,2918.232746,7.978733,2970.694824,2604.694577,7.865071,5.000000,114.051561,1
648,2024-12,E010,Liberty Seguros,59789.780000,6340.980000,5553.879869,8.622252,38468.050000,4212.650000,3689.737553,8.213311,4880.891113,4275.030499,8.360547,5.000000,114.172077,1
649,2025-01,E010,Liberty Seguros,10572.350000,10572.350000,9268.663048,9.134394,6537.140000,6537.140000,5731.038790,8.653652,3121.322998,2736.429567,7.914409,4.750000,114.065534,1
650,2025-02,E010,Liberty Seguros,15970.020000,5397.670000,4723.197782,8.460241,10094.500000,3557.360000,3112.845887,8.043293,3270.431885,2861.771213,7.959196,4.750000,114.279991,1
651,2025-03,E010,Liberty Seguros,24903.110000,8933.090000,7754.025249,8.955967,15720.170000,5625.670000,4883.146506,8.493545,4209.702148,3654.070064,8.203597,4.750000,115.205841,1
652,2025-04,E010,Liberty Seguros,29418.080000,4514.970000,3906.620439,8.270428,18502.270000,2782.100000,2407.238304,7.786235,3174.904297,2747.115932,7.918307,4.750000,115.572272,1
653,2025-05,E010,Liberty Seguros,35826.980000,6408.900000,5548.494752,8.621282,22548.740000,4046.470000,3503.224822,8.161439,3116.688232,2698.267769,7.900365,4.500000,115.507003,1
654,2025-06,E010,Liberty Seguros,41916.490000,6089.510000,5265.208128,8.568876,26557.800000,4009.060000,3466.376654,8.150865,3135.407715,2710.985643,7.905068,4.500000,115.655637,1
655,2025-07,E010,Liberty Seguros,45185.740000,3269.250000,2820.183690,7.944557,28490.750000,1932.950000,1667.438729,7.419044,4760.717773,4106.782479,8.320395,4.500000,115.923300,1
656,2025-08,E010,Liberty Seguros,50479.570000,5293.830000,4579.959578,8.429445,31733.090000,3242.340000,2805.112015,7.939199,3079.415283,2664.157618,7.887643,4.500000,115.586828,1
657,2025-09,E010,Liberty Seguros,54461.110000,3981.540000,3444.247156,8.144461,34126.310000,2393.220000,2070.264566,7.635432,3113.536133,2693.376927,7.898551,4.250000,115.599718,1
658,2025-10,E010,Liberty Seguros,57308.240000,2847.130000,2465.377425,7.810100,35904.450000,1778.140000,1539.721128,7.339357,3086.611084,2672.748095,7.890862,4.250000,115.484549,1
659,2025-11,E010,Liberty Seguros,60853.630000,3545.390000,3066.615167,8.028330,38084.740000,2180.290000,1885.860338,7.542139,3102.256348,2683.322954,7.894811,4.250000,115.612485,1
660,2025-12,E010,Liberty Seguros,66080.810000,5227.180000,4510.283710,8.414115,41479.070000,3394.330000,2928.805074,7.982350,5077.461914,4381.099131,8.385055,4.250000,115.894705,1
661,2020-01,E011,Mapfre Perú (pre-fusión),94536.190000,94536.190000,102545.427520,11.538061,32374.550000,32374.550000,35117.366910,10.466451,2579.547363,2798.090204,7.936692,2.250000,92.189571,1
662,2020-02,E011,Mapfre Perú (pre-fusión),186023.150000,91486.960000,99096.974329,11.503854,62192.690000,29818.140000,32298.454929,10.382775,2684.386963,2907.678055,7.975110,2.250000,92.320639,1
663,2020-03,E011,Mapfre Perú (pre-fusión),264818.800000,78795.650000,84802.161316,11.348076,90711.060000,28518.370000,30692.295999,10.331767,3197.239014,3440.961254,8.143506,1.250000,92.917030,1
664,2020-04,E011,Mapfre Perú (pre-fusión),346679.750000,81860.950000,88009.083718,11.385195,122679.550000,31968.490000,34369.470581,10.444924,2519.562744,2708.793490,7.904259,0.250000,93.014206,1
665,2020-05,E011,Mapfre Perú (pre-fusión),421542.780000,74863.030000,80321.608320,11.293794,151667.310000,28987.760000,31101.379477,10.345007,2345.649414,2516.680576,7.830696,0.250000,93.204097,1
666,2020-06,E011,Mapfre Perú (pre-fusión),508486.340000,86943.560000,93531.865916,11.446057,228826.880000,77159.570000,83006.476332,11.326674,2360.650879,2539.533480,7.839736,0.250000,92.956084,1
667,2020-07,E011,Mapfre Perú (pre-fusión),659135.060000,150648.720000,161318.000262,11.991133,308407.200000,79580.320000,85216.376765,11.352949,3773.146729,4040.369443,8.304091,0.250000,93.386181,1
668,2020-08,E011,Mapfre Perú (pre-fusión),732673.950000,73538.890000,78833.984910,11.275099,327907.610000,19500.410000,20904.517701,9.947721,2380.944824,2552.382397,7.844782,0.250000,93.283233,1
669,2020-09,E011,Mapfre Perú (pre-fusión),830277.230000,97603.280000,104488.633068,11.556834,360974.290000,33066.680000,35399.345117,10.474449,2445.110840,2617.599422,7.870013,0.250000,93.410429,1
670,2020-10,E011,Mapfre Perú (pre-fusión),929517.770000,99240.540000,106223.572804,11.573301,394691.040000,33716.750000,36089.219671,10.493749,2421.107178,2591.467706,7.859980,0.250000,93.426099,1
671,2020-11,E011,Mapfre Perú (pre-fusión),1033339.990000,103822.220000,110552.239601,11.613243,437722.880000,43031.840000,45821.273000,10.732504,2434.410645,2592.215316,7.860268,0.250000,93.912362,1
672,2020-12,E011,Mapfre Perú (pre-fusión),1141261.730000,107921.740000,114861.525715,11.651483,477352.780000,39629.900000,42178.256002,10.649660,4193.692871,4463.363559,8.403658,0.250000,93.958129,1
673,2021-01,E011,Mapfre Perú (pre-fusión),101237.920000,101237.920000,106953.351938,11.580148,22867.370000,22867.370000,24158.357575,10.092386,2628.593994,2776.992441,7.929124,0.250000,94.656145,1
674,2021-02,E011,Mapfre Perú (pre-fusión),190064.430000,88826.510000,93958.948455,11.450613,61381.370000,38514.000000,40739.357437,10.614950,2693.624268,2849.263173,7.954816,0.250000,94.537574,1
675,2021-03,E011,Mapfre Perú (pre-fusión),283261.940000,93197.510000,97761.826933,11.490289,96629.030000,35247.660000,36973.902379,10.517968,3294.463623,3455.808879,8.147812,0.250000,95.331187,1
676,2021-04,E011,Mapfre Perú (pre-fusión),358023.380000,74761.440000,78505.044907,11.270918,123146.590000,26517.560000,27845.400498,10.234423,2720.330566,2856.548420,7.957369,0.250000,95.231383,1
677,2021-05,E011,Mapfre Perú (pre-fusión),466095.260000,108071.880000,113181.777588,11.636750,181007.270000,57860.680000,60596.471671,11.011992,2688.385254,2815.498554,7.942895,0.250000,95.485229,1
678,2021-06,E011,Mapfre Perú (pre-fusión),595175.540000,129080.280000,134484.626650,11.809205,252509.420000,71502.150000,74495.809487,11.218498,2684.098145,2796.476246,7.936115,0.250000,95.981439,1
679,2021-07,E011,Mapfre Perú (pre-fusión),714580.460000,119404.920000,123163.259712,11.721266,299277.940000,46768.520000,48240.586528,10.783956,4048.886230,4176.327293,8.337188,0.250000,96.948490,1
680,2021-08,E011,Mapfre Perú (pre-fusión),820888.990000,106308.530000,108585.159594,11.595290,335633.430000,36355.490000,37134.053907,10.522290,2547.848389,2602.411339,7.864194,0.500000,97.903369,1
681,2021-09,E011,Mapfre Perú (pre-fusión),918542.200000,97653.210000,99346.676812,11.506371,376087.920000,40454.490000,41156.037202,10.625126,2605.622803,2650.808575,7.882620,1.000000,98.295397,1
682,2021-10,E011,Mapfre Perú (pre-fusión),1026868.440000,108326.240000,109565.300271,11.604276,407447.690000,31359.770000,31718.470211,10.364654,2559.100098,2588.371669,7.858784,1.500000,98.869113,1
683,2021-11,E011,Mapfre Perú (pre-fusión),1160623.340000,133754.900000,134801.980530,11.811562,465356.810000,57909.120000,58362.453015,10.974428,2650.858398,2671.610253,7.890437,2.000000,99.223245,1
684,2021-12,E011,Mapfre Perú (pre-fusión),1258427.450000,97804.110000,97804.110000,11.490722,492931.910000,27575.100000,27575.100000,10.224668,4369.076172,4369.076172,8.382307,2.500000,100.000000,1
685,2022-01,E011,Mapfre Perú (pre-fusión),151425.670000,151425.670000,151369.257705,11.927478,73856.130000,73856.130000,73828.615552,11.209502,2705.242188,2704.234373,7.902574,3.000000,100.037268,1
686,2022-02,E011,Mapfre Perú (pre-fusión),297624.200000,146198.530000,145690.303944,11.889238,174797.780000,100941.650000,100590.749230,11.518816,2838.450928,2828.583696,7.947531,3.500000,100.348840,1
687,2022-03,E011,Mapfre Perú (pre-fusión),390858.870000,93234.670000,91553.139129,11.424675,210524.990000,35727.210000,35082.853061,10.465468,3935.511230,3864.532445,8.259596,4.000000,101.836672,1
688,2022-04,E011,Mapfre Perú (pre-fusión),471352.350000,80493.480000,78288.688891,11.268158,241920.490000,31395.500000,30535.548122,10.326647,2773.888428,2697.909050,7.900232,4.500000,102.816232,1
689,2022-05,E011,Mapfre Perú (pre-fusión),547437.990000,76085.640000,73718.486327,11.208009,264677.090000,22756.600000,22048.603468,10.001005,2741.049072,2655.770373,7.884490,5.000000,103.211072,1
690,2020-01,E012,Mapfre Perú (antes Mapfre Perú Vida),55936.460000,55936.460000,60675.474701,11.013295,13210.700000,13210.700000,14329.928881,9.570106,2579.547363,2798.090204,7.936692,2.250000,92.189571,1
691,2020-02,E012,Mapfre Perú (antes Mapfre Perú Vida),120990.710000,65054.250000,70465.554241,11.162879,25780.920000,12570.220000,13615.828624,9.518988,2684.386963,2907.678055,7.975110,2.250000,92.320639,1
692,2020-03,E012,Mapfre Perú (antes Mapfre Perú Vida),174815.310000,53824.600000,57927.593871,10.966949,38840.480000,13059.560000,14055.076820,9.550739,3197.239014,3440.961254,8.143506,1.250000,92.917030,1
693,2020-04,E012,Mapfre Perú (antes Mapfre Perú Vida),225960.700000,51145.390000,54986.643941,10.914846,50127.620000,11287.140000,12134.856109,9.403837,2519.562744,2708.793490,7.904259,0.250000,93.014206,1
694,2020-05,E012,Mapfre Perú (antes Mapfre Perú Vida),299476.120000,73515.420000,78875.738409,11.275629,83672.870000,33545.250000,35991.175237,10.491029,2345.649414,2516.680576,7.830696,0.250000,93.204097,1
695,2020-06,E012,Mapfre Perú (antes Mapfre Perú Vida),339587.160000,40111.040000,43150.526790,10.672450,91743.150000,8070.280000,8681.820101,9.068986,2360.650879,2539.533480,7.839736,0.250000,92.956084,1
696,2020-07,E012,Mapfre Perú (antes Mapfre Perú Vida),393164.610000,53577.450000,57371.925186,10.957310,105135.400000,13392.250000,14340.719184,9.570858,3773.146729,4040.369443,8.304091,0.250000,93.386181,1
697,2020-08,E012,Mapfre Perú (antes Mapfre Perú Vida),451484.600000,58319.990000,62519.263095,11.043230,119762.510000,14627.110000,15680.320563,9.660162,2380.944824,2552.382397,7.844782,0.250000,93.283233,1
698,2020-09,E012,Mapfre Perú (antes Mapfre Perú Vida),510503.690000,59019.090000,63182.549183,11.053783,134360.210000,14597.700000,15627.484229,9.656786,2445.110840,2617.599422,7.870013,0.250000,93.410429,1
699,2020-10,E012,Mapfre Perú (antes Mapfre Perú Vida),578146.280000,67642.590000,72402.241902,11.189993,152158.900000,17798.690000,19051.089837,9.854880,2421.107178,2591.467706,7.859980,0.250000,93.426099,1
700,2020-11,E012,Mapfre Perú (antes Mapfre Perú Vida),644617.760000,66471.480000,70780.329910,11.167336,166474.890000,14315.990000,15243.988778,9.631941,2434.410645,2592.215316,7.860268,0.250000,93.912362,1
701,2020-12,E012,Mapfre Perú (antes Mapfre Perú Vida),697653.190000,53035.430000,56445.813483,10.941036,179027.580000,12552.690000,13359.876566,9.500011,4193.692871,4463.363559,8.403658,0.250000,93.958129,1
702,2021-01,E012,Mapfre Perú (antes Mapfre Perú Vida),75770.320000,75770.320000,80047.967218,11.290381,20135.480000,20135.480000,21272.237506,9.965158,2628.593994,2776.992441,7.929124,0.250000,94.656145,1
703,2021-02,E012,Mapfre Perú (antes Mapfre Perú Vida),138127.350000,62357.030000,65960.049174,11.096805,34337.150000,14201.670000,15022.249321,9.617288,2693.624268,2849.263173,7.954816,0.250000,94.537574,1
704,2021-03,E012,Mapfre Perú (antes Mapfre Perú Vida),206058.030000,67930.680000,71257.562371,11.174056,54095.320000,19758.170000,20725.819778,9.939136,3294.463623,3455.808879,8.147812,0.250000,95.331187,1
705,2021-04,E012,Mapfre Perú (antes Mapfre Perú Vida),259476.990000,53418.960000,56093.861404,10.934782,61174.510000,7079.190000,7433.673413,8.913775,2720.330566,2856.548420,7.957369,0.250000,95.231383,1
706,2021-05,E012,Mapfre Perú (antes Mapfre Perú Vida),335559.530000,76082.540000,79679.904899,11.285773,71573.360000,10398.850000,10890.532559,9.295649,2688.385254,2815.498554,7.942895,0.250000,95.485229,1
707,2021-06,E012,Mapfre Perú (antes Mapfre Perú Vida),403179.550000,67620.020000,70451.142063,11.162675,86170.360000,14597.000000,15208.148721,9.629587,2684.098145,2796.476246,7.936115,0.250000,95.981439,1
708,2021-07,E012,Mapfre Perú (antes Mapfre Perú Vida),487261.000000,84081.450000,86727.962828,11.370532,98983.570000,12813.210000,13216.513281,9.489222,4048.886230,4176.327293,8.337188,0.250000,96.948490,1
709,2021-08,E012,Mapfre Perú (antes Mapfre Perú Vida),570849.830000,83588.830000,85378.910289,11.354854,116139.760000,17156.190000,17523.595041,9.771304,2547.848389,2602.411339,7.864194,0.500000,97.903369,1
710,2021-09,E012,Mapfre Perú (antes Mapfre Perú Vida),657879.540000,87029.710000,88538.947900,11.391198,127815.360000,11675.600000,11878.074052,9.382449,2605.622803,2650.808575,7.882620,1.000000,98.295397,1
711,2021-10,E012,Mapfre Perú (antes Mapfre Perú Vida),736744.620000,78865.080000,79767.156795,11.286867,143301.900000,15486.540000,15663.678581,9.659100,2559.100098,2588.371669,7.858784,1.500000,98.869113,1
712,2021-11,E012,Mapfre Perú (antes Mapfre Perú Vida),825123.800000,88379.180000,89071.043391,11.397190,159311.200000,16009.300000,16134.626447,9.688723,2650.858398,2671.610253,7.890437,2.000000,99.223245,1
713,2021-12,E012,Mapfre Perú (antes Mapfre Perú Vida),912224.410000,87100.610000,87100.610000,11.374819,173737.270000,14426.070000,14426.070000,9.576792,4369.076172,4369.076172,8.382307,2.500000,100.000000,1
714,2022-01,E012,Mapfre Perú (antes Mapfre Perú Vida),83507.520000,83507.520000,83476.410012,11.332319,12951.260000,12951.260000,12946.435123,9.468576,2705.242188,2704.234373,7.902574,3.000000,100.037268,1
715,2022-02,E012,Mapfre Perú (antes Mapfre Perú Vida),176671.130000,93163.610000,92839.747824,11.438630,27051.360000,14100.100000,14051.084198,9.550455,2838.450928,2828.583696,7.947531,3.500000,100.348840,1
716,2022-03,E012,Mapfre Perú (antes Mapfre Perú Vida),265651.050000,88979.920000,87375.125534,11.377966,43027.220000,15975.860000,15687.727894,9.660634,3935.511230,3864.532445,8.259596,4.000000,101.836672,1
717,2022-04,E012,Mapfre Perú (antes Mapfre Perú Vida),350875.630000,85224.580000,82890.199672,11.325272,56352.050000,13324.830000,12959.850542,9.469611,2773.888428,2697.909050,7.900232,4.500000,102.816232,1
718,2022-05,E012,Mapfre Perú (antes Mapfre Perú Vida),433986.310000,83110.680000,80524.965384,11.296323,71914.090000,15562.040000,15077.878466,9.620984,2741.049072,2655.770373,7.884490,5.000000,103.211072,1
719,2022-06,E012,Mapfre Perú (antes Mapfre Perú Vida),638169.020000,204182.710000,195502.532456,12.183329,149172.190000,77258.100000,73973.717964,11.211465,2748.454346,2631.612564,7.875352,5.500000,104.439931,1
720,2022-07,E012,Mapfre Perú (antes Mapfre Perú Vida),825276.240000,187107.220000,177483.030512,12.086630,203667.620000,54495.430000,51692.361553,10.853065,4209.761719,3993.225208,8.292355,6.000000,105.422597,1
721,2022-08,E012,Mapfre Perú (antes Mapfre Perú Vida),1118331.890000,293055.650000,276141.218865,12.528668,339462.920000,135795.300000,127957.538639,11.759454,2697.882324,2542.167378,7.840772,6.500000,106.125283,1
722,2022-09,E012,Mapfre Perú (antes Mapfre Perú Vida),1354797.140000,236465.250000,221658.778313,12.308894,411776.690000,72313.770000,67785.782111,11.124108,2729.158447,2558.269882,7.847086,6.750000,106.679849,1
723,2022-10,E012,Mapfre Perú (antes Mapfre Perú Vida),1560664.650000,205867.510000,192308.377102,12.166855,457400.930000,45624.240000,42619.272710,10.660062,2658.610107,2483.505023,7.817426,7.000000,107.050724,1
724,2022-11,E012,Mapfre Perú (antes Mapfre Perú Vida),1803945.510000,243280.860000,226087.239683,12.328676,545714.260000,88313.330000,82071.877775,11.315351,2718.443115,2526.319991,7.834519,7.250000,107.604861,1
725,2022-12,E012,Mapfre Perú (antes Mapfre Perú Vida),2022687.990000,218742.480000,201681.882809,12.214447,608111.920000,62397.660000,57531.017988,10.960080,4473.389160,4124.491724,8.324698,7.500000,108.459162,1
726,2023-01,E012,Mapfre Perú (antes Mapfre Perú Vida),223906.330000,223906.330000,205976.556832,12.235518,65206.190000,65206.190000,59984.666357,11.001844,2813.173584,2587.902756,7.858603,7.750000,108.704764,1
727,2023-02,E012,Mapfre Perú (antes Mapfre Perú Vida),438959.930000,215053.600000,197251.777034,12.192236,120405.430000,55199.240000,50629.927520,10.832298,2964.280273,2718.901481,7.907983,7.750000,109.024924,1
728,2023-03,E012,Mapfre Perú (antes Mapfre Perú Vida),679896.000000,240936.070000,218255.924818,12.293424,198906.770000,78501.340000,71111.737488,11.172008,3931.787842,3561.675060,8.177986,7.750000,110.391537,1
729,2023-04,E012,Mapfre Perú (antes Mapfre Perú Vida),880767.550000,200871.550000,180956.244078,12.106011,250716.660000,51809.890000,46673.225255,10.750926,2920.156738,2630.639309,7.874982,7.750000,111.005592,1
730,2023-05,E012,Mapfre Perú (antes Mapfre Perú Vida),1095283.700000,214516.150000,192635.742478,12.168556,321954.820000,71238.160000,63971.947307,11.066200,2805.053711,2518.941368,7.831594,7.750000,111.358436,1
731,2023-06,E012,Mapfre Perú (antes Mapfre Perú Vida),1288668.120000,193384.420000,173925.130297,12.066380,396671.100000,74716.280000,67197.961109,11.115398,2835.707031,2550.364269,7.843991,7.750000,111.188314,1
732,2023-07,E012,Mapfre Perú (antes Mapfre Perú Vida),1516284.860000,227616.740000,203915.381914,12.225460,464397.430000,67726.330000,60674.098256,11.013272,4369.121582,3914.172112,8.272359,7.750000,111.623134,1
733,2023-08,E012,Mapfre Perú (antes Mapfre Perú Vida),1775709.380000,259424.520000,231540.171837,12.352509,570020.660000,105623.230000,94270.274931,11.453921,2808.223877,2506.380812,7.826595,7.750000,112.042985,1
734,2023-09,E012,Mapfre Perú (antes Mapfre Perú Vida),2061391.570000,285682.190000,254933.709846,12.448759,690903.960000,120883.300000,107872.416294,11.588704,2851.333984,2544.439857,7.841666,7.500000,112.061363,1
735,2023-10,E012,Mapfre Perú (antes Mapfre Perú Vida),2288161.220000,226769.650000,203016.652888,12.221043,744485.760000,53581.800000,47969.371967,10.778318,2823.048828,2527.348453,7.834926,7.250000,111.700024,1
736,2023-11,E012,Mapfre Perú (antes Mapfre Perú Vida),2553164.820000,265003.600000,237633.272905,12.378484,826916.450000,82430.690000,73917.013401,11.210698,2933.125244,2630.183709,7.874809,7.000000,111.517885,1
737,2023-12,E012,Mapfre Perú (antes Mapfre Perú Vida),2789753.990000,236589.170000,211296.172917,12.261016,891015.780000,64099.330000,57246.674121,10.955125,4701.770996,4199.119585,8.342630,6.750000,111.970400,1
738,2024-01,E012,Mapfre Perú (antes Mapfre Perú Vida),256802.030000,256802.030000,229304.087864,12.342804,76800.180000,76800.180000,68576.542104,11.135706,3021.898682,2698.318704,7.900384,6.500000,111.991911,1
739,2024-02,E012,Mapfre Perú (antes Mapfre Perú Vida),508237.380000,251435.350000,223267.323752,12.316125,120857.390000,44057.210000,39121.529127,10.574428,3120.777588,2771.160301,7.927021,6.250000,112.616278,1
740,2024-03,E012,Mapfre Perú (antes Mapfre Perú Vida),766687.100000,258449.720000,227202.532926,12.333597,187925.400000,67068.010000,58959.327758,10.984603,4027.672363,3540.717176,8.172085,6.250000,113.753010,1
741,2024-04,E012,Mapfre Perú (antes Mapfre Perú Vida),978114.710000,211427.610000,185961.597419,12.133295,237874.590000,49949.190000,43932.914732,10.690419,3079.103516,2708.231949,7.904051,6.000000,113.694232,1
742,2024-05,E012,Mapfre Perú (antes Mapfre Perú Vida),1241794.220000,263679.510000,232130.422819,12.355055,324309.380000,86434.790000,76092.921854,11.239711,3017.898438,2656.808792,7.884881,5.750000,113.591104,1
743,2024-06,E012,Mapfre Perú (antes Mapfre Perú Vida),1441431.580000,199637.360000,175537.173363,12.075606,370204.010000,45894.630000,40354.238419,10.605452,3047.427002,2679.542156,7.893401,5.750000,113.729392,1
744,2024-07,E012,Mapfre Perú (antes Mapfre Perú Vida),1663208.820000,221777.240000,194544.682714,12.178417,429245.380000,59041.370000,51791.539085,10.854982,4576.685059,4014.702963,8.297719,5.750000,113.998099,1
745,2024-08,E012,Mapfre Perú (antes Mapfre Perú Vida),1913366.660000,250157.840000,218818.543209,12.295998,509424.100000,80178.720000,70134.082972,11.158164,2959.672607,2588.890471,7.858985,5.500000,114.322048,1
746,2024-09,E012,Mapfre Perú (antes Mapfre Perú Vida),2202891.190000,289524.530000,253856.512149,12.444524,616371.370000,106947.270000,93771.885049,11.448620,2947.731934,2584.585656,7.857320,5.250000,114.050464,1
747,2024-10,E012,Mapfre Perú (antes Mapfre Perú Vida),2462855.050000,259963.860000,228149.988996,12.337759,700401.070000,84029.700000,73746.308931,11.208386,2950.953125,2589.821227,7.859344,5.250000,113.944279,1
748,2024-11,E012,Mapfre Perú (antes Mapfre Perú Vida),2670745.140000,207890.090000,182277.285972,12.113284,744989.880000,44588.810000,39095.308831,10.573758,2970.694824,2604.694577,7.865071,5.000000,114.051561,1
749,2024-12,E012,Mapfre Perú (antes Mapfre Perú Vida),2892983.950000,222238.810000,194652.506847,12.178971,789909.390000,44919.510000,39343.691715,10.580091,4880.891113,4275.030499,8.360547,5.000000,114.172077,1
750,2025-01,E012,Mapfre Perú (antes Mapfre Perú Vida),287761.940000,287761.940000,252277.730099,12.438286,86725.570000,86725.570000,76031.354046,11.238901,3121.322998,2736.429567,7.914409,4.750000,114.065534,1
751,2025-02,E012,Mapfre Perú (antes Mapfre Perú Vida),554491.550000,266729.610000,233400.097135,12.360509,157498.670000,70773.100000,61929.563855,11.033753,3270.431885,2861.771213,7.959196,4.750000,114.279991,1
752,2025-03,E012,Mapfre Perú (antes Mapfre Perú Vida),845442.760000,290951.210000,252549.009212,12.439361,220095.970000,62597.300000,54335.179064,10.902927,4209.702148,3654.070064,8.203597,4.750000,115.205841,1
753,2025-04,E012,Mapfre Perú (antes Mapfre Perú Vida),1077274.190000,231831.430000,200594.334600,12.209040,268745.770000,48649.800000,42094.698978,10.647677,3174.904297,2747.115932,7.918307,4.750000,115.572272,1
754,2025-05,E012,Mapfre Perú (antes Mapfre Perú Vida),1296619.940000,219345.750000,189898.226344,12.154244,302267.500000,33521.730000,29021.383232,10.275788,3116.688232,2698.267769,7.900365,4.500000,115.507003,1
755,2025-06,E012,Mapfre Perú (antes Mapfre Perú Vida),1544983.920000,248363.980000,214744.379472,12.277204,360432.070000,58164.570000,50291.167390,10.825585,3135.407715,2710.985643,7.905068,4.500000,115.655637,1
756,2025-07,E012,Mapfre Perú (antes Mapfre Perú Vida),1835114.550000,290130.630000,250278.097673,12.430328,428452.910000,68020.840000,58677.453109,10.979811,4760.717773,4106.782479,8.320395,4.500000,115.923300,1
757,2025-08,E012,Mapfre Perú (antes Mapfre Perú Vida),2109390.140000,274275.590000,237289.658991,12.377037,488196.780000,59743.870000,51687.437949,10.852970,3079.415283,2664.157618,7.887643,4.500000,115.586828,1
758,2025-09,E012,Mapfre Perú (antes Mapfre Perú Vida),2345530.540000,236140.400000,204274.200738,12.227218,523813.820000,35617.040000,30810.663396,10.335616,3113.536133,2693.376927,7.898551,4.250000,115.599718,1
759,2025-10,E012,Mapfre Perú (antes Mapfre Perú Vida),2604481.530000,258950.990000,224229.987684,12.320428,567407.230000,43593.410000,37748.261891,10.538695,3086.611084,2672.748095,7.890862,4.250000,115.484549,1
760,2025-11,E012,Mapfre Perú (antes Mapfre Perú Vida),2884352.890000,279871.360000,242077.107849,12.397012,647866.850000,80459.620000,69594.231107,11.150437,3102.256348,2683.322954,7.894811,4.250000,115.612485,1
761,2025-12,E012,Mapfre Perú (antes Mapfre Perú Vida),3121643.010000,237290.120000,204746.299669,12.229527,682028.770000,34161.920000,29476.687481,10.291355,5077.461914,4381.099131,8.385055,4.250000,115.894705,1
762,2020-01,E013,AuguStar (anteriormente Ohio National Vida),17737.050000,17737.050000,19239.757549,9.864734,17.510000,17.510000,18.993472,2.944095,2579.547363,2798.090204,7.936692,2.250000,92.189571,1
763,2020-02,E013,AuguStar (anteriormente Ohio National Vida),35537.360000,17800.310000,19280.964884,9.866874,35.410000,17.900000,19.388947,2.964703,2684.386963,2907.678055,7.975110,2.250000,92.320639,1
764,2020-03,E013,AuguStar (anteriormente Ohio National Vida),53503.910000,17966.550000,19336.121618,9.869730,266.720000,231.310000,248.942523,5.517222,3197.239014,3440.961254,8.143506,1.250000,92.917030,1
765,2020-04,E013,AuguStar (anteriormente Ohio National Vida),70757.940000,17254.030000,18549.886982,9.828219,277.820000,11.100000,11.933661,2.479363,2519.562744,2708.793490,7.904259,0.250000,93.014206,1
766,2020-05,E013,AuguStar (anteriormente Ohio National Vida),87665.050000,16907.110000,18139.878485,9.805868,284.590000,6.770000,7.263629,1.982880,2345.649414,2516.680576,7.830696,0.250000,93.204097,1
767,2020-06,E013,AuguStar (anteriormente Ohio National Vida),104448.250000,16783.200000,18054.977413,9.801177,306.540000,21.950000,23.613301,3.161810,2360.650879,2539.533480,7.839736,0.250000,92.956084,1
768,2020-07,E013,AuguStar (anteriormente Ohio National Vida),120056.540000,15608.290000,16713.704108,9.723984,313.700000,7.160000,7.667087,2.036937,3773.146729,4040.369443,8.304091,0.250000,93.386181,1
769,2020-08,E013,AuguStar (anteriormente Ohio National Vida),135075.150000,15018.610000,16100.010132,9.686575,321.380000,7.680000,8.232991,2.108149,2380.944824,2552.382397,7.844782,0.250000,93.283233,1
770,2020-09,E013,AuguStar (anteriormente Ohio National Vida),149493.220000,14418.070000,15435.182360,9.644405,328.670000,7.290000,7.804268,2.054671,2445.110840,2617.599422,7.870013,0.250000,93.410429,1
771,2020-10,E013,AuguStar (anteriormente Ohio National Vida),162377.520000,12884.300000,13790.900161,9.531764,336.770000,8.100000,8.669954,2.159864,2421.107178,2591.467706,7.859980,0.250000,93.426099,1
772,2020-11,E013,AuguStar (anteriormente Ohio National Vida),174694.320000,12316.800000,13115.206212,9.481528,345.700000,8.930000,9.508865,2.252225,2434.410645,2592.215316,7.860268,0.250000,93.912362,1
773,2020-12,E013,AuguStar (anteriormente Ohio National Vida),189132.970000,14438.650000,15367.111096,9.639985,355.610000,9.910000,10.547251,2.355865,4193.692871,4463.363559,8.403658,0.250000,93.958129,1
774,2021-01,E013,AuguStar (anteriormente Ohio National Vida),22541.350000,22541.350000,23813.931970,10.078026,1629.670000,1629.670000,1721.673747,7.451052,2628.593994,2776.992441,7.929124,0.250000,94.656145,1
775,2021-02,E013,AuguStar (anteriormente Ohio National Vida),46215.190000,23673.840000,25041.725857,10.128299,4494.610000,2864.940000,3030.477611,8.016476,2693.624268,2849.263173,7.954816,0.250000,94.537574,1
776,2021-03,E013,AuguStar (anteriormente Ohio National Vida),69706.730000,23491.540000,24642.030328,10.112209,15825.190000,11330.580000,11885.491372,9.383074,3294.463623,3455.808879,8.147812,0.250000,95.331187,1
777,2021-04,E013,AuguStar (anteriormente Ohio National Vida),93418.670000,23711.940000,24899.291861,10.122595,22742.300000,6917.110000,7263.477418,8.890614,2720.330566,2856.548420,7.957369,0.250000,95.231383,1
778,2021-05,E013,AuguStar (anteriormente Ohio National Vida),116579.460000,23160.790000,24255.887679,10.096415,62511.660000,39769.360000,41649.750688,10.637051,2688.385254,2815.498554,7.942895,0.250000,95.485229,1
779,2021-06,E013,AuguStar (anteriormente Ohio National Vida),139843.710000,23264.250000,24238.280050,10.095688,76350.710000,13839.050000,14418.464791,9.576265,2684.098145,2796.476246,7.936115,0.250000,95.981439,1
780,2021-07,E013,AuguStar (anteriormente Ohio National Vida),163249.820000,23406.110000,24142.831005,10.091743,90332.220000,13981.510000,14421.586207,9.576481,4048.886230,4176.327293,8.337188,0.250000,96.948490,1
781,2021-08,E013,AuguStar (anteriormente Ohio National Vida),187309.020000,24059.200000,24574.435106,10.109462,171656.810000,81324.590000,83066.180899,11.327393,2547.848389,2602.411339,7.864194,0.500000,97.903369,1
782,2021-09,E013,AuguStar (anteriormente Ohio National Vida),212068.130000,24759.110000,25188.473572,10.134142,195387.670000,23730.860000,24142.392031,10.091725,2605.622803,2650.808575,7.882620,1.000000,98.295397,1
783,2021-10,E013,AuguStar (anteriormente Ohio National Vida),237285.580000,25217.450000,25505.892952,10.146665,219768.840000,24381.170000,24660.047390,10.112940,2559.100098,2588.371669,7.858784,1.500000,98.869113,1
784,2021-11,E013,AuguStar (anteriormente Ohio National Vida),263445.060000,26159.480000,26364.265635,10.179765,244959.130000,25190.290000,25387.488474,10.142012,2650.858398,2671.610253,7.890437,2.000000,99.223245,1
785,2021-12,E013,AuguStar (anteriormente Ohio National Vida),289889.960000,26444.900000,26444.900000,10.182819,270829.020000,25869.890000,25869.890000,10.160835,4369.076172,4369.076172,8.382307,2.500000,100.000000,1
786,2022-01,E013,AuguStar (anteriormente Ohio National Vida),26531.120000,26531.120000,26521.236066,10.185701,25774.000000,25774.000000,25764.398124,10.156749,2705.242188,2704.234373,7.902574,3.000000,100.037268,1
787,2022-02,E013,AuguStar (anteriormente Ohio National Vida),53571.980000,27040.860000,26946.858579,10.201622,52136.230000,26362.230000,26270.587682,10.176205,2838.450928,2828.583696,7.947531,3.500000,100.348840,1
788,2022-03,E013,AuguStar (anteriormente Ohio National Vida),80272.460000,26700.480000,26218.924358,10.174237,78089.790000,25953.560000,25485.475409,10.145864,3935.511230,3864.532445,8.259596,4.000000,101.836672,1
789,2022-04,E013,AuguStar (anteriormente Ohio National Vida),106781.210000,26508.750000,25782.650739,10.157457,141143.960000,63054.170000,61327.057774,11.023976,2773.888428,2697.909050,7.900232,4.500000,102.816232,1
790,2022-05,E013,AuguStar (anteriormente Ohio National Vida),132850.890000,26069.680000,25258.607914,10.136922,166498.730000,25354.770000,24565.939980,10.109116,2741.049072,2655.770373,7.884490,5.000000,103.211072,1
791,2022-06,E013,AuguStar (anteriormente Ohio National Vida),159002.360000,26151.470000,25039.723552,10.128219,191984.280000,25485.550000,24402.113019,10.102425,2748.454346,2631.612564,7.875352,5.500000,104.439931,1
792,2022-07,E013,AuguStar (anteriormente Ohio National Vida),185473.510000,26471.150000,25109.559765,10.131004,217716.570000,25732.290000,24408.704331,10.102695,4209.761719,3993.225208,8.292355,6.000000,105.422597,1
793,2022-08,E013,AuguStar (anteriormente Ohio National Vida),213104.910000,27631.400000,26036.585457,10.167258,244510.650000,26794.080000,25247.593450,10.136486,2697.882324,2542.167378,7.840772,6.500000,106.125283,1
794,2022-09,E013,AuguStar (anteriormente Ohio National Vida),241540.960000,28436.050000,26655.502671,10.190751,272134.820000,27624.170000,25894.459224,10.161784,2729.158447,2558.269882,7.847086,6.750000,106.679849,1
795,2022-10,E013,AuguStar (anteriormente Ohio National Vida),270083.040000,28542.080000,26662.201743,10.191002,299862.200000,27727.380000,25901.160650,10.162043,2658.610107,2483.505023,7.817426,7.000000,107.050724,1
796,2022-11,E013,AuguStar (anteriormente Ohio National Vida),299219.630000,29136.590000,27077.391978,10.206454,328176.120000,28313.920000,26312.863319,10.177813,2718.443115,2526.319991,7.834519,7.250000,107.604861,1
797,2022-12,E013,AuguStar (anteriormente Ohio National Vida),328439.300000,29219.670000,26940.711565,10.201394,356420.700000,28244.580000,26041.672717,10.167453,4473.389160,4124.491724,8.324698,7.500000,108.459162,1
798,2023-01,E013,AuguStar (anteriormente Ohio National Vida),33095.450000,33095.450000,30445.261810,10.323686,16070.430000,16070.430000,14783.556312,9.601271,2813.173584,2587.902756,7.858603,7.750000,108.704764,1
799,2023-02,E013,AuguStar (anteriormente Ohio National Vida),66336.020000,33240.570000,30488.964156,10.325120,32296.390000,16225.960000,14882.798726,9.607961,2964.280273,2718.901481,7.907983,7.750000,109.024924,1
800,2023-03,E013,AuguStar (anteriormente Ohio National Vida),100412.110000,34076.090000,30868.389848,10.337488,48047.740000,15751.350000,14268.620972,9.565818,3931.787842,3561.675060,8.177986,7.750000,110.391537,1
801,2023-04,E013,AuguStar (anteriormente Ohio National Vida),133349.790000,32937.680000,29672.090754,10.297962,63235.350000,15187.610000,13681.842263,9.523825,2920.156738,2630.639309,7.874982,7.750000,111.005592,1
802,2023-05,E013,AuguStar (anteriormente Ohio National Vida),166034.350000,32684.560000,29350.771413,10.287074,78179.720000,14944.370000,13420.060964,9.504506,2805.053711,2518.941368,7.831594,7.750000,111.358436,1
803,2023-06,E013,AuguStar (anteriormente Ohio National Vida),198559.310000,32524.960000,29252.138853,10.283708,92945.480000,14765.760000,13279.956741,9.494011,2835.707031,2550.364269,7.843991,7.750000,111.188314,1
804,2023-07,E013,AuguStar (anteriormente Ohio National Vida),229941.730000,31382.420000,28114.620039,10.244045,107199.860000,14254.380000,12770.094773,9.454861,4369.121582,3914.172112,8.272359,7.750000,111.623134,1
805,2023-08,E013,AuguStar (anteriormente Ohio National Vida),262003.740000,32062.010000,28615.812047,10.261715,121597.810000,14397.950000,12850.380593,9.461129,2808.223877,2506.380812,7.826595,7.750000,112.042985,1
806,2023-09,E013,AuguStar (anteriormente Ohio National Vida),295119.730000,33115.990000,29551.657336,10.293895,136457.390000,14859.580000,13260.217083,9.492524,2851.333984,2544.439857,7.841666,7.500000,112.061363,1
807,2023-10,E013,AuguStar (anteriormente Ohio National Vida),330373.110000,35253.380000,31560.763138,10.359670,152337.820000,15880.430000,14217.033651,9.562196,2823.048828,2527.348453,7.834926,7.250000,111.700024,1
808,2023-11,E013,AuguStar (anteriormente Ohio National Vida),366101.580000,35728.470000,32038.331789,10.374688,168307.550000,15969.730000,14320.330770,9.569436,2933.125244,2630.183709,7.874809,7.000000,111.517885,1
809,2023-12,E013,AuguStar (anteriormente Ohio National Vida),401894.250000,35792.670000,31966.189279,10.372434,184271.680000,15964.130000,14257.455542,9.565035,4701.770996,4199.119585,8.342630,6.750000,111.970400,1
810,2024-01,E013,AuguStar (anteriormente Ohio National Vida),47735.280000,47735.280000,42623.864147,10.660170,20704.640000,20704.640000,18487.620950,9.824857,3021.898682,2698.318704,7.900384,6.500000,111.991911,1
811,2024-02,E013,AuguStar (anteriormente Ohio National Vida),97200.440000,49465.160000,43923.632426,10.690208,41581.730000,20877.090000,18538.252525,9.827592,3120.777588,2771.160301,7.927021,6.250000,112.616278,1
812,2024-03,E013,AuguStar (anteriormente Ohio National Vida),146525.710000,49325.270000,43361.727307,10.677332,62394.460000,20812.730000,18296.421343,9.814461,4027.672363,3540.717176,8.172085,6.250000,113.753010,1
813,2024-04,E013,AuguStar (anteriormente Ohio National Vida),194572.190000,48046.480000,42259.382165,10.651582,82543.020000,20148.560000,17721.708169,9.782546,3079.103516,2708.231949,7.904051,6.000000,113.694232,1
814,2024-05,E013,AuguStar (anteriormente Ohio National Vida),242778.650000,48206.460000,42438.587444,10.655813,102822.550000,20279.530000,17853.097017,9.789932,3017.898438,2656.808792,7.884881,5.750000,113.591104,1
815,2024-06,E013,AuguStar (anteriormente Ohio National Vida),291522.590000,48743.940000,42859.580222,10.665684,123305.340000,20482.790000,18010.111230,9.798689,3047.427002,2679.542156,7.893401,5.750000,113.729392,1
816,2024-07,E013,AuguStar (anteriormente Ohio National Vida),340769.880000,49247.290000,43200.097574,10.673598,143948.780000,20643.440000,18108.582670,9.804141,4576.685059,4014.702963,8.297719,5.750000,113.998099,1
817,2024-08,E013,AuguStar (anteriormente Ohio National Vida),390690.010000,49920.130000,43666.231382,10.684330,164898.980000,20950.200000,18325.598926,9.816054,2959.672607,2588.890471,7.858985,5.500000,114.322048,1
818,2024-09,E013,AuguStar (anteriormente Ohio National Vida),441854.790000,51164.780000,44861.527262,10.711336,186344.880000,21445.900000,18803.869136,9.841818,2947.731934,2584.585656,7.857320,5.250000,114.050464,1
819,2024-10,E013,AuguStar (anteriormente Ohio National Vida),493342.650000,51487.860000,45186.875947,10.718562,207848.170000,21503.290000,18871.759239,9.845422,2950.953125,2589.821227,7.859344,5.250000,113.944279,1
820,2024-11,E013,AuguStar (anteriormente Ohio National Vida),544740.580000,51397.930000,45065.520848,10.715873,229355.050000,21506.880000,18857.155318,9.844648,2970.694824,2604.694577,7.865071,5.000000,114.051561,1
821,2024-12,E013,AuguStar (anteriormente Ohio National Vida),597693.270000,52952.690000,46379.720323,10.744618,251480.770000,22125.720000,19379.274321,9.871959,4880.891113,4275.030499,8.360547,5.000000,114.172077,1
822,2025-01,E013,AuguStar (anteriormente Ohio National Vida),4564.900000,4564.900000,4001.997659,8.294549,1608.680000,1608.680000,1410.312076,7.251566,3121.322998,2736.429567,7.914409,4.750000,114.065534,1
823,2025-02,E013,AuguStar (anteriormente Ohio National Vida),9363.760000,4798.860000,4199.212791,8.342652,3313.340000,1704.660000,1491.652200,7.307640,3270.431885,2861.771213,7.959196,4.750000,114.279991,1
824,2025-03,E013,AuguStar (anteriormente Ohio National Vida),13975.690000,4611.930000,4003.208483,8.294851,4918.080000,1604.740000,1392.932846,7.239167,4209.702148,3654.070064,8.203597,4.750000,115.205841,1
825,2025-04,E013,AuguStar (anteriormente Ohio National Vida),16866.840000,2891.150000,2501.594846,7.824684,5744.370000,826.290000,714.955227,6.572220,3174.904297,2747.115932,7.918307,4.750000,115.572272,1
826,2025-05,E013,AuguStar (anteriormente Ohio National Vida),18975.090000,2108.250000,1825.214009,7.509453,6327.560000,583.190000,504.895794,6.224352,3116.688232,2698.267769,7.900365,4.500000,115.507003,1
827,2025-06,E013,AuguStar (anteriormente Ohio National Vida),20955.790000,1980.700000,1712.584057,7.445759,6816.250000,488.690000,422.538851,6.046281,3135.407715,2710.985643,7.905068,4.500000,115.655637,1
828,2025-07,E013,AuguStar (anteriormente Ohio National Vida),22867.860000,1912.070000,1649.426819,7.408183,7311.250000,495.000000,427.006478,6.056799,4760.717773,4106.782479,8.320395,4.500000,115.923300,1
829,2025-08,E013,AuguStar (anteriormente Ohio National Vida),25106.310000,2238.450000,1936.596097,7.568687,7666.070000,354.820000,306.972694,5.726759,3079.415283,2664.157618,7.887643,4.500000,115.586828,1
830,2025-09,E013,AuguStar (anteriormente Ohio National Vida),26910.950000,1804.640000,1561.111075,7.353153,7992.860000,326.790000,282.691001,5.644354,3113.536133,2693.376927,7.898551,4.250000,115.599718,1
831,2025-10,E013,AuguStar (anteriormente Ohio National Vida),29043.170000,2132.220000,1846.324914,7.520952,8339.780000,346.920000,300.403823,5.705128,3086.611084,2672.748095,7.890862,4.250000,115.484549,1
832,2025-11,E013,AuguStar (anteriormente Ohio National Vida),31284.120000,2240.950000,1938.328719,7.569581,8836.810000,497.030000,429.910316,6.063577,3102.256348,2683.322954,7.894811,4.250000,115.612485,1
833,2025-12,E013,AuguStar (anteriormente Ohio National Vida),33197.140000,1913.020000,1650.653496,7.408927,9157.810000,321.000000,276.975553,5.623929,5077.461914,4381.099131,8.385055,4.250000,115.894705,1
834,2020-01,E014,Pacífico Seguros,324655.630000,324655.630000,352160.906582,12.771843,38834.830000,38834.830000,42124.970818,10.648396,2579.547363,2798.090204,7.936692,2.250000,92.189571,1
835,2020-02,E014,Pacífico Seguros,622654.850000,297999.220000,322787.215296,12.684749,68714.730000,29879.900000,32365.352212,10.384844,2684.386963,2907.678055,7.975110,2.250000,92.320639,1
836,2020-03,E014,Pacífico Seguros,913774.440000,291119.590000,313311.336775,12.654953,100208.790000,31494.060000,33894.819785,10.431017,3197.239014,3440.961254,8.143506,1.250000,92.917030,1
837,2020-04,E014,Pacífico Seguros,1150686.170000,236911.730000,254704.890176,12.447861,121894.320000,21685.530000,23314.213007,10.056818,2519.562744,2708.793490,7.904259,0.250000,93.014206,1
838,2020-05,E014,Pacífico Seguros,1394443.040000,243756.870000,261530.208402,12.474305,159084.230000,37189.910000,39901.582724,10.594171,2345.649414,2516.680576,7.830696,0.250000,93.204097,1
839,2020-06,E014,Pacífico Seguros,1699096.480000,304653.440000,327739.106850,12.699973,229640.850000,70556.620000,75903.175822,11.237214,2360.650879,2539.533480,7.839736,0.250000,92.956084,1
840,2020-07,E014,Pacífico Seguros,1978018.000000,278921.520000,298675.367680,12.607113,251651.200000,22010.350000,23569.172357,10.067695,3773.146729,4040.369443,8.304091,0.250000,93.386181,1
841,2020-08,E014,Pacífico Seguros,2224555.540000,246537.540000,264289.231292,12.484799,270793.690000,19142.490000,20520.826026,9.929196,2380.944824,2552.382397,7.844782,0.250000,93.283233,1
842,2020-09,E014,Pacífico Seguros,2540381.150000,315825.610000,338105.300115,12.731113,324911.810000,54118.120000,57935.843785,10.967092,2445.110840,2617.599422,7.870013,0.250000,93.410429,1
843,2020-10,E014,Pacífico Seguros,2906237.040000,365855.890000,391599.237240,12.877994,411350.770000,86438.960000,92521.213213,11.435193,2421.107178,2591.467706,7.859980,0.250000,93.426099,1
844,2020-11,E014,Pacífico Seguros,3276575.620000,370338.580000,394344.865959,12.884981,455832.900000,44482.130000,47365.574476,10.765651,2434.410645,2592.215316,7.860268,0.250000,93.912362,1
845,2020-12,E014,Pacífico Seguros,3653383.330000,376807.710000,401037.904615,12.901811,529911.420000,74078.520000,78842.055641,11.275202,4193.692871,4463.363559,8.403658,0.250000,93.958129,1
846,2021-01,E014,Pacífico Seguros,344317.680000,344317.680000,363756.288232,12.804239,59622.850000,59622.850000,62988.884596,11.050714,2628.593994,2776.992441,7.929124,0.250000,94.656145,1
847,2021-02,E014,Pacífico Seguros,665646.620000,321328.940000,339895.480646,12.736393,113260.260000,53637.410000,56736.605338,10.946175,2693.624268,2849.263173,7.954816,0.250000,94.537574,1
848,2021-03,E014,Pacífico Seguros,987669.070000,322022.450000,337793.391964,12.730190,166990.390000,53730.130000,56361.545176,10.939542,3294.463623,3455.808879,8.147812,0.250000,95.331187,1
849,2021-04,E014,Pacífico Seguros,1264176.020000,276506.950000,290352.761089,12.578852,196796.420000,29806.030000,31298.537370,10.351327,2720.330566,2856.548420,7.957369,0.250000,95.231383,1
850,2021-05,E014,Pacífico Seguros,1581749.560000,317573.540000,332589.178351,12.714663,249783.970000,52987.550000,55492.928401,10.924011,2688.385254,2815.498554,7.942895,0.250000,95.485229,1
851,2021-06,E014,Pacífico Seguros,1914738.650000,332989.090000,346930.712014,12.756880,299824.560000,50040.590000,52135.694651,10.861605,2684.098145,2796.476246,7.936115,0.250000,95.981439,1
852,2021-07,E014,Pacífico Seguros,2260839.010000,346100.360000,356994.071307,12.785474,351637.660000,51813.100000,53443.947634,10.886389,4048.886230,4176.327293,8.337188,0.250000,96.948490,1
853,2021-08,E014,Pacífico Seguros,2612496.660000,351657.650000,359188.505829,12.791603,394329.870000,42692.210000,43606.476698,10.682961,2547.848389,2602.411339,7.864194,0.500000,97.903369,1
854,2021-09,E014,Pacífico Seguros,3011386.520000,398889.860000,405807.264351,12.913634,470679.070000,76349.200000,77673.220340,11.260266,2605.622803,2650.808575,7.882620,1.000000,98.295397,1
855,2021-10,E014,Pacífico Seguros,3417606.990000,406220.470000,410866.912501,12.926025,542013.100000,71334.030000,72149.964925,11.186502,2559.100098,2588.371669,7.858784,1.500000,98.869113,1
856,2021-11,E014,Pacífico Seguros,3792168.200000,374561.210000,377493.407253,12.841308,578893.360000,36880.260000,37168.971682,10.523230,2650.858398,2671.610253,7.890437,2.000000,99.223245,1
857,2021-12,E014,Pacífico Seguros,4271996.030000,479827.830000,479827.830000,13.081183,715275.770000,136382.410000,136382.410000,11.823218,4369.076172,4369.076172,8.382307,2.500000,100.000000,1
858,2022-01,E014,Pacífico Seguros,456045.880000,456045.880000,455875.984138,13.029976,118741.900000,118741.900000,118697.663755,11.684335,2705.242188,2704.234373,7.902574,3.000000,100.037268,1
859,2022-02,E014,Pacífico Seguros,821860.730000,365814.850000,364543.177579,12.806400,170242.260000,51500.360000,51321.330670,10.845862,2838.450928,2828.583696,7.947531,3.500000,100.348840,1
860,2022-03,E014,Pacífico Seguros,1175472.060000,353611.330000,347233.784309,12.757754,234353.400000,64111.140000,62954.865611,11.050173,3935.511230,3864.532445,8.259596,4.000000,101.836672,1
861,2022-04,E014,Pacífico Seguros,1500254.040000,324781.980000,315885.900195,12.663136,272706.960000,38353.560000,37303.020402,10.526830,2773.888428,2697.909050,7.900232,4.500000,102.816232,1
862,2022-05,E014,Pacífico Seguros,1829942.020000,329687.980000,319430.826181,12.674296,312511.390000,39804.430000,38566.046480,10.560128,2741.049072,2655.770373,7.884490,5.000000,103.211072,1
863,2022-06,E014,Pacífico Seguros,2173833.460000,343891.440000,329271.990806,12.704639,364031.030000,51519.640000,49329.446608,10.806276,2748.454346,2631.612564,7.875352,5.500000,104.439931,1
864,2022-07,E014,Pacífico Seguros,2513701.820000,339868.360000,322386.632156,12.683507,400590.950000,36559.920000,34679.396107,10.453901,4209.761719,3993.225208,8.292355,6.000000,105.422597,1
865,2022-08,E014,Pacífico Seguros,2857124.230000,343422.410000,323600.936829,12.687266,438660.980000,38070.030000,35872.724127,10.487733,2697.882324,2542.167378,7.840772,6.500000,106.125283,1
866,2022-09,E014,Pacífico Seguros,3269149.160000,412024.930000,386225.640421,12.864177,517011.360000,78350.380000,73444.404669,11.204284,2729.158447,2558.269882,7.847086,6.750000,106.679849,1
867,2022-10,E014,Pacífico Seguros,3622192.570000,353043.410000,329790.772830,12.706214,565233.230000,48221.870000,45045.813983,10.715435,2658.610107,2483.505023,7.817426,7.000000,107.050724,1
868,2022-11,E014,Pacífico Seguros,4057630.050000,435437.480000,404663.391554,12.910811,682703.540000,117470.310000,109168.218711,11.600645,2718.443115,2526.319991,7.834519,7.250000,107.604861,1
869,2022-12,E014,Pacífico Seguros,4444904.740000,387274.690000,357069.594545,12.785686,750181.940000,67478.400000,62215.490841,11.038359,4473.389160,4124.491724,8.324698,7.500000,108.459162,1
870,2023-01,E014,Pacífico Seguros,437115.410000,437115.410000,402112.468594,12.904487,106946.600000,106946.600000,98382.624703,11.496619,2813.173584,2587.902756,7.858603,7.750000,108.704764,1
871,2023-02,E014,Pacífico Seguros,831300.290000,394184.880000,361554.831260,12.798169,184554.630000,77608.030000,71183.750607,11.173020,2964.280273,2718.901481,7.907983,7.750000,109.024924,1
872,2023-03,E014,Pacífico Seguros,1218836.040000,387535.750000,351055.670146,12.768700,235656.340000,51101.710000,46291.329380,10.742710,3931.787842,3561.675060,8.177986,7.750000,110.391537,1
873,2023-04,E014,Pacífico Seguros,1568158.110000,349322.070000,314688.714060,12.659339,282176.580000,46520.240000,41908.014868,10.643232,2920.156738,2630.639309,7.874982,7.750000,111.005592,1
874,2023-05,E014,Pacífico Seguros,1973172.120000,405014.010000,363703.033688,12.804093,366727.560000,84550.980000,75926.874548,11.237526,2805.053711,2518.941368,7.831594,7.750000,111.358436,1
875,2023-06,E014,Pacífico Seguros,2401691.590000,428519.470000,385399.737242,12.862036,443051.920000,76324.360000,68644.228205,11.136692,2835.707031,2550.364269,7.843991,7.750000,111.188314,1
876,2023-07,E014,Pacífico Seguros,2773228.290000,371536.700000,332849.192355,12.715445,491737.680000,48685.760000,43616.191604,10.683184,4369.121582,3914.172112,8.272359,7.750000,111.623134,1
877,2023-08,E014,Pacífico Seguros,3132128.270000,358899.980000,320323.472282,12.677087,535971.510000,44233.830000,39479.339113,10.583533,2808.223877,2506.380812,7.826595,7.750000,112.042985,1
878,2023-09,E014,Pacífico Seguros,3545900.270000,413772.000000,369236.986703,12.819194,631489.000000,95517.490000,85236.773356,11.353188,2851.333984,2544.439857,7.841666,7.500000,112.061363,1
879,2023-10,E014,Pacífico Seguros,3959314.580000,413414.310000,370111.209645,12.821559,697296.150000,65807.150000,58914.177136,10.983837,2823.048828,2527.348453,7.834926,7.250000,111.700024,1
880,2023-11,E014,Pacífico Seguros,4436462.120000,477147.540000,427866.382150,12.966566,791232.910000,93936.760000,84234.703698,11.341362,2933.125244,2630.183709,7.874809,7.000000,111.517885,1
881,2023-12,E014,Pacífico Seguros,4910639.110000,474176.990000,423484.233333,12.956272,899558.080000,108325.170000,96744.469967,11.479828,4701.770996,4199.119585,8.342630,6.750000,111.970400,1
882,2024-01,E014,Pacífico Seguros,505591.200000,505591.200000,451453.319696,13.020227,129222.090000,129222.090000,115385.199561,11.656031,3021.898682,2698.318704,7.900384,6.500000,111.991911,1
883,2024-02,E014,Pacífico Seguros,865831.580000,360240.380000,319883.045682,12.675711,162809.670000,33587.580000,29824.800283,10.303096,3120.777588,2771.160301,7.927021,6.250000,112.616278,1
884,2024-03,E014,Pacífico Seguros,1252051.130000,386219.550000,339524.685984,12.735302,219583.210000,56773.540000,49909.483714,10.817966,4027.672363,3540.717176,8.172085,6.250000,113.753010,1
885,2024-04,E014,Pacífico Seguros,1639651.060000,387599.930000,340914.330641,12.739386,244754.040000,25170.830000,22139.056272,10.005099,3079.103516,2708.231949,7.904051,6.000000,113.694232,1
886,2024-05,E014,Pacífico Seguros,2045405.390000,405754.330000,357206.080152,12.786068,293709.800000,48955.760000,43098.234172,10.671237,3017.898438,2656.808792,7.884881,5.750000,113.591104,1
887,2024-06,E014,Pacífico Seguros,2449570.310000,404164.920000,355374.202651,12.780927,333931.860000,40222.060000,35366.460062,10.473519,3047.427002,2679.542156,7.893401,5.750000,113.729392,1
888,2024-07,E014,Pacífico Seguros,2853654.870000,404084.560000,354466.051228,12.778368,366857.260000,32925.400000,28882.411451,10.270988,4576.685059,4014.702963,8.297719,5.750000,113.998099,1
889,2024-08,E014,Pacífico Seguros,3285103.320000,431448.450000,377397.411565,12.841054,402023.560000,35166.300000,30760.733048,10.333994,2959.672607,2588.890471,7.858985,5.500000,114.322048,1
890,2024-09,E014,Pacífico Seguros,3792211.260000,507107.940000,444634.701355,13.005008,482002.550000,79978.990000,70125.966344,11.158048,2947.731934,2584.585656,7.857320,5.250000,114.050464,1
891,2024-10,E014,Pacífico Seguros,4269257.780000,477046.520000,418666.495753,12.944830,523363.300000,41360.750000,36299.101950,10.499548,2950.953125,2589.821227,7.859344,5.250000,113.944279,1
892,2024-11,E014,Pacífico Seguros,4806910.630000,537652.850000,471412.092290,13.063488,630036.730000,106673.430000,93530.881178,11.446047,2970.694824,2604.694577,7.865071,5.000000,114.051561,1
893,2024-12,E014,Pacífico Seguros,5373254.960000,566344.330000,496044.518836,13.114421,725010.540000,94973.810000,83184.796577,11.328820,4880.891113,4275.030499,8.360547,5.000000,114.172077,1
894,2025-01,E014,Pacífico Seguros,528571.670000,528571.670000,463392.973727,13.046331,137042.220000,137042.220000,120143.408087,11.696441,3121.322998,2736.429567,7.914409,4.750000,114.065534,1
895,2025-02,E014,Pacífico Seguros,929247.290000,400675.620000,350608.725547,12.767426,177470.540000,40428.320000,35376.551613,10.473804,3270.431885,2861.771213,7.959196,4.750000,114.279991,1
896,2025-03,E014,Pacífico Seguros,1322134.980000,392887.690000,341031.050674,12.739729,197754.640000,20284.100000,17606.832973,9.776042,4209.702148,3654.070064,8.203597,4.750000,115.205841,1
897,2025-04,E014,Pacífico Seguros,1780508.880000,458373.900000,396612.346602,12.890715,226765.690000,29011.050000,25102.085040,10.130706,3174.904297,2747.115932,7.918307,4.750000,115.572272,1
898,2025-05,E014,Pacífico Seguros,2163344.970000,382836.090000,331439.722317,12.711201,254192.560000,27426.870000,23744.768099,10.075117,3116.688232,2698.267769,7.900365,4.500000,115.507003,1
899,2025-06,E014,Pacífico Seguros,2591242.840000,427897.870000,369975.801525,12.821193,311437.460000,57244.900000,49495.987818,10.809647,3135.407715,2710.985643,7.905068,4.500000,115.655637,1
900,2025-07,E014,Pacífico Seguros,2970035.710000,378792.870000,326761.634633,12.696986,338020.680000,26583.220000,22931.731585,10.040277,4760.717773,4106.782479,8.320395,4.500000,115.923300,1
901,2025-08,E014,Pacífico Seguros,3384309.640000,414273.930000,358409.290373,12.789431,373388.670000,35367.990000,30598.633609,10.328711,3079.415283,2664.157618,7.887643,4.500000,115.586828,1
902,2025-09,E014,Pacífico Seguros,3884880.520000,500570.880000,433020.848719,12.978541,449992.000000,76603.330000,66266.018054,11.101432,3113.536133,2693.376927,7.898551,4.250000,115.599718,1
903,2025-10,E014,Pacífico Seguros,4411641.250000,526760.730000,456130.914968,13.030535,488468.630000,38476.630000,33317.556620,10.413840,3086.611084,2672.748095,7.890862,4.250000,115.484549,1
904,2025-11,E014,Pacífico Seguros,4899198.450000,487557.200000,421716.737600,12.952089,570455.930000,81987.300000,70915.610888,11.169246,3102.256348,2683.322954,7.894811,4.250000,115.612485,1
905,2025-12,E014,Pacífico Seguros,5424746.680000,525548.230000,453470.441122,13.024685,655140.710000,84684.780000,73070.447869,11.199179,5077.461914,4381.099131,8.385055,4.250000,115.894705,1
906,2020-01,E015,Protecta,40516.360000,40516.360000,43948.962379,10.690784,452.050000,452.050000,490.348305,6.195116,2579.547363,2798.090204,7.936692,2.250000,92.189571,1
907,2020-02,E015,Protecta,85086.640000,44570.280000,48277.698734,10.784725,900.560000,448.510000,485.817694,6.185833,2684.386963,2907.678055,7.975110,2.250000,92.320639,1
908,2020-03,E015,Protecta,120919.450000,35832.810000,38564.308233,10.560082,1406.630000,506.070000,544.647195,6.300138,3197.239014,3440.961254,8.143506,1.250000,92.917030,1
909,2020-04,E015,Protecta,135506.320000,14586.870000,15682.411003,9.660295,1754.860000,348.230000,374.383674,5.925281,2519.562744,2708.793490,7.904259,0.250000,93.014206,1
910,2020-05,E015,Protecta,163555.960000,28049.640000,30094.857203,10.312110,2168.340000,413.480000,443.628566,6.094988,2345.649414,2516.680576,7.830696,0.250000,93.204097,1
911,2020-06,E015,Protecta,191048.370000,27492.410000,29575.697220,10.294708,2588.060000,419.720000,451.525044,6.112631,2360.650879,2539.533480,7.839736,0.250000,92.956084,1
912,2020-07,E015,Protecta,222163.850000,31115.480000,33319.148087,10.413888,3020.030000,431.970000,462.563084,6.136783,3773.146729,4040.369443,8.304091,0.250000,93.386181,1
913,2020-08,E015,Protecta,253990.710000,31826.860000,34118.521519,10.437596,3520.770000,500.740000,536.795288,6.285617,2380.944824,2552.382397,7.844782,0.250000,93.283233,1
914,2020-09,E015,Protecta,284149.470000,30158.760000,32286.287996,10.382398,4113.750000,592.980000,634.811347,6.453328,2445.110840,2617.599422,7.870013,0.250000,93.410429,1
915,2020-10,E015,Protecta,316859.160000,32709.690000,35011.298176,10.463426,4627.590000,513.840000,549.996208,6.309911,2421.107178,2591.467706,7.859980,0.250000,93.426099,1
916,2020-11,E015,Protecta,364038.030000,47178.870000,50237.124002,10.824510,5111.510000,483.920000,515.288922,6.244728,2434.410645,2592.215316,7.860268,0.250000,93.912362,1
917,2020-12,E015,Protecta,408647.200000,44609.170000,47477.712341,10.768016,5697.370000,585.860000,623.533066,6.435402,4193.692871,4463.363559,8.403658,0.250000,93.958129,1
918,2021-01,E015,Protecta,39260.000000,39260.000000,41476.440815,10.632881,488.980000,488.980000,516.585584,6.247241,2628.593994,2776.992441,7.929124,0.250000,94.656145,1
919,2021-02,E015,Protecta,92230.800000,52970.800000,56031.478292,10.933669,1126.390000,637.410000,674.239856,6.513586,2693.624268,2849.263173,7.954816,0.250000,94.537574,1
920,2021-03,E015,Protecta,155329.960000,63099.160000,66189.420292,11.100276,1744.710000,618.320000,648.602016,6.474819,3294.463623,3455.808879,8.147812,0.250000,95.331187,1
921,2021-04,E015,Protecta,204024.470000,48694.510000,51132.839259,10.842182,2234.790000,490.080000,514.620270,6.243429,2720.330566,2856.548420,7.957369,0.250000,95.231383,1
922,2021-05,E015,Protecta,254123.480000,50099.010000,52467.811305,10.867955,2803.740000,568.950000,595.851320,6.389991,2688.385254,2815.498554,7.942895,0.250000,95.485229,1
923,2021-06,E015,Protecta,305694.270000,51570.790000,53729.961224,10.891726,3293.920000,490.180000,510.702907,6.235788,2684.098145,2796.476246,7.936115,0.250000,95.981439,1
924,2021-07,E015,Protecta,360209.640000,54515.370000,56231.273163,10.937228,4209.450000,915.530000,944.346842,6.850494,4048.886230,4176.327293,8.337188,0.250000,96.948490,1
925,2021-08,E015,Protecta,426902.910000,66693.270000,68121.526718,11.129049,5263.520000,1054.070000,1076.643231,6.981603,2547.848389,2602.411339,7.864194,0.500000,97.903369,1
926,2021-09,E015,Protecta,496974.130000,70071.220000,71286.369871,11.174460,5772.830000,509.310000,518.142271,6.250250,2605.622803,2650.808575,7.882620,1.000000,98.295397,1
927,2021-10,E015,Protecta,558883.210000,61909.080000,62617.210195,11.044795,6524.980000,752.150000,760.753263,6.634309,2559.100098,2588.371669,7.858784,1.500000,98.869113,1
928,2021-11,E015,Protecta,614460.200000,55576.990000,56012.066279,10.933322,7382.090000,857.110000,863.819759,6.761364,2650.858398,2671.610253,7.890437,2.000000,99.223245,1
929,2021-12,E015,Protecta,674659.810000,60199.610000,60199.610000,11.005421,8098.930000,716.840000,716.840000,6.574853,4369.076172,4369.076172,8.382307,2.500000,100.000000,1
930,2022-01,E015,Protecta,56546.090000,56546.090000,56525.024254,10.942439,946.490000,946.490000,946.137394,6.852388,2705.242188,2704.234373,7.902574,3.000000,100.037268,1
931,2022-02,E015,Protecta,107307.810000,50761.720000,50585.258385,10.831415,2003.630000,1057.140000,1053.465092,6.959840,2838.450928,2828.583696,7.947531,3.500000,100.348840,1
932,2022-03,E015,Protecta,158663.850000,51356.040000,50429.809804,10.828338,3291.980000,1288.350000,1265.114005,7.142918,3935.511230,3864.532445,8.259596,4.000000,101.836672,1
933,2022-04,E015,Protecta,206654.410000,47990.560000,46676.054030,10.750987,5470.740000,2178.760000,2119.081742,7.658738,2773.888428,2697.909050,7.900232,4.500000,102.816232,1
934,2022-05,E015,Protecta,255605.520000,48951.110000,47428.157708,10.766971,6913.600000,1442.860000,1397.970171,7.242777,2741.049072,2655.770373,7.884490,5.000000,103.211072,1
935,2022-06,E015,Protecta,307002.180000,51396.660000,49211.694711,10.803887,7713.040000,799.440000,765.454355,6.640470,2748.454346,2631.612564,7.875352,5.500000,104.439931,1
936,2022-07,E015,Protecta,368049.600000,61047.420000,57907.338405,10.966599,8796.050000,1083.010000,1027.303473,6.934693,4209.761719,3993.225208,8.292355,6.000000,105.422597,1
937,2022-08,E015,Protecta,411743.340000,43693.740000,41171.847806,10.625510,9231.570000,435.520000,410.382887,6.017091,2697.882324,2542.167378,7.840772,6.500000,106.125283,1
938,2022-09,E015,Protecta,463500.960000,51757.620000,48516.772835,10.789665,10370.730000,1139.160000,1067.830533,6.973384,2729.158447,2558.269882,7.847086,6.750000,106.679849,1
939,2022-10,E015,Protecta,513126.240000,49625.280000,46356.790637,10.744123,11564.900000,1194.170000,1115.517911,7.017074,2658.610107,2483.505023,7.817426,7.000000,107.050724,1
940,2022-11,E015,Protecta,557775.540000,44649.300000,41493.757424,10.633298,12645.870000,1080.970000,1004.573576,6.912318,2718.443115,2526.319991,7.834519,7.250000,107.604861,1
941,2022-12,E015,Protecta,594149.430000,36373.890000,33536.945454,10.420403,13570.810000,924.940000,852.800246,6.748525,4473.389160,4124.491724,8.324698,7.500000,108.459162,1
942,2023-01,E015,Protecta,41887.280000,41887.280000,38533.067419,10.559272,1331.240000,1331.240000,1224.638140,7.110401,2813.173584,2587.902756,7.858603,7.750000,108.704764,1
943,2023-02,E015,Protecta,79109.890000,37222.610000,34141.376700,10.438265,2178.980000,847.740000,777.565321,6.656168,2964.280273,2718.901481,7.907983,7.750000,109.024924,1
944,2023-03,E015,Protecta,132386.530000,53276.640000,48261.525700,10.784390,3615.300000,1436.320000,1301.114233,7.170976,3931.787842,3561.675060,8.177986,7.750000,110.391537,1
945,2023-04,E015,Protecta,171506.490000,39119.960000,35241.431801,10.469978,4779.190000,1163.890000,1048.496728,6.955113,2920.156738,2630.639309,7.874982,7.750000,111.005592,1
946,2023-05,E015,Protecta,220122.400000,48615.910000,43657.141521,10.684122,6421.110000,1641.920000,1474.445995,7.296038,2805.053711,2518.941368,7.831594,7.750000,111.358436,1
947,2023-06,E015,Protecta,277906.160000,57783.760000,51969.274397,10.858408,7540.570000,1119.460000,1006.814439,6.914547,2835.707031,2550.364269,7.843991,7.750000,111.188314,1
948,2023-07,E015,Protecta,318769.290000,40863.130000,36608.119245,10.508025,8478.310000,937.740000,840.094671,6.733515,4369.121582,3914.172112,8.272359,7.750000,111.623134,1
949,2023-08,E015,Protecta,359615.110000,40845.820000,36455.490721,10.503847,9850.030000,1371.720000,1224.280128,7.110108,2808.223877,2506.380812,7.826595,7.750000,112.042985,1
950,2023-09,E015,Protecta,403452.160000,43837.050000,39118.790658,10.574358,11097.800000,1247.770000,1113.470305,7.015237,2851.333984,2544.439857,7.841666,7.500000,112.061363,1
951,2023-10,E015,Protecta,438875.750000,35423.590000,31713.144484,10.364487,12143.070000,1045.270000,935.783147,6.841384,2823.048828,2527.348453,7.834926,7.250000,111.700024,1
952,2023-11,E015,Protecta,488240.670000,49364.920000,44266.370367,10.697981,13208.880000,1065.810000,955.730106,6.862476,2933.125244,2630.183709,7.874809,7.000000,111.517885,1
953,2023-12,E015,Protecta,544716.740000,56476.070000,50438.392647,10.828508,14291.010000,1082.130000,966.442917,6.873622,4701.770996,4199.119585,8.342630,6.750000,111.970400,1
954,2024-01,E015,Protecta,57170.410000,57170.410000,51048.695829,10.840535,1901.310000,1901.310000,1697.720829,7.437042,3021.898682,2698.318704,7.900384,6.500000,111.991911,1
955,2024-02,E015,Protecta,96551.560000,39381.150000,34969.322996,10.462226,2921.380000,1020.070000,905.792678,6.808810,3120.777588,2771.160301,7.927021,6.250000,112.616278,1
956,2024-03,E015,Protecta,148873.780000,52322.220000,45996.338910,10.736317,4291.340000,1369.960000,1204.328571,7.093677,4027.672363,3540.717176,8.172085,6.250000,113.753010,1
957,2024-04,E015,Protecta,208863.120000,59989.340000,52763.749704,10.873580,5789.290000,1497.950000,1317.525061,7.183510,3079.103516,2708.231949,7.904051,6.000000,113.694232,1
958,2024-05,E015,Protecta,268178.550000,59315.430000,52218.376186,10.863190,7266.120000,1476.830000,1300.128221,7.170218,3017.898438,2656.808792,7.884881,5.750000,113.591104,1
959,2024-06,E015,Protecta,311591.210000,43412.660000,38171.891396,10.549855,8737.680000,1471.560000,1293.913538,7.165427,3047.427002,2679.542156,7.893401,5.750000,113.729392,1
960,2024-07,E015,Protecta,362398.700000,50807.490000,44568.716887,10.704787,9948.660000,1210.980000,1062.280872,6.968174,4576.685059,4014.702963,8.297719,5.750000,113.998099,1
961,2024-08,E015,Protecta,432901.050000,70502.350000,61669.950139,11.029552,11205.720000,1257.060000,1099.577922,7.002682,2959.672607,2588.890471,7.858985,5.500000,114.322048,1
962,2024-09,E015,Protecta,507590.800000,74689.750000,65488.335058,11.089627,12634.730000,1429.010000,1252.962899,7.133266,2947.731934,2584.585656,7.857320,5.250000,114.050464,1
963,2024-10,E015,Protecta,566576.410000,58985.610000,51767.065901,10.854509,13894.300000,1259.570000,1105.426276,7.007986,2950.953125,2589.821227,7.859344,5.250000,113.944279,1
964,2024-11,E015,Protecta,621968.520000,55392.110000,48567.603560,10.790712,15274.710000,1380.410000,1210.338542,7.098655,2970.694824,2604.694577,7.865071,5.000000,114.051561,1
965,2024-12,E015,Protecta,682252.290000,60283.770000,52800.799971,10.874282,16694.180000,1419.470000,1243.272468,7.125502,4880.891113,4275.030499,8.360547,5.000000,114.172077,1
966,2025-01,E015,Protecta,71262.530000,71262.530000,62475.076827,11.042523,1494.150000,1494.150000,1309.904883,7.177710,3121.322998,2736.429567,7.914409,4.750000,114.065534,1
967,2025-02,E015,Protecta,147567.210000,76304.680000,66769.938755,11.109008,3286.170000,1792.020000,1568.096028,7.357617,3270.431885,2861.771213,7.959196,4.750000,114.279991,1
968,2025-03,E015,Protecta,221187.420000,73620.210000,63903.192200,11.065125,5538.550000,2252.380000,1955.091843,7.578192,4209.702148,3654.070064,8.203597,4.750000,115.205841,1
969,2025-04,E015,Protecta,303622.300000,82434.880000,71327.558569,11.175038,7828.240000,2289.690000,1981.175900,7.591446,3174.904297,2747.115932,7.918307,4.750000,115.572272,1
970,2025-05,E015,Protecta,389847.370000,86225.070000,74649.214126,11.220555,9363.150000,1534.910000,1328.845836,7.192066,3116.688232,2698.267769,7.900365,4.500000,115.507003,1
971,2025-06,E015,Protecta,479212.120000,89364.750000,77267.958846,11.255035,10940.790000,1577.640000,1364.083966,7.218238,3135.407715,2710.985643,7.905068,4.500000,115.655637,1
972,2025-07,E015,Protecta,547764.870000,68552.750000,59136.299605,10.987600,12224.910000,1284.120000,1107.732440,7.010070,4760.717773,4106.782479,8.320395,4.500000,115.923300,1
973,2025-08,E015,Protecta,605715.800000,57950.930000,50136.275043,10.822500,13710.720000,1485.810000,1285.449238,7.158864,3079.415283,2664.157618,7.887643,4.500000,115.586828,1
974,2025-09,E015,Protecta,680397.810000,74682.010000,64603.972477,11.076031,15372.280000,1661.560000,1437.339146,7.270549,3113.536133,2693.376927,7.898551,4.250000,115.599718,1
975,2025-10,E015,Protecta,735928.470000,55530.660000,48084.926062,10.780724,17031.530000,1659.250000,1436.772291,7.270154,3086.611084,2672.748095,7.890862,4.250000,115.484549,1
976,2025-11,E015,Protecta,782181.810000,46253.340000,40007.218944,10.596815,18482.350000,1450.820000,1254.899071,7.134810,3102.256348,2683.322954,7.894811,4.250000,115.612485,1
977,2025-12,E015,Protecta,833166.440000,50984.630000,43992.199644,10.691768,20049.150000,1566.800000,1351.916811,7.209279,5077.461914,4381.099131,8.385055,4.250000,115.894705,1
978,2020-01,E016,Quálitas,2295.710000,2295.710000,2490.205745,7.820121,43.900000,43.900000,47.619269,3.863237,2579.547363,2798.090204,7.936692,2.250000,92.189571,1
979,2020-02,E016,Quálitas,3713.400000,1417.690000,1535.615453,7.336687,64.250000,20.350000,22.042742,3.092983,2684.386963,2907.678055,7.975110,2.250000,92.320639,1
980,2020-03,E016,Quálitas,7228.120000,3514.720000,3782.643489,8.238178,85.750000,21.500000,23.138923,3.141516,3197.239014,3440.961254,8.143506,1.250000,92.917030,1
981,2020-04,E016,Quálitas,11580.400000,4352.280000,4679.156239,8.450873,108.070000,22.320000,23.996335,3.177901,2519.562744,2708.793490,7.904259,0.250000,93.014206,1
982,2020-05,E016,Quálitas,11552.400000,-28.000000,-30.041598,,130.460000,22.390000,24.022549,3.178993,2345.649414,2516.680576,7.830696,0.250000,93.204097,0
983,2020-06,E016,Quálitas,17108.930000,5556.530000,5977.586137,8.695772,153.210000,22.750000,24.473923,3.197608,2360.650879,2539.533480,7.839736,0.250000,92.956084,1
984,2020-07,E016,Quálitas,18787.670000,1678.740000,1797.632132,7.494226,182.780000,29.570000,31.664214,3.455187,3773.146729,4040.369443,8.304091,0.250000,93.386181,1
985,2020-08,E016,Quálitas,21065.300000,2277.630000,2441.628491,7.800421,211.100000,28.320000,30.359154,3.413098,2380.944824,2552.382397,7.844782,0.250000,93.283233,1
986,2020-09,E016,Quálitas,22643.780000,1578.480000,1689.832734,7.432385,238.910000,27.810000,29.771836,3.393563,2445.110840,2617.599422,7.870013,0.250000,93.410429,1
987,2020-10,E016,Quálitas,24533.790000,1890.010000,2023.000024,7.612337,267.780000,28.870000,30.901429,3.430802,2421.107178,2591.467706,7.859980,0.250000,93.426099,1
988,2020-11,E016,Quálitas,28044.660000,3510.870000,3738.453497,8.226427,295.680000,27.900000,29.708549,3.391435,2434.410645,2592.215316,7.860268,0.250000,93.912362,1
989,2020-12,E016,Quálitas,34838.900000,6794.240000,7231.135937,8.886151,324.610000,28.930000,30.790311,3.427200,4193.692871,4463.363559,8.403658,0.250000,93.958129,1
990,2021-01,E016,Quálitas,3810.590000,3810.590000,4025.718558,8.300459,29.080000,29.080000,30.721724,3.424970,2628.593994,2776.992441,7.929124,0.250000,94.656145,1
991,2021-02,E016,Quálitas,6701.420000,2890.830000,3057.863547,8.025472,55.410000,26.330000,27.851360,3.326882,2693.624268,2849.263173,7.954816,0.250000,94.537574,1
992,2021-03,E016,Quálitas,11643.390000,4941.970000,5184.001331,8.553332,84.570000,29.160000,30.588101,3.420611,3294.463623,3455.808879,8.147812,0.250000,95.331187,1
993,2021-04,E016,Quálitas,23483.930000,11840.540000,12433.443289,9.428145,113.860000,29.290000,30.756668,3.426107,2720.330566,2856.548420,7.957369,0.250000,95.231383,1
994,2021-05,E016,Quálitas,27630.790000,4146.860000,4342.933483,8.376305,144.120000,30.260000,31.690765,3.456025,2688.385254,2815.498554,7.942895,0.250000,95.485229,1
995,2021-06,E016,Quálitas,34991.550000,7360.760000,7668.941069,8.944934,173.640000,29.520000,30.755946,3.426083,2684.098145,2796.476246,7.936115,0.250000,95.981439,1
996,2021-07,E016,Quálitas,40111.430000,5119.880000,5281.031218,8.571877,213.870000,40.230000,41.496263,3.725603,4048.886230,4176.327293,8.337188,0.250000,96.948490,1
997,2021-08,E016,Quálitas,44800.250000,4688.820000,4789.232510,8.474125,254.110000,40.240000,41.101752,3.716051,2547.848389,2602.411339,7.864194,0.500000,97.903369,1
998,2021-09,E016,Quálitas,49597.930000,4797.680000,4880.879639,8.493081,293.040000,38.930000,39.605110,3.678958,2605.622803,2650.808575,7.882620,1.000000,98.295397,1
999,2021-10,E016,Quálitas,54227.210000,4629.280000,4682.230762,8.451530,333.270000,40.230000,40.690160,3.705986,2559.100098,2588.371669,7.858784,1.500000,98.869113,1
1000,2021-11,E016,Quálitas,58670.190000,4442.980000,4477.761214,8.406878,372.210000,38.940000,39.244836,3.669820,2650.858398,2671.610253,7.890437,2.000000,99.223245,1
1001,2021-12,E016,Quálitas,72654.830000,13984.640000,13984.640000,9.545715,412.440000,40.230000,40.230000,3.694613,4369.076172,4369.076172,8.382307,2.500000,100.000000,1
1002,2022-01,E016,Quálitas,5713.230000,5713.230000,5711.101587,8.650167,40.230000,40.230000,40.215013,3.694240,2705.242188,2704.234373,7.902574,3.000000,100.037268,1
1003,2022-02,E016,Quálitas,10590.580000,4877.350000,4860.394998,8.488875,76.570000,36.340000,36.213672,3.589437,2838.450928,2828.583696,7.947531,3.500000,100.348840,1
1004,2022-03,E016,Quálitas,17214.070000,6623.490000,6504.032261,8.780178,116.800000,40.230000,39.504433,3.676413,3935.511230,3864.532445,8.259596,4.000000,101.836672,1
1005,2022-04,E016,Quálitas,25158.800000,7944.730000,7727.116473,8.952491,155.740000,38.940000,37.873397,3.634249,2773.888428,2697.909050,7.900232,4.500000,102.816232,1
1006,2022-05,E016,Quálitas,32012.570000,6853.770000,6640.537558,8.800948,347.180000,191.440000,185.483976,5.222968,2741.049072,2655.770373,7.884490,5.000000,103.211072,1
1007,2022-06,E016,Quálitas,40832.780000,8820.210000,8445.246866,9.041359,386.120000,38.940000,37.284590,3.618580,2748.454346,2631.612564,7.875352,5.500000,104.439931,1
1008,2022-07,E016,Quálitas,45036.470000,4203.690000,3987.465799,8.290911,455.760000,69.640000,66.057944,4.190532,4209.761719,3993.225208,8.292355,6.000000,105.422597,1
1009,2022-08,E016,Quálitas,49936.320000,4899.850000,4617.043047,8.437510,525.400000,69.640000,65.620555,4.183889,2697.882324,2542.167378,7.840772,6.500000,106.125283,1
1010,2022-09,E016,Quálitas,55840.610000,5904.290000,5534.587886,8.618772,592.800000,67.400000,63.179692,4.145983,2729.158447,2558.269882,7.847086,6.750000,106.679849,1
1011,2022-10,E016,Quálitas,61353.740000,5513.130000,5150.016547,8.546755,662.440000,69.640000,65.053273,4.175207,2658.610107,2483.505023,7.817426,7.000000,107.050724,1
1012,2022-11,E016,Quálitas,66524.530000,5170.790000,4805.349825,8.477485,1099.220000,436.780000,405.911030,6.006134,2718.443115,2526.319991,7.834519,7.250000,107.604861,1
1013,2022-12,E016,Quálitas,80436.220000,13911.690000,12826.661891,9.459281,1165.580000,66.360000,61.184319,4.113891,4473.389160,4124.491724,8.324698,7.500000,108.459162,1
1014,2023-01,E016,Quálitas,6299.480000,6299.480000,5795.035809,8.664757,75.530000,75.530000,69.481775,4.241064,2813.173584,2587.902756,7.858603,7.750000,108.704764,1
1015,2023-02,E016,Quálitas,12482.040000,6182.560000,5670.776712,8.643081,143.760000,68.230000,62.582020,4.136478,2964.280273,2718.901481,7.907983,7.750000,109.024924,1
1016,2023-03,E016,Quálitas,19600.230000,7118.190000,6448.130168,8.771545,219.290000,75.530000,68.420100,4.225667,3931.787842,3561.675060,8.177986,7.750000,110.391537,1
1017,2023-04,E016,Quálitas,25882.190000,6281.960000,5659.138325,8.641027,292.390000,73.100000,65.852538,4.187418,2920.156738,2630.639309,7.874982,7.750000,111.005592,1
1018,2023-05,E016,Quálitas,32929.810000,7047.620000,6328.770638,8.752861,367.920000,75.530000,67.826024,4.216946,2805.053711,2518.941368,7.831594,7.750000,111.358436,1
1019,2023-06,E016,Quálitas,41661.150000,8731.340000,7852.749705,8.968619,441.020000,73.100000,65.744319,4.185773,2835.707031,2550.364269,7.843991,7.750000,111.188314,1
1020,2023-07,E016,Quálitas,47780.260000,6119.110000,5481.937105,8.609214,516.550000,75.530000,67.665185,4.214572,4369.121582,3914.172112,8.272359,7.750000,111.623134,1
1021,2023-08,E016,Quálitas,53430.950000,5650.690000,5043.323328,8.525821,592.090000,75.540000,67.420553,4.210950,2808.223877,2506.380812,7.826595,7.750000,112.042985,1
1022,2023-09,E016,Quálitas,60442.720000,7011.770000,6257.080775,8.741469,665.190000,73.100000,65.232118,4.177952,2851.333984,2544.439857,7.841666,7.500000,112.061363,1
1023,2023-10,E016,Quálitas,66939.210000,6496.490000,5816.014865,8.668371,740.720000,75.530000,67.618607,4.213883,2823.048828,2527.348453,7.834926,7.250000,111.700024,1
1024,2023-11,E016,Quálitas,74841.680000,7902.470000,7086.280376,8.865916,813.820000,73.100000,65.550024,4.182814,2933.125244,2630.183709,7.874809,7.000000,111.517885,1
1025,2023-12,E016,Quálitas,87958.060000,13116.380000,11714.149454,9.368553,889.350000,75.530000,67.455327,4.211466,4701.770996,4199.119585,8.342630,6.750000,111.970400,1
1026,2024-01,E016,Quálitas,10317.380000,10317.380000,9212.611793,9.128329,174.330000,174.330000,155.663028,5.047694,3021.898682,2698.318704,7.900384,6.500000,111.991911,1
1027,2024-02,E016,Quálitas,19875.060000,9557.680000,8486.943602,9.046284,280.900000,106.570000,94.631080,4.549986,3120.777588,2771.160301,7.927021,6.250000,112.616278,1
1028,2024-03,E016,Quálitas,26801.990000,6926.930000,6089.447655,8.714313,398.110000,117.210000,103.039032,4.635108,4027.672363,3540.717176,8.172085,6.250000,113.753010,1
1029,2024-04,E016,Quálitas,35178.440000,8376.450000,7367.524150,8.904837,511.540000,113.430000,99.767594,4.602843,3079.103516,2708.231949,7.904051,6.000000,113.694232,1
1030,2024-05,E016,Quálitas,42628.520000,7450.080000,6558.682624,8.788545,628.740000,117.200000,103.177094,4.636447,3017.898438,2656.808792,7.884881,5.750000,113.591104,1
1031,2024-06,E016,Quálitas,50786.520000,8158.000000,7173.167689,8.878103,742.170000,113.430000,99.736751,4.602534,3047.427002,2679.542156,7.893401,5.750000,113.729392,1
1032,2024-07,E016,Quálitas,60290.750000,9504.230000,8337.182886,9.028481,859.380000,117.210000,102.817504,4.632956,4576.685059,4014.702963,8.297719,5.750000,113.998099,1
1033,2024-08,E016,Quálitas,68691.840000,8401.090000,7348.617478,8.902267,976.590000,117.210000,102.526155,4.630118,2959.672607,2588.890471,7.858985,5.500000,114.322048,1
1034,2024-09,E016,Quálitas,77723.210000,9031.370000,7918.749020,8.976989,1090.020000,113.430000,99.455974,4.599715,2947.731934,2584.585656,7.857320,5.250000,114.050464,1
1035,2024-10,E016,Quálitas,86647.890000,8924.680000,7832.495039,8.966036,1207.230000,117.210000,102.866068,4.633428,2950.953125,2589.821227,7.859344,5.250000,113.944279,1
1036,2024-11,E016,Quálitas,97611.980000,10964.090000,9613.274824,9.170900,1320.650000,113.420000,99.446250,4.599617,2970.694824,2604.694577,7.865071,5.000000,114.051561,1
1037,2024-12,E016,Quálitas,106862.440000,9250.460000,8102.208739,8.999892,1437.860000,117.210000,102.660828,4.631431,4880.891113,4275.030499,8.360547,5.000000,114.172077,1
1038,2025-01,E016,Quálitas,11282.380000,11282.380000,9891.138545,9.199395,140.840000,140.840000,123.472880,4.816022,3121.322998,2736.429567,7.914409,4.750000,114.065534,1
1039,2025-02,E016,Quálitas,20598.230000,9315.850000,8151.776981,9.005991,273.190000,132.350000,115.812050,4.751969,3270.431885,2861.771213,7.959196,4.750000,114.279991,1
1040,2025-03,E016,Quálitas,30348.250000,9750.020000,8463.129921,9.043474,402.300000,129.110000,112.068971,4.719114,4209.702148,3654.070064,8.203597,4.750000,115.205841,1
1041,2025-04,E016,Quálitas,39829.790000,9481.540000,8203.992044,9.012376,541.210000,138.910000,120.193190,4.789100,3174.904297,2747.115932,7.918307,4.750000,115.572272,1
1042,2025-05,E016,Quálitas,50183.970000,10354.180000,8964.114496,9.100985,668.690000,127.480000,110.365603,4.703799,3116.688232,2698.267769,7.900365,4.500000,115.507003,1
1043,2025-06,E016,Quálitas,60622.190000,10438.220000,9025.258319,9.107782,775.110000,106.420000,92.014538,4.521947,3135.407715,2710.985643,7.905068,4.500000,115.655637,1
1044,2025-07,E016,Quálitas,72030.850000,11408.660000,9841.559031,9.194369,900.660000,125.550000,108.304370,4.684946,4760.717773,4106.782479,8.320395,4.500000,115.923300,1
1045,2025-08,E016,Quálitas,82790.950000,10760.100000,9309.105705,9.138748,1024.590000,123.930000,107.218099,4.674865,3079.415283,2664.157618,7.887643,4.500000,115.586828,1
1046,2025-09,E016,Quálitas,94030.100000,11239.150000,9722.471814,9.182195,1144.530000,119.940000,103.754578,4.642028,3113.536133,2693.376927,7.898551,4.250000,115.599718,1
1047,2025-10,E016,Quálitas,104911.720000,10881.620000,9422.576521,9.150864,1327.930000,183.400000,158.809123,5.067703,3086.611084,2672.748095,7.890862,4.250000,115.484549,1
1048,2025-11,E016,Quálitas,116342.220000,11430.500000,9886.907975,9.198967,1506.690000,178.760000,154.619979,5.040970,3102.256348,2683.322954,7.894811,4.250000,115.612485,1
1049,2025-12,E016,Quálitas,131023.470000,14681.250000,12667.748712,9.446815,1658.340000,151.650000,130.851535,4.874063,5077.461914,4381.099131,8.385055,4.250000,115.894705,1
1050,2020-01,E017,Rigel,5.740000,5.740000,6.226301,1.828782,1.300000,1.300000,1.410138,0.343687,2579.547363,2798.090204,7.936692,2.250000,92.189571,1
1051,2020-02,E017,Rigel,10.510000,4.770000,5.166775,1.642249,2.190000,0.890000,0.964031,-0.036631,2684.386963,2907.678055,7.975110,2.250000,92.320639,1
1052,2020-03,E017,Rigel,19.010000,8.500000,9.147946,2.213529,4.040000,1.850000,1.991024,0.688649,3197.239014,3440.961254,8.143506,1.250000,92.917030,1
1053,2020-04,E017,Rigel,19.010000,0.000000,0.000000,,4.040000,0.000000,0.000000,,2519.562744,2708.793490,7.904259,0.250000,93.014206,0
1054,2020-05,E017,Rigel,19.010000,0.000000,0.000000,,4.040000,0.000000,0.000000,,2345.649414,2516.680576,7.830696,0.250000,93.204097,0
1055,2020-06,E017,Rigel,19.010000,0.000000,0.000000,,4.040000,0.000000,0.000000,,2360.650879,2539.533480,7.839736,0.250000,92.956084,0
1056,2020-07,E017,Rigel,19.010000,0.000000,0.000000,,4.040000,0.000000,0.000000,,3773.146729,4040.369443,8.304091,0.250000,93.386181,0
1057,2020-08,E017,Rigel,19.010000,0.000000,0.000000,,4.040000,0.000000,0.000000,,2380.944824,2552.382397,7.844782,0.250000,93.283233,0
1058,2020-09,E017,Rigel,19.010000,0.000000,0.000000,,4.040000,0.000000,0.000000,,2445.110840,2617.599422,7.870013,0.250000,93.410429,0
1059,2020-10,E017,Rigel,19.010000,0.000000,0.000000,,4.040000,0.000000,0.000000,,2421.107178,2591.467706,7.859980,0.250000,93.426099,0
1060,2020-11,E017,Rigel,19.010000,0.000000,0.000000,,4.040000,0.000000,0.000000,,2434.410645,2592.215316,7.860268,0.250000,93.912362,0
1061,2020-12,E017,Rigel,19.010000,0.000000,0.000000,,4.040000,0.000000,0.000000,,4193.692871,4463.363559,8.403658,0.250000,93.958129,0
1062,2020-01,E018,Rímac,384977.980000,384977.980000,417593.849985,12.942265,116063.840000,116063.840000,125896.929974,11.743219,2579.547363,2798.090204,7.936692,2.250000,92.189571,1
1063,2020-02,E018,Rímac,782584.950000,397606.970000,430680.478387,12.973122,258765.080000,142701.240000,154571.330351,11.948411,2684.386963,2907.678055,7.975110,2.250000,92.320639,1
1064,2020-03,E018,Rímac,1125610.350000,343025.400000,369173.873258,12.819023,353282.720000,94517.640000,101722.622436,11.530005,3197.239014,3440.961254,8.143506,1.250000,92.917030,1
1065,2020-04,E018,Rímac,1427894.140000,302283.790000,324986.692444,12.691540,494413.970000,141131.250000,151730.855756,11.929864,2519.562744,2708.793490,7.904259,0.250000,93.014206,1
1066,2020-05,E018,Rímac,1694610.670000,266716.530000,286163.953760,12.564320,601347.280000,106933.310000,114730.267292,11.650339,2345.649414,2516.680576,7.830696,0.250000,93.204097,1
1067,2020-06,E018,Rímac,2029538.820000,334928.150000,360307.937898,12.794714,740817.690000,139470.410000,150039.033222,11.918651,2360.650879,2539.533480,7.839736,0.250000,92.956084,1
1068,2020-07,E018,Rímac,2351269.520000,321730.700000,344516.389831,12.749897,840012.360000,99194.670000,106219.859028,11.573266,3773.146729,4040.369443,8.304091,0.250000,93.386181,1
1069,2020-08,E018,Rímac,2652652.900000,301383.380000,323084.191658,12.685668,935509.150000,95496.790000,102372.941743,11.536378,2380.944824,2552.382397,7.844782,0.250000,93.283233,1
1070,2020-09,E018,Rímac,3001410.250000,348757.350000,373360.185987,12.830299,1039218.900000,103709.750000,111025.879594,11.617519,2445.110840,2617.599422,7.870013,0.250000,93.410429,1
1071,2020-10,E018,Rímac,3326750.520000,325340.270000,348232.746986,12.760626,1126324.500000,87105.600000,93234.761150,11.442876,2421.107178,2591.467706,7.859980,0.250000,93.426099,1
1072,2020-11,E018,Rímac,3801403.800000,474653.280000,505421.509362,13.133148,1337565.850000,211241.350000,224934.550029,12.323565,2434.410645,2592.215316,7.860268,0.250000,93.912362,1
1073,2020-12,E018,Rímac,4295949.490000,494545.690000,526346.892567,13.173716,1510613.370000,173047.520000,184175.145513,12.123642,4193.692871,4463.363559,8.403658,0.250000,93.958129,1
1074,2021-01,E018,Rímac,426539.240000,426539.240000,450619.703082,13.018379,169113.550000,169113.550000,178660.930910,12.093245,2628.593994,2776.992441,7.929124,0.250000,94.656145,1
1075,2021-02,E018,Rímac,818407.500000,391868.260000,414510.596471,12.934854,309497.150000,140383.600000,148495.031904,11.908307,2693.624268,2849.263173,7.954816,0.250000,94.537574,1
1076,2021-03,E018,Rímac,1188231.290000,369823.790000,387935.786629,12.868595,435153.240000,125656.090000,131810.055050,11.789117,3294.463623,3455.808879,8.147812,0.250000,95.331187,1
1077,2021-04,E018,Rímac,1560671.720000,372440.430000,391090.014886,12.876693,567894.280000,132741.040000,139387.915833,11.845016,2720.330566,2856.548420,7.957369,0.250000,95.231383,1
1078,2021-05,E018,Rímac,1925851.290000,365179.570000,382446.135585,12.854343,697856.150000,129961.870000,136106.778796,11.821195,2688.385254,2815.498554,7.942895,0.250000,95.485229,1
1079,2021-06,E018,Rímac,2337553.800000,411702.510000,428939.713707,12.969072,851135.670000,153279.520000,159697.042959,11.981034,2684.098145,2796.476246,7.936115,0.250000,95.981439,1
1080,2021-07,E018,Rímac,2728669.240000,391115.440000,403426.027285,12.907748,961689.530000,110553.860000,114033.607420,11.644248,4048.886230,4176.327293,8.337188,0.250000,96.948490,1
1081,2021-08,E018,Rímac,3156121.880000,427452.640000,436606.668658,12.986788,1106536.850000,144847.320000,147949.269536,11.904625,2547.848389,2602.411339,7.864194,0.500000,97.903369,1
1082,2021-09,E018,Rímac,3555523.220000,399401.340000,406327.614253,12.914915,1219449.300000,112912.450000,114870.537059,11.651561,2605.622803,2650.808575,7.882620,1.000000,98.295397,1
1083,2021-10,E018,Rímac,4012308.700000,456785.480000,462010.296632,13.043342,1416103.950000,196654.650000,198904.030795,12.200578,2559.100098,2588.371669,7.858784,1.500000,98.869113,1
1084,2021-11,E018,Rímac,4616705.370000,604396.670000,609128.100293,13.319784,1689975.930000,273871.980000,276015.946450,12.528214,2650.858398,2671.610253,7.890437,2.000000,99.223245,1
1085,2021-12,E018,Rímac,5228196.220000,611490.850000,611490.850000,13.323655,1919144.220000,229168.290000,229168.290000,12.342212,4369.076172,4369.076172,8.382307,2.500000,100.000000,1
1086,2022-01,E018,Rímac,494815.400000,494815.400000,494631.060896,13.111567,199257.630000,199257.630000,199183.398331,12.201981,2705.242188,2704.234373,7.902574,3.000000,100.037268,1
1087,2022-02,E018,Rímac,918434.910000,423619.510000,422146.892779,12.953109,370151.330000,170893.700000,170299.626782,12.045315,2838.450928,2828.583696,7.947531,3.500000,100.348840,1
1088,2022-03,E018,Rímac,1367510.920000,449076.010000,440976.714164,12.996747,528342.440000,158191.110000,155338.059358,11.953359,3935.511230,3864.532445,8.259596,4.000000,101.836672,1
1089,2022-04,E018,Rímac,1730111.990000,362601.070000,352669.090227,12.773285,652808.130000,124465.690000,121056.459256,11.704012,2773.888428,2697.909050,7.900232,4.500000,102.816232,1
1090,2022-05,E018,Rímac,2096536.040000,366424.050000,355023.974560,12.779941,774543.190000,121735.060000,117947.675226,11.677996,2741.049072,2655.770373,7.884490,5.000000,103.211072,1
1091,2022-06,E018,Rímac,2543965.770000,447429.730000,428408.680201,12.967833,930939.640000,156396.450000,149747.753089,11.916708,2748.454346,2631.612564,7.875352,5.500000,104.439931,1
1092,2022-07,E018,Rímac,2954384.460000,410418.690000,389308.081644,12.872126,1043142.870000,112203.230000,106431.859196,11.575260,4209.761719,3993.225208,8.292355,6.000000,105.422597,1
1093,2022-08,E018,Rímac,3360734.600000,406350.140000,382896.637364,12.855520,1172197.080000,129054.210000,121605.527309,11.708538,2697.882324,2542.167378,7.840772,6.500000,106.125283,1
1094,2022-09,E018,Rímac,3797329.970000,436595.370000,409257.581533,12.922100,1316728.310000,144531.230000,135481.284755,11.816589,2729.158447,2558.269882,7.847086,6.750000,106.679849,1
1095,2022-10,E018,Rímac,4282555.790000,485225.820000,453267.200696,13.024237,1521012.780000,204284.470000,190829.601489,12.159136,2658.610107,2483.505023,7.817426,7.000000,107.050724,1
1096,2022-11,E018,Rímac,4853608.040000,571052.250000,530693.729533,13.181940,1763913.730000,242900.950000,225734.179425,12.327113,2718.443115,2526.319991,7.834519,7.250000,107.604861,1
1097,2022-12,E018,Rímac,5556371.990000,702763.950000,647952.590672,13.381573,2056883.410000,292969.680000,270119.807859,12.506621,4473.389160,4124.491724,8.324698,7.500000,108.459162,1
1098,2023-01,E018,Rímac,472899.560000,472899.560000,435031.127063,12.983173,156103.040000,156103.040000,143602.758753,11.874806,2813.173584,2587.902756,7.858603,7.750000,108.704764,1
1099,2023-02,E018,Rímac,984779.000000,511879.440000,469506.807453,13.059438,361377.210000,205274.170000,188281.873969,12.145695,2964.280273,2718.901481,7.907983,7.750000,109.024924,1
1100,2023-03,E018,Rímac,1474459.910000,489680.910000,443585.553121,13.002646,542916.560000,181539.350000,164450.423405,12.010364,3931.787842,3561.675060,8.177986,7.750000,110.391537,1
1101,2023-04,E018,Rímac,1923468.600000,449008.690000,404491.955685,12.910387,721700.710000,178784.150000,161058.687926,11.989524,2920.156738,2630.639309,7.874982,7.750000,111.005592,1
1102,2023-05,E018,Rímac,2331144.150000,407675.550000,366093.099583,12.810643,848814.600000,127113.890000,114148.415303,11.645255,2805.053711,2518.941368,7.831594,7.750000,111.358436,1
1103,2023-06,E018,Rímac,2818930.910000,487786.760000,438703.261568,12.991579,1037297.560000,188482.960000,169516.879265,12.040708,2835.707031,2550.364269,7.843991,7.750000,111.188314,1
1104,2023-07,E018,Rímac,3210465.560000,391534.650000,350764.788597,12.767871,1158102.580000,120805.020000,108225.791259,11.591975,4369.121582,3914.172112,8.272359,7.750000,111.623134,1
1105,2023-08,E018,Rímac,3601891.330000,391425.770000,349353.214751,12.763839,1260067.520000,101964.940000,91005.197693,11.418672,2808.223877,2506.380812,7.826595,7.750000,112.042985,1
1106,2023-09,E018,Rímac,4054043.910000,452152.580000,403486.596892,12.907899,1403178.080000,143110.560000,127707.316928,11.757496,2851.333984,2544.439857,7.841666,7.500000,112.061363,1
1107,2023-10,E018,Rímac,4515514.610000,461470.700000,413133.930929,12.931527,1569225.770000,166047.690000,148655.017299,11.909384,2823.048828,2527.348453,7.834926,7.250000,111.700024,1
1108,2023-11,E018,Rímac,5093929.070000,578414.460000,518674.166032,13.159031,1787189.140000,217963.370000,195451.491929,12.183068,2933.125244,2630.183709,7.874809,7.000000,111.517885,1
1109,2023-12,E018,Rímac,5949702.400000,855773.330000,764285.320049,13.546696,2213499.310000,426310.170000,380734.703100,12.849858,4701.770996,4199.119585,8.342630,6.750000,111.970400,1
1110,2024-01,E018,Rímac,491442.500000,491442.500000,438819.639393,12.991844,152633.850000,152633.850000,136290.066521,11.822541,3021.898682,2698.318704,7.900384,6.500000,111.991911,1
1111,2024-02,E018,Rímac,971531.200000,480088.700000,426304.889956,12.962910,327786.220000,175152.370000,155530.242262,11.954595,3120.777588,2771.160301,7.927021,6.250000,112.616278,1
1112,2024-03,E018,Rímac,1500428.750000,528897.550000,464952.575760,13.049691,509626.940000,181840.720000,159855.743597,11.982027,4027.672363,3540.717176,8.172085,6.250000,113.753010,1
1113,2024-04,E018,Rímac,1979445.180000,479016.430000,421319.904778,12.951148,653400.210000,143773.270000,126456.080903,11.747650,3079.103516,2708.231949,7.904051,6.000000,113.694232,1
1114,2024-05,E018,Rímac,2428205.860000,448760.680000,395066.747481,12.886810,777559.650000,124159.440000,109303.841259,11.601887,3017.898438,2656.808792,7.884881,5.750000,113.591104,1
1115,2024-06,E018,Rímac,2977341.070000,549135.210000,482843.704994,13.087448,990832.430000,213272.780000,187526.527883,12.141676,3047.427002,2679.542156,7.893401,5.750000,113.729392,1
1116,2024-07,E018,Rímac,3449483.810000,472142.740000,414167.204665,12.934025,1134522.660000,143690.230000,126046.163279,11.744403,4576.685059,4014.702963,8.297719,5.750000,113.998099,1
1117,2024-08,E018,Rímac,3922900.020000,473416.210000,414107.530684,12.933881,1261128.920000,126606.260000,110745.269364,11.614988,2959.672607,2588.890471,7.858985,5.500000,114.322048,1
1118,2024-09,E018,Rímac,4406488.790000,483588.770000,424012.979027,12.957519,1377263.780000,116134.860000,101827.608522,11.531037,2947.731934,2584.585656,7.857320,5.250000,114.050464,1
1119,2024-10,E018,Rímac,4847377.600000,440888.810000,386933.695899,12.866009,1510488.520000,133224.740000,116920.955724,11.669253,2950.953125,2589.821227,7.859344,5.250000,113.944279,1
1120,2024-11,E018,Rímac,5406902.610000,559525.010000,490589.523803,13.103363,1653339.610000,142851.090000,125251.323829,11.738078,2970.694824,2604.694577,7.865071,5.000000,114.051561,1
1121,2024-12,E018,Rímac,6208642.490000,801739.880000,702220.631407,13.462003,2027485.680000,374146.070000,327703.655597,12.699865,4880.891113,4275.030499,8.360547,5.000000,114.172077,1
1122,2025-01,E018,Rímac,513883.800000,513883.800000,450516.279528,13.018149,133557.530000,133557.530000,117088.418663,11.670685,3121.322998,2736.429567,7.914409,4.750000,114.065534,1
1123,2025-02,E018,Rímac,1022911.510000,509027.710000,445421.552405,13.006776,302022.260000,168464.730000,147414.021060,11.901000,3270.431885,2861.771213,7.959196,4.750000,114.279991,1
1124,2025-03,E018,Rímac,1554451.830000,531540.320000,461383.134211,13.041984,446480.360000,144458.100000,125391.298519,11.739195,4209.702148,3654.070064,8.203597,4.750000,115.205841,1
1125,2025-04,E018,Rímac,2057037.550000,502585.720000,434867.041465,12.982796,605429.740000,158949.380000,137532.452421,11.831615,3174.904297,2747.115932,7.918307,4.750000,115.572272,1
1126,2025-05,E018,Rímac,2521627.420000,464589.870000,402217.924397,12.904749,720959.550000,115529.810000,100019.745123,11.513123,3116.688232,2698.267769,7.900365,4.500000,115.507003,1
1127,2025-06,E018,Rímac,3142629.960000,621002.540000,536941.005305,13.193644,982254.480000,261294.930000,225924.941298,12.327958,3135.407715,2710.985643,7.905068,4.500000,115.655637,1
1128,2025-07,E018,Rímac,3733480.190000,590850.230000,509690.657530,13.141559,1154298.690000,172044.210000,148412.105245,11.907748,4760.717773,4106.782479,8.320395,4.500000,115.923300,1
1129,2025-08,E018,Rímac,4287232.970000,553752.780000,479079.484732,13.079622,1288177.030000,133878.340000,115824.910430,11.659835,3079.415283,2664.157618,7.887643,4.500000,115.586828,1
1130,2025-09,E018,Rímac,4844796.370000,557563.400000,482322.456877,13.086368,1412384.620000,124207.590000,107446.274220,11.584746,3113.536133,2693.376927,7.898551,4.250000,115.599718,1
1131,2025-10,E018,Rímac,5510065.080000,665268.710000,576067.288447,13.263980,1588633.000000,176248.380000,152616.416245,11.935683,3086.611084,2672.748095,7.890862,4.250000,115.484549,1
1132,2025-11,E018,Rímac,6058764.120000,548699.040000,474601.890964,13.070232,1728596.000000,139963.000000,121062.184590,11.704060,3102.256348,2683.322954,7.894811,4.250000,115.612485,1
1133,2025-12,E018,Rímac,6835022.910000,776258.790000,669796.596833,13.414729,2019924.110000,291328.110000,251373.097675,12.434694,5077.461914,4381.099131,8.385055,4.250000,115.894705,1
1134,2020-01,E019,Cesce Perú (anteriormente Secrex),10108.890000,10108.890000,10965.329223,9.302494,5129.400000,5129.400000,5563.969903,8.624067,2579.547363,2798.090204,7.936692,2.250000,92.189571,1
1135,2020-02,E019,Cesce Perú (anteriormente Secrex),16047.250000,5938.360000,6432.321158,8.769091,7867.500000,2738.100000,2965.859019,7.994922,2684.386963,2907.678055,7.975110,2.250000,92.320639,1
1136,2020-03,E019,Cesce Perú (anteriormente Secrex),23221.530000,7174.280000,7721.167982,8.951721,11329.000000,3461.500000,3725.366583,8.222921,3197.239014,3440.961254,8.143506,1.250000,92.917030,1
1137,2020-04,E019,Cesce Perú (anteriormente Secrex),28392.910000,5171.380000,5559.774415,8.623313,13792.630000,2463.630000,2648.659940,7.881809,2519.562744,2708.793490,7.904259,0.250000,93.014206,1
1138,2020-05,E019,Cesce Perú (anteriormente Secrex),33461.500000,5068.590000,5438.162211,8.601196,16328.530000,2535.900000,2720.803133,7.908682,2345.649414,2516.680576,7.830696,0.250000,93.204097,1
1139,2020-06,E019,Cesce Perú (anteriormente Secrex),38562.350000,5100.850000,5487.376158,8.610205,18821.790000,2493.260000,2682.191298,7.894389,2360.650879,2539.533480,7.839736,0.250000,92.956084,1
1140,2020-07,E019,Cesce Perú (anteriormente Secrex),44016.970000,5454.620000,5840.928423,8.672645,21441.890000,2620.100000,2805.661359,7.939395,3773.146729,4040.369443,8.304091,0.250000,93.386181,1
1141,2020-08,E019,Cesce Perú (anteriormente Secrex),52127.840000,8110.870000,8694.885158,9.070490,25182.920000,3741.030000,4010.399158,8.296646,2380.944824,2552.382397,7.844782,0.250000,93.283233,1
1142,2020-09,E019,Cesce Perú (anteriormente Secrex),60584.120000,8456.280000,9052.822180,9.110832,29188.250000,4005.330000,4287.883119,8.363548,2445.110840,2617.599422,7.870013,0.250000,93.410429,1
1143,2020-10,E019,Cesce Perú (anteriormente Secrex),70495.440000,9911.320000,10608.727256,9.269432,34095.300000,4907.050000,5252.333199,8.566428,2421.107178,2591.467706,7.859980,0.250000,93.426099,1
1144,2020-11,E019,Cesce Perú (anteriormente Secrex),78676.090000,8180.650000,8710.940480,9.072335,38009.560000,3914.260000,4167.992260,8.335190,2434.410645,2592.215316,7.860268,0.250000,93.912362,1
1145,2020-12,E019,Cesce Perú (anteriormente Secrex),92340.960000,13664.870000,14543.574046,9.584905,46070.360000,8060.800000,8579.140648,9.057089,4193.692871,4463.363559,8.403658,0.250000,93.958129,1
1146,2021-01,E019,Cesce Perú (anteriormente Secrex),15051.890000,15051.890000,15901.651165,9.674178,9248.500000,9248.500000,9770.628193,9.187136,2628.593994,2776.992441,7.929124,0.250000,94.656145,1
1147,2021-02,E019,Cesce Perú (anteriormente Secrex),24165.650000,9113.760000,9640.357435,9.173713,13544.010000,4295.510000,4543.706633,8.421498,2693.624268,2849.263173,7.954816,0.250000,94.537574,1
1148,2021-03,E019,Cesce Perú (anteriormente Secrex),34021.090000,9855.440000,10338.106883,9.243592,18487.570000,4943.560000,5185.669200,8.553654,3294.463623,3455.808879,8.147812,0.250000,95.331187,1
1149,2021-04,E019,Cesce Perú (anteriormente Secrex),42367.890000,8346.800000,8764.757726,9.078494,22340.060000,3852.490000,4045.399613,8.305336,2720.330566,2856.548420,7.957369,0.250000,95.231383,1
1150,2021-05,E019,Cesce Perú (anteriormente Secrex),49959.210000,7591.320000,7950.255810,8.980959,25717.080000,3377.020000,3536.693602,8.170948,2688.385254,2815.498554,7.942895,0.250000,95.485229,1
1151,2021-06,E019,Cesce Perú (anteriormente Secrex),57396.220000,7437.010000,7748.383512,8.955240,29070.810000,3353.730000,3494.144318,8.158844,2684.098145,2796.476246,7.936115,0.250000,95.981439,1
1152,2021-07,E019,Cesce Perú (anteriormente Secrex),65392.690000,7996.470000,8248.163571,9.017746,32719.860000,3649.050000,3763.905984,8.233213,4048.886230,4176.327293,8.337188,0.250000,96.948490,1
1153,2021-08,E019,Cesce Perú (anteriormente Secrex),73086.230000,7693.540000,7858.299506,8.969326,36377.290000,3657.430000,3735.754979,8.225705,2547.848389,2602.411339,7.864194,0.500000,97.903369,1
1154,2021-09,E019,Cesce Perú (anteriormente Secrex),81764.150000,8677.920000,8828.409365,9.085730,40615.600000,4238.310000,4311.809246,8.369113,2605.622803,2650.808575,7.882620,1.000000,98.295397,1
1155,2021-10,E019,Cesce Perú (anteriormente Secrex),91121.450000,9357.300000,9464.330934,9.155285,44939.150000,4323.550000,4373.003752,8.383205,2559.100098,2588.371669,7.858784,1.500000,98.869113,1
1156,2021-11,E019,Cesce Perú (anteriormente Secrex),101969.520000,10848.070000,10932.992518,9.299540,51011.630000,6072.480000,6120.017515,8.719320,2650.858398,2671.610253,7.890437,2.000000,99.223245,1
1157,2021-12,E019,Cesce Perú (anteriormente Secrex),113548.230000,11578.710000,11578.710000,9.356923,56550.280000,5538.650000,5538.650000,8.619506,4369.076172,4369.076172,8.382307,2.500000,100.000000,1
1158,2022-01,E019,Cesce Perú (anteriormente Secrex),11246.420000,11246.420000,11242.230246,9.327433,6170.530000,6170.530000,6168.231224,8.727167,2705.242188,2704.234373,7.902574,3.000000,100.037268,1
1159,2022-02,E019,Cesce Perú (anteriormente Secrex),19641.810000,8395.390000,8366.205329,9.031956,9901.010000,3730.480000,3717.511832,8.220810,2838.450928,2828.583696,7.947531,3.500000,100.348840,1
1160,2022-03,E019,Cesce Perú (anteriormente Secrex),28864.220000,9222.410000,9056.079523,9.111192,14268.540000,4367.530000,4288.759554,8.363753,3935.511230,3864.532445,8.259596,4.000000,101.836672,1
1161,2022-04,E019,Cesce Perú (anteriormente Secrex),38442.880000,9578.660000,9316.291614,9.139520,18921.790000,4653.250000,4525.793165,8.417548,2773.888428,2697.909050,7.900232,4.500000,102.816232,1
1162,2022-05,E019,Cesce Perú (anteriormente Secrex),51168.590000,12725.710000,12329.791517,9.419774,26158.340000,7236.550000,7011.408621,8.855294,2741.049072,2655.770373,7.884490,5.000000,103.211072,1
1163,2022-06,E019,Cesce Perú (anteriormente Secrex),62262.970000,11094.380000,10622.737773,9.270752,31265.620000,5107.280000,4890.160259,8.494980,2748.454346,2631.612564,7.875352,5.500000,104.439931,1
1164,2022-07,E019,Cesce Perú (anteriormente Secrex),74345.370000,12082.400000,11460.920470,9.346698,37385.250000,6119.630000,5804.856050,8.666450,4209.761719,3993.225208,8.292355,6.000000,105.422597,1
1165,2022-08,E019,Cesce Perú (anteriormente Secrex),83079.950000,8734.580000,8230.442128,9.015595,41305.020000,3919.770000,3693.530787,8.214338,2697.882324,2542.167378,7.840772,6.500000,106.125283,1
1166,2022-09,E019,Cesce Perú (anteriormente Secrex),98128.390000,15048.440000,14106.169198,9.554368,49454.570000,8149.550000,7639.259032,8.941056,2729.158447,2558.269882,7.847086,6.750000,106.679849,1
1167,2022-10,E019,Cesce Perú (anteriormente Secrex),110141.150000,12012.760000,11221.558857,9.325592,55245.330000,5790.760000,5409.360893,8.595886,2658.610107,2483.505023,7.817426,7.000000,107.050724,1
1168,2022-11,E019,Cesce Perú (anteriormente Secrex),121144.680000,11003.530000,10225.867027,9.232676,60556.600000,5311.270000,4935.901548,8.504291,2718.443115,2526.319991,7.834519,7.250000,107.604861,1
1169,2022-12,E019,Cesce Perú (anteriormente Secrex),133409.790000,12265.110000,11308.505223,9.333310,66737.500000,6180.900000,5698.826993,8.648016,4473.389160,4124.491724,8.324698,7.500000,108.459162,1
1170,2023-01,E019,Cesce Perú (anteriormente Secrex),10468.930000,10468.930000,9630.608278,9.172702,5623.750000,5623.750000,5173.416319,8.551289,2813.173584,2587.902756,7.858603,7.750000,108.704764,1
1171,2023-02,E019,Cesce Perú (anteriormente Secrex),20652.570000,10183.640000,9340.653152,9.142131,10274.090000,4650.340000,4265.391646,8.358289,2964.280273,2718.901481,7.907983,7.750000,109.024924,1
1172,2023-03,E019,Cesce Perú (anteriormente Secrex),33292.050000,12639.480000,11449.682053,9.345717,15740.840000,5466.750000,4952.145924,8.507576,3931.787842,3561.675060,8.177986,7.750000,110.391537,1
1173,2023-04,E019,Cesce Perú (anteriormente Secrex),44033.670000,10741.620000,9676.647641,9.177471,20133.920000,4393.080000,3957.530356,8.283375,2920.156738,2630.639309,7.874982,7.750000,111.005592,1
1174,2023-05,E019,Cesce Perú (anteriormente Secrex),57974.330000,13940.660000,12518.728262,9.434981,28114.380000,7980.460000,7166.462000,8.877167,2805.053711,2518.941368,7.831594,7.750000,111.358436,1
1175,2023-06,E019,Cesce Perú (anteriormente Secrex),69153.990000,11179.660000,10054.707728,9.215796,32636.140000,4521.760000,4066.758311,8.310601,2835.707031,2550.364269,7.843991,7.750000,111.188314,1
1176,2023-07,E019,Cesce Perú (anteriormente Secrex),78445.960000,9291.970000,8324.412393,9.026948,37026.940000,4390.800000,3933.593192,8.277309,4369.121582,3914.172112,8.272359,7.750000,111.623134,1
1177,2023-08,E019,Cesce Perú (anteriormente Secrex),87956.700000,9510.740000,8488.474312,9.046465,41893.090000,4866.150000,4343.109923,8.376346,2808.223877,2506.380812,7.826595,7.750000,112.042985,1
1178,2023-09,E019,Cesce Perú (anteriormente Secrex),102814.040000,14857.340000,13258.218178,9.492373,50014.660000,8121.570000,7247.431035,8.888402,2851.333984,2544.439857,7.841666,7.500000,112.061363,1
1179,2023-10,E019,Cesce Perú (anteriormente Secrex),113326.800000,10512.760000,9411.600485,9.149698,55074.290000,5059.630000,4529.658830,8.418402,2823.048828,2527.348453,7.834926,7.250000,111.700024,1
1180,2023-11,E019,Cesce Perú (anteriormente Secrex),127281.950000,13955.150000,12513.822334,9.434589,63597.770000,8523.480000,7643.150693,8.941565,2933.125244,2630.183709,7.874809,7.000000,111.517885,1
1181,2023-12,E019,Cesce Perú (anteriormente Secrex),139746.200000,12464.250000,11131.736602,9.317555,68357.100000,4759.330000,4250.525139,8.354798,4701.770996,4199.119585,8.342630,6.750000,111.970400,1
1182,2024-01,E019,Cesce Perú (anteriormente Secrex),14506.720000,14506.720000,12953.364105,9.469111,7677.400000,7677.400000,6855.316542,8.832780,3021.898682,2698.318704,7.900384,6.500000,111.991911,1
1183,2024-02,E019,Cesce Perú (anteriormente Secrex),31009.670000,16502.950000,14654.142628,9.592478,16174.310000,8496.910000,7545.010500,8.928642,3120.777588,2771.160301,7.927021,6.250000,112.616278,1
1184,2024-03,E019,Cesce Perú (anteriormente Secrex),42279.090000,11269.420000,9906.920265,9.200989,22450.360000,6276.050000,5517.260598,8.615637,4027.672363,3540.717176,8.172085,6.250000,113.753010,1
1185,2024-04,E019,Cesce Perú (anteriormente Secrex),53433.830000,11154.740000,9811.174942,9.191277,27436.810000,4986.450000,4385.842547,8.386137,3079.103516,2708.231949,7.904051,6.000000,113.694232,1
1186,2024-05,E019,Cesce Perú (anteriormente Secrex),72490.410000,19056.580000,16776.472214,9.727733,37411.220000,9974.410000,8780.978130,9.080343,3017.898438,2656.808792,7.884881,5.750000,113.591104,1
1187,2024-06,E019,Cesce Perú (anteriormente Secrex),82973.400000,10482.990000,9217.485309,9.128858,43191.180000,5779.960000,5082.204256,8.533500,3047.427002,2679.542156,7.893401,5.750000,113.729392,1
1188,2024-07,E019,Cesce Perú (anteriormente Secrex),95747.440000,12774.040000,11205.485102,9.324159,49391.190000,6200.010000,5438.695956,8.601295,4576.685059,4014.702963,8.297719,5.750000,113.998099,1
1189,2024-08,E019,Cesce Perú (anteriormente Secrex),109762.830000,14015.390000,12259.568688,9.414062,56063.700000,6672.510000,5836.590681,8.671902,2959.672607,2588.890471,7.858985,5.500000,114.322048,1
1190,2024-09,E019,Cesce Perú (anteriormente Secrex),122517.020000,12754.190000,11182.935652,9.322144,60083.820000,4020.120000,3524.860714,8.167596,2947.731934,2584.585656,7.857320,5.250000,114.050464,1
1191,2024-10,E019,Cesce Perú (anteriormente Secrex),136836.510000,14319.490000,12567.098696,9.438837,66286.030000,6202.210000,5443.195617,8.602122,2950.953125,2589.821227,7.859344,5.250000,113.944279,1
1192,2024-11,E019,Cesce Perú (anteriormente Secrex),151786.070000,14949.560000,13107.720639,9.480957,74197.000000,7910.970000,6936.310148,8.844525,2970.694824,2604.694577,7.865071,5.000000,114.051561,1
1193,2024-12,E019,Cesce Perú (anteriormente Secrex),167626.420000,15840.350000,13874.101633,9.537779,83136.770000,8939.770000,7830.084408,8.965729,4880.891113,4275.030499,8.360547,5.000000,114.172077,1
1194,2025-01,E019,Cesce Perú (anteriormente Secrex),14920.730000,14920.730000,13080.840002,9.478904,6362.980000,6362.980000,5578.354633,8.626649,3121.322998,2736.429567,7.914409,4.750000,114.065534,1
1195,2025-02,E019,Cesce Perú (anteriormente Secrex),28598.430000,13677.700000,11968.586872,9.390041,12058.820000,5695.840000,4984.109598,8.514010,3270.431885,2861.771213,7.959196,4.750000,114.279991,1
1196,2025-03,E019,Cesce Perú (anteriormente Secrex),44993.390000,16394.960000,14231.014554,9.563179,21362.710000,9303.890000,8075.883930,8.996638,4209.702148,3654.070064,8.203597,4.750000,115.205841,1
1197,2025-04,E019,Cesce Perú (anteriormente Secrex),55869.630000,10876.240000,9410.769393,9.149610,26587.620000,5224.910000,4520.902730,8.416467,3174.904297,2747.115932,7.918307,4.750000,115.572272,1
1198,2025-05,E019,Cesce Perú (anteriormente Secrex),74382.230000,18512.600000,16027.253343,9.682046,35945.160000,9357.540000,8101.275037,8.999777,3116.688232,2698.267769,7.900365,4.500000,115.507003,1
1199,2025-06,E019,Cesce Perú (anteriormente Secrex),96139.620000,21757.390000,18812.217514,9.842262,47547.560000,11602.400000,10031.849982,9.213520,3135.407715,2710.985643,7.905068,4.500000,115.655637,1
1200,2025-07,E019,Cesce Perú (anteriormente Secrex),112663.370000,16523.750000,14254.036936,9.564795,54297.340000,6749.780000,5822.625822,8.669507,4760.717773,4106.782479,8.320395,4.500000,115.923300,1
1201,2025-08,E019,Cesce Perú (anteriormente Secrex),127700.450000,15037.080000,13009.337015,9.473423,61618.410000,7321.070000,6333.827242,8.753660,3079.415283,2664.157618,7.887643,4.500000,115.586828,1
1202,2025-09,E019,Cesce Perú (anteriormente Secrex),146777.760000,19077.310000,16502.903580,9.711292,74568.070000,12949.660000,11202.155355,9.323861,3113.536133,2693.376927,7.898551,4.250000,115.599718,1
1203,2025-10,E019,Cesce Perú (anteriormente Secrex),163973.960000,17196.200000,14890.476820,9.608477,82618.060000,8049.990000,6970.620806,8.849460,3086.611084,2672.748095,7.890862,4.250000,115.484549,1
1204,2025-11,E019,Cesce Perú (anteriormente Secrex),181068.340000,17094.380000,14785.929046,9.601431,91474.350000,8856.290000,7660.323191,8.943809,3102.256348,2683.322954,7.894811,4.250000,115.612485,1
1205,2025-12,E019,Cesce Perú (anteriormente Secrex),201030.560000,19962.220000,17224.445241,9.754085,102317.170000,10842.820000,9355.750981,9.143747,5077.461914,4381.099131,8.385055,4.250000,115.894705,1
1206,2020-01,E020,Vivir Seguros (anteriormente Vida Cámara),8867.360000,8867.360000,9618.615074,9.171456,45.460000,45.460000,49.311434,3.898156,2579.547363,2798.090204,7.936692,2.250000,92.189571,1
1207,2020-02,E020,Vivir Seguros (anteriormente Vida Cámara),15758.520000,6891.160000,7464.376405,8.917897,82.840000,37.380000,40.489321,3.701038,2684.386963,2907.678055,7.975110,2.250000,92.320639,1
1208,2020-03,E020,Vivir Seguros (anteriormente Vida Cámara),21623.270000,5864.750000,6311.813857,8.750178,122.920000,40.080000,43.135257,3.764341,3197.239014,3440.961254,8.143506,1.250000,92.917030,1
1209,2020-04,E020,Vivir Seguros (anteriormente Vida Cámara),23468.190000,1844.920000,1983.481974,7.592609,140.580000,17.660000,18.986347,2.943720,2519.562744,2708.793490,7.904259,0.250000,93.014206,1
1210,2020-05,E020,Vivir Seguros (anteriormente Vida Cámara),28142.540000,4674.350000,5015.176514,8.520224,146.860000,6.280000,6.737901,1.907748,2345.649414,2516.680576,7.830696,0.250000,93.204097,1
1211,2020-06,E020,Vivir Seguros (anteriormente Vida Cámara),34144.950000,6002.410000,6457.253502,8.772959,201.560000,54.700000,58.844992,4.074907,2360.650879,2539.533480,7.839736,0.250000,92.956084,1
1212,2020-07,E020,Vivir Seguros (anteriormente Vida Cámara),38229.020000,4084.070000,4373.312998,8.383276,243.530000,41.970000,44.942410,3.805382,3773.146729,4040.369443,8.304091,0.250000,93.386181,1
1213,2020-08,E020,Vivir Seguros (anteriormente Vida Cámara),41862.320000,3633.300000,3894.912167,8.267426,262.830000,19.300000,20.689677,3.029635,2380.944824,2552.382397,7.844782,0.250000,93.283233,1
1214,2020-09,E020,Vivir Seguros (anteriormente Vida Cámara),45878.850000,4016.530000,4299.873215,8.366341,301.090000,38.260000,40.959024,3.712572,2445.110840,2617.599422,7.870013,0.250000,93.410429,1
1215,2020-10,E020,Vivir Seguros (anteriormente Vida Cámara),53834.930000,7956.080000,8515.907341,9.049691,352.500000,51.410000,55.027450,4.007832,2421.107178,2591.467706,7.859980,0.250000,93.426099,1
1216,2020-11,E020,Vivir Seguros (anteriormente Vida Cámara),63061.190000,9226.260000,9824.329572,9.192617,391.100000,38.600000,41.102150,3.716060,2434.410645,2592.215316,7.860268,0.250000,93.912362,1
1217,2020-12,E020,Vivir Seguros (anteriormente Vida Cámara),78542.120000,15480.930000,16476.413735,9.709685,432.050000,40.950000,43.583244,3.774673,4193.692871,4463.363559,8.403658,0.250000,93.958129,1
1218,2021-01,E020,Vivir Seguros (anteriormente Vida Cámara),6643.820000,6643.820000,7018.899822,8.856362,19.800000,19.800000,20.917818,3.040601,2628.593994,2776.992441,7.929124,0.250000,94.656145,1
1219,2021-02,E020,Vivir Seguros (anteriormente Vida Cámara),19070.750000,12426.930000,13144.963990,9.483794,34.520000,14.720000,15.570529,2.745380,2693.624268,2849.263173,7.954816,0.250000,94.537574,1
1220,2021-03,E020,Vivir Seguros (anteriormente Vida Cámara),34827.970000,15757.220000,16528.924588,9.712867,46.200000,11.680000,12.252024,2.505691,3294.463623,3455.808879,8.147812,0.250000,95.331187,1
1221,2021-04,E020,Vivir Seguros (anteriormente Vida Cámara),45102.420000,10274.450000,10788.932886,9.286276,67.470000,21.270000,22.335074,3.106158,2720.330566,2856.548420,7.957369,0.250000,95.231383,1
1222,2021-05,E020,Vivir Seguros (anteriormente Vida Cámara),61058.110000,15955.690000,16710.113277,9.723769,91.570000,24.100000,25.239506,3.228410,2688.385254,2815.498554,7.942895,0.250000,95.485229,1
1223,2021-06,E020,Vivir Seguros (anteriormente Vida Cámara),72962.910000,11904.800000,12403.231410,9.425712,113.830000,22.260000,23.191984,3.143807,2684.098145,2796.476246,7.936115,0.250000,95.981439,1
1224,2021-07,E020,Vivir Seguros (anteriormente Vida Cámara),86271.140000,13308.230000,13727.114325,9.527128,152.060000,38.230000,39.433312,3.674611,4048.886230,4176.327293,8.337188,0.250000,96.948490,1
1225,2021-08,E020,Vivir Seguros (anteriormente Vida Cámara),100966.530000,14695.390000,15010.096259,9.616478,176.760000,24.700000,25.228958,3.227992,2547.848389,2602.411339,7.864194,0.500000,97.903369,1
1226,2021-09,E020,Vivir Seguros (anteriormente Vida Cámara),108331.200000,7364.670000,7492.385456,8.921643,233.890000,57.130000,58.120728,4.062522,2605.622803,2650.808575,7.882620,1.000000,98.295397,1
1227,2021-10,E020,Vivir Seguros (anteriormente Vida Cámara),108938.070000,606.870000,613.811518,6.419688,271.950000,38.060000,38.495339,3.650537,2559.100098,2588.371669,7.858784,1.500000,98.869113,1
1228,2021-11,E020,Vivir Seguros (anteriormente Vida Cámara),111143.840000,2205.770000,2223.037545,7.706630,321.460000,49.510000,49.897582,3.909973,2650.858398,2671.610253,7.890437,2.000000,99.223245,1
1229,2021-12,E020,Vivir Seguros (anteriormente Vida Cámara),115763.480000,4619.640000,4619.640000,8.438072,348.570000,27.110000,27.110000,3.299903,4369.076172,4369.076172,8.382307,2.500000,100.000000,1
1230,2022-01,E020,Vivir Seguros (anteriormente Vida Cámara),22180.260000,22180.260000,22171.996940,10.006585,77.210000,77.210000,77.181236,4.346156,2705.242188,2704.234373,7.902574,3.000000,100.037268,1
1231,2022-02,E020,Vivir Seguros (anteriormente Vida Cámara),35678.260000,13498.000000,13451.077262,9.506814,99.900000,22.690000,22.611123,3.118442,2838.450928,2828.583696,7.947531,3.500000,100.348840,1
1232,2022-03,E020,Vivir Seguros (anteriormente Vida Cámara),52195.520000,16517.260000,16219.363492,9.693961,134.840000,34.940000,34.309841,3.535432,3935.511230,3864.532445,8.259596,4.000000,101.836672,1
1233,2022-04,E020,Vivir Seguros (anteriormente Vida Cámara),63112.760000,10917.240000,10618.206666,9.270325,155.600000,20.760000,20.191364,3.005255,2773.888428,2697.909050,7.900232,4.500000,102.816232,1
1234,2022-05,E020,Vivir Seguros (anteriormente Vida Cámara),78990.300000,15877.540000,15383.562725,9.641055,178.890000,23.290000,22.565408,3.116418,2741.049072,2655.770373,7.884490,5.000000,103.211072,1
1235,2022-06,E020,Vivir Seguros (anteriormente Vida Cámara),92988.950000,13998.650000,13403.541984,9.503274,204.330000,25.440000,24.358499,3.192881,2748.454346,2631.612564,7.875352,5.500000,104.439931,1
1236,2022-07,E020,Vivir Seguros (anteriormente Vida Cámara),102868.680000,9879.730000,9371.548682,9.145434,243.230000,38.900000,36.899110,3.608187,4209.761719,3993.225208,8.292355,6.000000,105.422597,1
1237,2022-08,E020,Vivir Seguros (anteriormente Vida Cámara),117964.340000,15095.660000,14224.376674,9.562712,271.780000,28.550000,26.902166,3.292207,2697.882324,2542.167378,7.840772,6.500000,106.125283,1
1238,2022-09,E020,Vivir Seguros (anteriormente Vida Cámara),127931.400000,9967.060000,9342.964106,9.142379,313.880000,42.100000,39.463873,3.675386,2729.158447,2558.269882,7.847086,6.750000,106.679849,1
1239,2022-10,E020,Vivir Seguros (anteriormente Vida Cámara),140615.590000,12684.190000,11848.766198,9.379979,355.600000,41.720000,38.972179,3.662848,2658.610107,2483.505023,7.817426,7.000000,107.050724,1
1240,2022-11,E020,Vivir Seguros (anteriormente Vida Cámara),149615.280000,8999.690000,8363.646323,9.031650,395.070000,39.470000,36.680499,3.602245,2718.443115,2526.319991,7.834519,7.250000,107.604861,1
1241,2022-12,E020,Vivir Seguros (anteriormente Vida Cámara),157082.330000,7467.050000,6884.665032,8.837052,446.590000,51.520000,47.501750,3.860767,4473.389160,4124.491724,8.324698,7.500000,108.459162,1
1242,2023-01,E020,Vivir Seguros (anteriormente Vida Cámara),9252.240000,9252.240000,8511.347304,9.049156,22.110000,22.110000,20.339495,3.012565,2813.173584,2587.902756,7.858603,7.750000,108.704764,1
1243,2023-02,E020,Vivir Seguros (anteriormente Vida Cámara),21065.880000,11813.640000,10835.724132,9.290604,59.050000,36.940000,33.882161,3.522889,2964.280273,2718.901481,7.907983,7.750000,109.024924,1
1244,2023-03,E020,Vivir Seguros (anteriormente Vida Cámara),28677.050000,7611.170000,6894.704256,8.838509,70.610000,11.560000,10.471817,2.348688,3931.787842,3561.675060,8.177986,7.750000,110.391537,1
1245,2023-04,E020,Vivir Seguros (anteriormente Vida Cámara),32960.970000,4283.920000,3859.192968,8.258213,91.410000,20.800000,18.737795,2.930543,2920.156738,2630.639309,7.874982,7.750000,111.005592,1
1246,2023-05,E020,Vivir Seguros (anteriormente Vida Cámara),40713.300000,7752.330000,6961.601005,8.848165,112.160000,20.750000,18.633523,2.924962,2805.053711,2518.941368,7.831594,7.750000,111.358436,1
1247,2023-06,E020,Vivir Seguros (anteriormente Vida Cámara),52278.970000,11565.670000,10401.875506,9.249741,123.740000,11.580000,10.414764,2.343224,2835.707031,2550.364269,7.843991,7.750000,111.188314,1
1248,2023-07,E020,Vivir Seguros (anteriormente Vida Cámara),64780.150000,12501.180000,11199.452615,9.323620,147.330000,23.590000,21.133612,3.050865,4369.121582,3914.172112,8.272359,7.750000,111.623134,1
1249,2023-08,E020,Vivir Seguros (anteriormente Vida Cámara),77255.380000,12475.230000,11134.324920,9.317788,166.240000,18.910000,16.877451,2.825978,2808.223877,2506.380812,7.826595,7.750000,112.042985,1
1250,2023-09,E020,Vivir Seguros (anteriormente Vida Cámara),88775.360000,11519.980000,10280.064147,9.237962,185.290000,19.050000,16.999615,2.833191,2851.333984,2544.439857,7.841666,7.500000,112.061363,1
1251,2023-10,E020,Vivir Seguros (anteriormente Vida Cámara),99886.660000,11111.300000,9947.446386,9.205071,210.590000,25.300000,22.649950,3.120158,2823.048828,2527.348453,7.834926,7.250000,111.700024,1
1252,2023-11,E020,Vivir Seguros (anteriormente Vida Cámara),111977.100000,12090.440000,10841.704898,9.291156,231.880000,21.290000,19.091108,2.949223,2933.125244,2630.183709,7.874809,7.000000,111.517885,1
1253,2023-12,E020,Vivir Seguros (anteriormente Vida Cámara),124468.670000,12491.570000,11156.135907,9.319745,245.690000,13.810000,12.333617,2.512329,4701.770996,4199.119585,8.342630,6.750000,111.970400,1
1254,2024-01,E020,Vivir Seguros (anteriormente Vida Cámara),40758.840000,40758.840000,36394.449953,10.502172,36.790000,36.790000,32.850587,3.491970,3021.898682,2698.318704,7.900384,6.500000,111.991911,1
1255,2024-02,E020,Vivir Seguros (anteriormente Vida Cámara),76828.310000,36069.470000,32028.646871,10.374386,80.420000,43.630000,38.742179,3.656929,3120.777588,2771.160301,7.927021,6.250000,112.616278,1
1256,2024-03,E020,Vivir Seguros (anteriormente Vida Cámara),108456.570000,31628.260000,27804.327991,10.232947,130.210000,49.790000,43.770270,3.778955,4027.672363,3540.717176,8.172085,6.250000,113.753010,1
1257,2024-04,E020,Vivir Seguros (anteriormente Vida Cámara),148429.520000,39972.950000,35158.291935,10.467616,174.810000,44.600000,39.228023,3.669391,3079.103516,2708.231949,7.904051,6.000000,113.694232,1
1258,2024-05,E020,Vivir Seguros (anteriormente Vida Cámara),190775.940000,42346.420000,37279.697537,10.526204,220.130000,45.320000,39.897491,3.686313,3017.898438,2656.808792,7.884881,5.750000,113.591104,1
1259,2024-06,E020,Vivir Seguros (anteriormente Vida Cámara),225463.340000,34687.400000,30499.943234,10.325480,303.510000,83.380000,73.314381,4.294757,3047.427002,2679.542156,7.893401,5.750000,113.729392,1
1260,2024-07,E020,Vivir Seguros (anteriormente Vida Cámara),262789.020000,37325.680000,32742.370555,10.396425,358.430000,54.920000,48.176242,3.874866,4576.685059,4014.702963,8.297719,5.750000,113.998099,1
1261,2024-08,E020,Vivir Seguros (anteriormente Vida Cámara),305591.350000,42802.330000,37440.135782,10.530499,412.430000,54.000000,47.234983,3.855135,2959.672607,2588.890471,7.858985,5.500000,114.322048,1
1262,2024-09,E020,Vivir Seguros (anteriormente Vida Cámara),350639.660000,45048.310000,39498.576700,10.584020,467.650000,55.220000,48.417164,3.879854,2947.731934,2584.585656,7.857320,5.250000,114.050464,1
1263,2024-10,E020,Vivir Seguros (anteriormente Vida Cámara),390635.940000,39996.280000,35101.613131,10.466002,511.910000,44.260000,38.843547,3.659542,2950.953125,2589.821227,7.859344,5.250000,113.944279,1
1264,2024-11,E020,Vivir Seguros (anteriormente Vida Cámara),438704.170000,48068.230000,42146.051819,10.648896,558.230000,46.320000,40.613210,3.704093,2970.694824,2604.694577,7.865071,5.000000,114.051561,1
1265,2024-12,E020,Vivir Seguros (anteriormente Vida Cámara),483407.220000,44703.050000,39154.100700,10.575260,599.140000,40.910000,35.831879,3.578838,4880.891113,4275.030499,8.360547,5.000000,114.172077,1
1266,2025-01,E020,Vivir Seguros (anteriormente Vida Cámara),62132.170000,62132.170000,54470.590564,10.905416,70.930000,70.930000,62.183551,4.130091,3121.322998,2736.429567,7.914409,4.750000,114.065534,1
1267,2025-02,E020,Vivir Seguros (anteriormente Vida Cámara),121427.210000,59295.040000,51885.758374,10.856800,168.740000,97.810000,85.588036,4.449546,3270.431885,2861.771213,7.959196,4.750000,114.279991,1
1268,2025-03,E020,Vivir Seguros (anteriormente Vida Cámara),188066.250000,66639.040000,57843.456045,10.965496,273.140000,104.400000,90.620405,4.506679,4209.702148,3654.070064,8.203597,4.750000,115.205841,1
1269,2025-04,E020,Vivir Seguros (anteriormente Vida Cámara),246525.460000,58459.210000,50582.383636,10.831359,369.070000,95.930000,83.004339,4.418893,3174.904297,2747.115932,7.918307,4.750000,115.572272,1
1270,2025-05,E020,Vivir Seguros (anteriormente Vida Cámara),310864.820000,64339.360000,55701.696286,10.927766,463.610000,94.540000,81.847851,4.404862,3116.688232,2698.267769,7.900365,4.500000,115.507003,1
1271,2025-06,E020,Vivir Seguros (anteriormente Vida Cámara),377480.550000,66615.730000,57598.342569,10.961249,557.480000,93.870000,81.163359,4.396464,3135.407715,2710.985643,7.905068,4.500000,115.655637,1
1272,2025-07,E020,Vivir Seguros (anteriormente Vida Cámara),442686.830000,65206.280000,56249.502904,10.937552,634.720000,77.240000,66.630263,4.199159,4760.717773,4106.782479,8.320395,4.500000,115.923300,1
1273,2025-08,E020,Vivir Seguros (anteriormente Vida Cámara),506320.810000,63633.980000,55052.968492,10.916051,852.770000,218.050000,188.646063,5.239873,3079.415283,2664.157618,7.887643,4.500000,115.586828,1
1274,2025-09,E020,Vivir Seguros (anteriormente Vida Cámara),574535.960000,68215.150000,59009.789280,10.985459,926.580000,73.810000,63.849637,4.156531,3113.536133,2693.376927,7.898551,4.250000,115.599718,1
1275,2025-10,E020,Vivir Seguros (anteriormente Vida Cámara),653543.130000,79007.170000,68413.628216,11.133327,1011.280000,84.700000,73.343145,4.295149,3086.611084,2672.748095,7.890862,4.250000,115.484549,1
1276,2025-11,E020,Vivir Seguros (anteriormente Vida Cámara),723701.440000,70158.310000,60684.025605,11.013436,1105.730000,94.450000,81.695329,4.402997,3102.256348,2683.322954,7.894811,4.250000,115.612485,1
1277,2025-12,E020,Vivir Seguros (anteriormente Vida Cámara),793090.480000,69389.040000,59872.485115,10.999972,1179.560000,73.830000,63.704377,4.154253,5077.461914,4381.099131,8.385055,4.250000,115.894705,1
