periodo,hoja,fila_excel,columnas_texto,nota_original,nota_normalizada,referencias_detectadas,archivo_origen
2020-01,P009,65,A,"Mediante Resolución SBS N° 8551-2012 (15/11/2012), se autorizó el cambio de denominación social de InVita Seguros de Vida S.A. a Seguros Sura.","MEDIANTE RESOLUCION SBS N 8551-2012 (15/11/2012), SE AUTORIZO EL CAMBIO DE DENOMINACION SOCIAL DE INVITA SEGUROS DE VIDA S.A. A SEGUROS SURA.",,sbs_S-401_2020-01_2024200498D.xls
2020-01,P009,66,A,"Mediante Resolución SBS N° 2748-2015 (21/05/2015), se autorizó el cambio de denominación social de Aseguradora Magallanes Perú S.A. a HDI Seguros S.A.","MEDIANTE RESOLUCION SBS N 2748-2015 (21/05/2015), SE AUTORIZO EL CAMBIO DE DENOMINACION SOCIAL DE ASEGURADORA MAGALLANES PERU S.A. A HDI SEGUROS S.A.",,sbs_S-401_2020-01_2024200498D.xls
2020-01,P009,67,A,"Mediante Resolución SBS N° 1137-2016 (02/03/2016), se autorizó el cambio de denominación social de Ace Seguros S.A. a Chubb Seguros Perú S.A.","MEDIANTE RESOLUCION SBS N 1137-2016 (02/03/2016), SE AUTORIZO EL CAMBIO DE DENOMINACION SOCIAL DE ACE SEGUROS S.A. A CHUBB SEGUROS PERU S.A.",,sbs_S-401_2020-01_2024200498D.xls
2020-01,P009,68,A,"Mediante Resolución SBS N° 4961-2016 (14/09/2016), se autorizó el cambio de denominación social de AVAL Perú Compañía de Seguros S.A. a AVLA Perú Compañía de Seguros S.A.","MEDIANTE RESOLUCION SBS N 4961-2016 (14/09/2016), SE AUTORIZO EL CAMBIO DE DENOMINACION SOCIAL DE AVAL PERU COMPANIA DE SEGUROS S.A. A AVLA PERU COMPANIA DE SEGUROS S.A.",,sbs_S-401_2020-01_2024200498D.xls
2020-01,P009,69,A,"Mediante Resolución SBS N° 2836-2017 (19/07/2017), se autorizó la fusión por absorción de El Pacífico Vida con El Pacífico Peruano Suiza. A partir del 01.08.2017 esta empresa se denomina Pacífico Compañía de Seguros y Reaseguros.","MEDIANTE RESOLUCION SBS N 2836-2017 (19/07/2017), SE AUTORIZO LA FUSION POR ABSORCION DE EL PACIFICO VIDA CON EL PACIFICO PERUANO SUIZA. A PARTIR DEL 01.08.2017 ESTA EMPRESA SE DENOMINA PACIFICO COMPANIA DE SEGUROS Y REASEGUROS.",,sbs_S-401_2020-01_2024200498D.xls
2020-01,P009,70,A,"Mediante Resolución SBS N° 1170-2018 (27/03/2018), se autorizó la fusión por absorción de Interseguro Compañía de Seguros con Seguros Sura.","MEDIANTE RESOLUCION SBS N 1170-2018 (27/03/2018), SE AUTORIZO LA FUSION POR ABSORCION DE INTERSEGURO COMPANIA DE SEGUROS CON SEGUROS SURA.",,sbs_S-401_2020-01_2024200498D.xls
2020-01,P009,71,A,"Mediante Resolución SBS N° 2296-2019 (22/05/2019), se autorizó el cambio de denominación social de HDI Seguros S.A. a Qualitas Compañía de Seguros S.A.","MEDIANTE RESOLUCION SBS N 2296-2019 (22/05/2019), SE AUTORIZO EL CAMBIO DE DENOMINACION SOCIAL DE HDI SEGUROS S.A. A QUALITAS COMPANIA DE SEGUROS S.A.",,sbs_S-401_2020-01_2024200498D.xls
2020-01,P010,65,A,"Mediante Resolución SBS N° 8551-2012 (15/11/2012), se autorizó el cambio de denominación social de InVita Seguros de Vida S.A. a Seguros Sura.","MEDIANTE RESOLUCION SBS N 8551-2012 (15/11/2012), SE AUTORIZO EL CAMBIO DE DENOMINACION SOCIAL DE INVITA SEGUROS DE VIDA S.A. A SEGUROS SURA.",,sbs_S-401_2020-01_2024200498D.xls
2020-01,P010,66,A,"Mediante Resolución SBS N° 2748-2015 (21/05/2015), se autorizó el cambio de denominación social de Aseguradora Magallanes Perú S.A. a HDI Seguros S.A.","MEDIANTE RESOLUCION SBS N 2748-2015 (21/05/2015), SE AUTORIZO EL CAMBIO DE DENOMINACION SOCIAL DE ASEGURADORA MAGALLANES PERU S.A. A HDI SEGUROS S.A.",,sbs_S-401_2020-01_2024200498D.xls
2020-01,P010,67,A,"Mediante Resolución SBS N° 1137-2016 (02/03/2016), se autorizó el cambio de denominación social de Ace Seguros S.A. a Chubb Seguros Perú S.A.","MEDIANTE RESOLUCION SBS N 1137-2016 (02/03/2016), SE AUTORIZO EL CAMBIO DE DENOMINACION SOCIAL DE ACE SEGUROS S.A. A CHUBB SEGUROS PERU S.A.",,sbs_S-401_2020-01_2024200498D.xls
2020-01,P010,68,A,"Mediante Resolución SBS N° 4961-2016 (14/09/2016), se autorizó el cambio de denominación social de AVAL Perú Compañía de Seguros S.A. a AVLA Perú Compañía de Seguros S.A.","MEDIANTE RESOLUCION SBS N 4961-2016 (14/09/2016), SE AUTORIZO EL CAMBIO DE DENOMINACION SOCIAL DE AVAL PERU COMPANIA DE SEGUROS S.A. A AVLA PERU COMPANIA DE SEGUROS S.A.",,sbs_S-401_2020-01_2024200498D.xls
2020-01,P010,69,A,"Mediante Resolución SBS N° 2836-2017 (19/07/2017), se autorizó la fusión por absorción de El Pacífico Vida con El Pacífico Peruano Suiza. A partir del 01.08.2017 esta empresa se denomina Pacífico Compañía de Seguros y Reaseguros.","MEDIANTE RESOLUCION SBS N 2836-2017 (19/07/2017), SE AUTORIZO LA FUSION POR ABSORCION DE EL PACIFICO VIDA CON EL PACIFICO PERUANO SUIZA. A PARTIR DEL 01.08.2017 ESTA EMPRESA SE DENOMINA PACIFICO COMPANIA DE SEGUROS Y REASEGUROS.",,sbs_S-401_2020-01_2024200498D.xls
2020-01,P010,70,A,"Mediante Resolución SBS N° 1170-2018 (27/03/2018), se autorizó la fusión por absorción de Interseguro Compañía de Seguros con Seguros Sura.","MEDIANTE RESOLUCION SBS N 1170-2018 (27/03/2018), SE AUTORIZO LA FUSION POR ABSORCION DE INTERSEGURO COMPANIA DE SEGUROS CON SEGUROS SURA.",,sbs_S-401_2020-01_2024200498D.xls
2020-01,P010,71,A,"Mediante Resolución SBS N° 2296-2019 (22/05/2019), se autorizó el cambio de denominación social de HDI Seguros S.A. a Qualitas Compañía de Seguros S.A.","MEDIANTE RESOLUCION SBS N 2296-2019 (22/05/2019), SE AUTORIZO EL CAMBIO DE DENOMINACION SOCIAL DE HDI SEGUROS S.A. A QUALITAS COMPANIA DE SEGUROS S.A.",,sbs_S-401_2020-01_2024200498D.xls
2020-02,P009,65,A,"Mediante Resolución SBS N° 8551-2012 (15/11/2012), se autorizó el cambio de denominación social de InVita Seguros de Vida S.A. a Seguros Sura.","MEDIANTE RESOLUCION SBS N 8551-2012 (15/11/2012), SE AUTORIZO EL CAMBIO DE DENOMINACION SOCIAL DE INVITA SEGUROS DE VIDA S.A. A SEGUROS SURA.",,sbs_S-401_2020-02_2024200498D.xls
2020-02,P009,66,A,"Mediante Resolución SBS N° 2748-2015 (21/05/2015), se autorizó el cambio de denominación social de Aseguradora Magallanes Perú S.A. a HDI Seguros S.A.","MEDIANTE RESOLUCION SBS N 2748-2015 (21/05/2015), SE AUTORIZO EL CAMBIO DE DENOMINACION SOCIAL DE ASEGURADORA MAGALLANES PERU S.A. A HDI SEGUROS S.A.",,sbs_S-401_2020-02_2024200498D.xls
2020-02,P009,67,A,"Mediante Resolución SBS N° 1137-2016 (02/03/2016), se autorizó el cambio de denominación social de Ace Seguros S.A. a Chubb Seguros Perú S.A.","MEDIANTE RESOLUCION SBS N 1137-2016 (02/03/2016), SE AUTORIZO EL CAMBIO DE DENOMINACION SOCIAL DE ACE SEGUROS S.A. A CHUBB SEGUROS PERU S.A.",,sbs_S-401_2020-02_2024200498D.xls
2020-02,P009,68,A,"Mediante Resolución SBS N° 4961-2016 (14/09/2016), se autorizó el cambio de denominación social de AVAL Perú Compañía de Seguros S.A. a AVLA Perú Compañía de Seguros S.A.","MEDIANTE RESOLUCION SBS N 4961-2016 (14/09/2016), SE AUTORIZO EL CAMBIO DE DENOMINACION SOCIAL DE AVAL PERU COMPANIA DE SEGUROS S.A. A AVLA PERU COMPANIA DE SEGUROS S.A.",,sbs_S-401_2020-02_2024200498D.xls
2020-02,P009,69,A,"Mediante Resolución SBS N° 2836-2017 (19/07/2017), se autorizó la fusión por absorción de El Pacífico Vida con El Pacífico Peruano Suiza. A partir del 01.08.2017 esta empresa se denomina Pacífico Compañía de Seguros y Reaseguros.","MEDIANTE RESOLUCION SBS N 2836-2017 (19/07/2017), SE AUTORIZO LA FUSION POR ABSORCION DE EL PACIFICO VIDA CON EL PACIFICO PERUANO SUIZA. A PARTIR DEL 01.08.2017 ESTA EMPRESA SE DENOMINA PACIFICO COMPANIA DE SEGUROS Y REASEGUROS.",,sbs_S-401_2020-02_2024200498D.xls
2020-02,P009,70,A,"Mediante Resolución SBS N° 1170-2018 (27/03/2018), se autorizó la fusión por absorción de Interseguro Compañía de Seguros con Seguros Sura.","MEDIANTE RESOLUCION SBS N 1170-2018 (27/03/2018), SE AUTORIZO LA FUSION POR ABSORCION DE INTERSEGURO COMPANIA DE SEGUROS CON SEGUROS SURA.",,sbs_S-401_2020-02_2024200498D.xls
2020-02,P009,71,A,"Mediante Resolución SBS N° 2296-2019 (22/05/2019), se autorizó el cambio de denominación social de HDI Seguros S.A. a Qualitas Compañía de Seguros S.A.","MEDIANTE RESOLUCION SBS N 2296-2019 (22/05/2019), SE AUTORIZO EL CAMBIO DE DENOMINACION SOCIAL DE HDI SEGUROS S.A. A QUALITAS COMPANIA DE SEGUROS S.A.",,sbs_S-401_2020-02_2024200498D.xls
2020-02,P010,65,A,"Mediante Resolución SBS N° 8551-2012 (15/11/2012), se autorizó el cambio de denominación social de InVita Seguros de Vida S.A. a Seguros Sura.","MEDIANTE RESOLUCION SBS N 8551-2012 (15/11/2012), SE AUTORIZO EL CAMBIO DE DENOMINACION SOCIAL DE INVITA SEGUROS DE VIDA S.A. A SEGUROS SURA.",,sbs_S-401_2020-02_2024200498D.xls
2020-02,P010,66,A,"Mediante Resolución SBS N° 2748-2015 (21/05/2015), se autorizó el cambio de denominación social de Aseguradora Magallanes Perú S.A. a HDI Seguros S.A.","MEDIANTE RESOLUCION SBS N 2748-2015 (21/05/2015), SE AUTORIZO EL CAMBIO DE DENOMINACION SOCIAL DE ASEGURADORA MAGALLANES PERU S.A. A HDI SEGUROS S.A.",,sbs_S-401_2020-02_2024200498D.xls
2020-02,P010,67,A,"Mediante Resolución SBS N° 1137-2016 (02/03/2016), se autorizó el cambio de denominación social de Ace Seguros S.A. a Chubb Seguros Perú S.A.","MEDIANTE RESOLUCION SBS N 1137-2016 (02/03/2016), SE AUTORIZO EL CAMBIO DE DENOMINACION SOCIAL DE ACE SEGUROS S.A. A CHUBB SEGUROS PERU S.A.",,sbs_S-401_2020-02_2024200498D.xls
2020-02,P010,68,A,"Mediante Resolución SBS N° 4961-2016 (14/09/2016), se autorizó el cambio de denominación social de AVAL Perú Compañía de Seguros S.A. a AVLA Perú Compañía de Seguros S.A.","MEDIANTE RESOLUCION SBS N 4961-2016 (14/09/2016), SE AUTORIZO EL CAMBIO DE DENOMINACION SOCIAL DE AVAL PERU COMPANIA DE SEGUROS S.A. A AVLA PERU COMPANIA DE SEGUROS S.A.",,sbs_S-401_2020-02_2024200498D.xls
2020-02,P010,69,A,"Mediante Resolución SBS N° 2836-2017 (19/07/2017), se autorizó la fusión por absorción de El Pacífico Vida con El Pacífico Peruano Suiza. A partir del 01.08.2017 esta empresa se denomina Pacífico Compañía de Seguros y Reaseguros.","MEDIANTE RESOLUCION SBS N 2836-2017 (19/07/2017), SE AUTORIZO LA FUSION POR ABSORCION DE EL PACIFICO VIDA CON EL PACIFICO PERUANO SUIZA. A PARTIR DEL 01.08.2017 ESTA EMPRESA SE DENOMINA PACIFICO COMPANIA DE SEGUROS Y REASEGUROS.",,sbs_S-401_2020-02_2024200498D.xls
2020-02,P010,70,A,"Mediante Resolución SBS N° 1170-2018 (27/03/2018), se autorizó la fusión por absorción de Interseguro Compañía de Seguros con Seguros Sura.","MEDIANTE RESOLUCION SBS N 1170-2018 (27/03/2018), SE AUTORIZO LA FUSION POR ABSORCION DE INTERSEGURO COMPANIA DE SEGUROS CON SEGUROS SURA.",,sbs_S-401_2020-02_2024200498D.xls
2020-02,P010,71,A,"Mediante Resolución SBS N° 2296-2019 (22/05/2019), se autorizó el cambio de denominación social de HDI Seguros S.A. a Qualitas Compañía de Seguros S.A.","MEDIANTE RESOLUCION SBS N 2296-2019 (22/05/2019), SE AUTORIZO EL CAMBIO DE DENOMINACION SOCIAL DE HDI SEGUROS S.A. A QUALITAS COMPANIA DE SEGUROS S.A.",,sbs_S-401_2020-02_2024200498D.xls
2020-03,P009,65,A,"Mediante Resolución SBS N° 8551-2012 (15/11/2012), se autorizó el cambio de denominación social de InVita Seguros de Vida S.A. a Seguros Sura.","MEDIANTE RESOLUCION SBS N 8551-2012 (15/11/2012), SE AUTORIZO EL CAMBIO DE DENOMINACION SOCIAL DE INVITA SEGUROS DE VIDA S.A. A SEGUROS SURA.",,sbs_S-401_2020-03_2024200498D.xls
2020-03,P009,66,A,"Mediante Resolución SBS N° 2748-2015 (21/05/2015), se autorizó el cambio de denominación social de Aseguradora Magallanes Perú S.A. a HDI Seguros S.A.","MEDIANTE RESOLUCION SBS N 2748-2015 (21/05/2015), SE AUTORIZO EL CAMBIO DE DENOMINACION SOCIAL DE ASEGURADORA MAGALLANES PERU S.A. A HDI SEGUROS S.A.",,sbs_S-401_2020-03_2024200498D.xls
2020-03,P009,67,A,"Mediante Resolución SBS N° 1137-2016 (02/03/2016), se autorizó el cambio de denominación social de Ace Seguros S.A. a Chubb Seguros Perú S.A.","MEDIANTE RESOLUCION SBS N 1137-2016 (02/03/2016), SE AUTORIZO EL CAMBIO DE DENOMINACION SOCIAL DE ACE SEGUROS S.A. A CHUBB SEGUROS PERU S.A.",,sbs_S-401_2020-03_2024200498D.xls
2020-03,P009,68,A,"Mediante Resolución SBS N° 4961-2016 (14/09/2016), se autorizó el cambio de denominación social de AVAL Perú Compañía de Seguros S.A. a AVLA Perú Compañía de Seguros S.A.","MEDIANTE RESOLUCION SBS N 4961-2016 (14/09/2016), SE AUTORIZO EL CAMBIO DE DENOMINACION SOCIAL DE AVAL PERU COMPANIA DE SEGUROS S.A. A AVLA PERU COMPANIA DE SEGUROS S.A.",,sbs_S-401_2020-03_2024200498D.xls
2020-03,P009,69,A,"Mediante Resolución SBS N° 2836-2017 (19/07/2017), se autorizó la fusión por absorción de El Pacífico Vida con El Pacífico Peruano Suiza. A partir del 01.08.2017 esta empresa se denomina Pacífico Compañía de Seguros y Reaseguros.","MEDIANTE RESOLUCION SBS N 2836-2017 (19/07/2017), SE AUTORIZO LA FUSION POR ABSORCION DE EL PACIFICO VIDA CON EL PACIFICO PERUANO SUIZA. A PARTIR DEL 01.08.2017 ESTA EMPRESA SE DENOMINA PACIFICO COMPANIA DE SEGUROS Y REASEGUROS.",,sbs_S-401_2020-03_2024200498D.xls
2020-03,P009,70,A,"Mediante Resolución SBS N° 1170-2018 (27/03/2018), se autorizó la fusión por absorción de Interseguro Compañía de Seguros con Seguros Sura.","MEDIANTE RESOLUCION SBS N 1170-2018 (27/03/2018), SE AUTORIZO LA FUSION POR ABSORCION DE INTERSEGURO COMPANIA DE SEGUROS CON SEGUROS SURA.",,sbs_S-401_2020-03_2024200498D.xls
2020-03,P009,71,A,"Mediante Resolución SBS N° 2296-2019 (22/05/2019), se autorizó el cambio de denominación social de HDI Seguros S.A. a Qualitas Compañía de Seguros S.A.","MEDIANTE RESOLUCION SBS N 2296-2019 (22/05/2019), SE AUTORIZO EL CAMBIO DE DENOMINACION SOCIAL DE HDI SEGUROS S.A. A QUALITAS COMPANIA DE SEGUROS S.A.",,sbs_S-401_2020-03_2024200498D.xls
2020-03,P010,65,A,"Mediante Resolución SBS N° 8551-2012 (15/11/2012), se autorizó el cambio de denominación social de InVita Seguros de Vida S.A. a Seguros Sura.","MEDIANTE RESOLUCION SBS N 8551-2012 (15/11/2012), SE AUTORIZO EL CAMBIO DE DENOMINACION SOCIAL DE INVITA SEGUROS DE VIDA S.A. A SEGUROS SURA.",,sbs_S-401_2020-03_2024200498D.xls
2020-03,P010,66,A,"Mediante Resolución SBS N° 2748-2015 (21/05/2015), se autorizó el cambio de denominación social de Aseguradora Magallanes Perú S.A. a HDI Seguros S.A.","MEDIANTE RESOLUCION SBS N 2748-2015 (21/05/2015), SE AUTORIZO EL CAMBIO DE DENOMINACION SOCIAL DE ASEGURADORA MAGALLANES PERU S.A. A HDI SEGUROS S.A.",,sbs_S-401_2020-03_2024200498D.xls
2020-03,P010,67,A,"Mediante Resolución SBS N° 1137-2016 (02/03/2016), se autorizó el cambio de denominación social de Ace Seguros S.A. a Chubb Seguros Perú S.A.","MEDIANTE RESOLUCION SBS N 1137-2016 (02/03/2016), SE AUTORIZO EL CAMBIO DE DENOMINACION SOCIAL DE ACE SEGUROS S.A. A CHUBB SEGUROS PERU S.A.",,sbs_S-401_2020-03_2024200498D.xls
2020-03,P010,68,A,"Mediante Resolución SBS N° 4961-2016 (14/09/2016), se autorizó el cambio de denominación social de AVAL Perú Compañía de Seguros S.A. a AVLA Perú Compañía de Seguros S.A.","MEDIANTE RESOLUCION SBS N 4961-2016 (14/09/2016), SE AUTORIZO EL CAMBIO DE DENOMINACION SOCIAL DE AVAL PERU COMPANIA DE SEGUROS S.A. A AVLA PERU COMPANIA DE SEGUROS S.A.",,sbs_S-401_2020-03_2024200498D.xls
2020-03,P010,69,A,"Mediante Resolución SBS N° 2836-2017 (19/07/2017), se autorizó la fusión por absorción de El Pacífico Vida con El Pacífico Peruano Suiza. A partir del 01.08.2017 esta empresa se denomina Pacífico Compañía de Seguros y Reaseguros.","MEDIANTE RESOLUCION SBS N 2836-2017 (19/07/2017), SE AUTORIZO LA FUSION POR ABSORCION DE EL PACIFICO VIDA CON EL PACIFICO PERUANO SUIZA. A PARTIR DEL 01.08.2017 ESTA EMPRESA SE DENOMINA PACIFICO COMPANIA DE SEGUROS Y REASEGUROS.",,sbs_S-401_2020-03_2024200498D.xls
2020-03,P010,70,A,"Mediante Resolución SBS N° 1170-2018 (27/03/2018), se autorizó la fusión por absorción de Interseguro Compañía de Seguros con Seguros Sura.","MEDIANTE RESOLUCION SBS N 1170-2018 (27/03/2018), SE AUTORIZO LA FUSION POR ABSORCION DE INTERSEGURO COMPANIA DE SEGUROS CON SEGUROS SURA.",,sbs_S-401_2020-03_2024200498D.xls
2020-03,P010,71,A,"Mediante Resolución SBS N° 2296-2019 (22/05/2019), se autorizó el cambio de denominación social de HDI Seguros S.A. a Qualitas Compañía de Seguros S.A.","MEDIANTE RESOLUCION SBS N 2296-2019 (22/05/2019), SE AUTORIZO EL CAMBIO DE DENOMINACION SOCIAL DE HDI SEGUROS S.A. A QUALITAS COMPANIA DE SEGUROS S.A.",,sbs_S-401_2020-03_2024200498D.xls
2020-04,P009,65,A,"Mediante Resolución SBS N° 8551-2012 (15/11/2012), se autorizó el cambio de denominación social de InVita Seguros de Vida S.A. a Seguros Sura.","MEDIANTE RESOLUCION SBS N 8551-2012 (15/11/2012), SE AUTORIZO EL CAMBIO DE DENOMINACION SOCIAL DE INVITA SEGUROS DE VIDA S.A. A SEGUROS SURA.",,sbs_S-401_2020-04_2024200498D.xls
2020-04,P009,66,A,"Mediante Resolución SBS N° 2748-2015 (21/05/2015), se autorizó el cambio de denominación social de Aseguradora Magallanes Perú S.A. a HDI Seguros S.A.","MEDIANTE RESOLUCION SBS N 2748-2015 (21/05/2015), SE AUTORIZO EL CAMBIO DE DENOMINACION SOCIAL DE ASEGURADORA MAGALLANES PERU S.A. A HDI SEGUROS S.A.",,sbs_S-401_2020-04_2024200498D.xls
2020-04,P009,67,A,"Mediante Resolución SBS N° 1137-2016 (02/03/2016), se autorizó el cambio de denominación social de Ace Seguros S.A. a Chubb Seguros Perú S.A.","MEDIANTE RESOLUCION SBS N 1137-2016 (02/03/2016), SE AUTORIZO EL CAMBIO DE DENOMINACION SOCIAL DE ACE SEGUROS S.A. A CHUBB SEGUROS PERU S.A.",,sbs_S-401_2020-04_2024200498D.xls
2020-04,P009,68,A,"Mediante Resolución SBS N° 4961-2016 (14/09/2016), se autorizó el cambio de denominación social de AVAL Perú Compañía de Seguros S.A. a AVLA Perú Compañía de Seguros S.A.","MEDIANTE RESOLUCION SBS N 4961-2016 (14/09/2016), SE AUTORIZO EL CAMBIO DE DENOMINACION SOCIAL DE AVAL PERU COMPANIA DE SEGUROS S.A. A AVLA PERU COMPANIA DE SEGUROS S.A.",,sbs_S-401_2020-04_2024200498D.xls
2020-04,P009,69,A,"Mediante Resolución SBS N° 2836-2017 (19/07/2017), se autorizó la fusión por absorción de El Pacífico Vida con El Pacífico Peruano Suiza. A partir del 01.08.2017 esta empresa se denomina Pacífico Compañía de Seguros y Reaseguros.","MEDIANTE RESOLUCION SBS N 2836-2017 (19/07/2017), SE AUTORIZO LA FUSION POR ABSORCION DE EL PACIFICO VIDA CON EL PACIFICO PERUANO SUIZA. A PARTIR DEL 01.08.2017 ESTA EMPRESA SE DENOMINA PACIFICO COMPANIA DE SEGUROS Y REASEGUROS.",,sbs_S-401_2020-04_2024200498D.xls
2020-04,P009,70,A,"Mediante Resolución SBS N° 1170-2018 (27/03/2018), se autorizó la fusión por absorción de Interseguro Compañía de Seguros con Seguros Sura.","MEDIANTE RESOLUCION SBS N 1170-2018 (27/03/2018), SE AUTORIZO LA FUSION POR ABSORCION DE INTERSEGURO COMPANIA DE SEGUROS CON SEGUROS SURA.",,sbs_S-401_2020-04_2024200498D.xls
2020-04,P009,71,A,"Mediante Resolución SBS N° 2296-2019 (22/05/2019), se autorizó el cambio de denominación social de HDI Seguros S.A. a Qualitas Compañía de Seguros S.A.","MEDIANTE RESOLUCION SBS N 2296-2019 (22/05/2019), SE AUTORIZO EL CAMBIO DE DENOMINACION SOCIAL DE HDI SEGUROS S.A. A QUALITAS COMPANIA DE SEGUROS S.A.",,sbs_S-401_2020-04_2024200498D.xls
2020-04,P010,65,A,"Mediante Resolución SBS N° 8551-2012 (15/11/2012), se autorizó el cambio de denominación social de InVita Seguros de Vida S.A. a Seguros Sura.","MEDIANTE RESOLUCION SBS N 8551-2012 (15/11/2012), SE AUTORIZO EL CAMBIO DE DENOMINACION SOCIAL DE INVITA SEGUROS DE VIDA S.A. A SEGUROS SURA.",,sbs_S-401_2020-04_2024200498D.xls
2020-04,P010,66,A,"Mediante Resolución SBS N° 2748-2015 (21/05/2015), se autorizó el cambio de denominación social de Aseguradora Magallanes Perú S.A. a HDI Seguros S.A.","MEDIANTE RESOLUCION SBS N 2748-2015 (21/05/2015), SE AUTORIZO EL CAMBIO DE DENOMINACION SOCIAL DE ASEGURADORA MAGALLANES PERU S.A. A HDI SEGUROS S.A.",,sbs_S-401_2020-04_2024200498D.xls
2020-04,P010,67,A,"Mediante Resolución SBS N° 1137-2016 (02/03/2016), se autorizó el cambio de denominación social de Ace Seguros S.A. a Chubb Seguros Perú S.A.","MEDIANTE RESOLUCION SBS N 1137-2016 (02/03/2016), SE AUTORIZO EL CAMBIO DE DENOMINACION SOCIAL DE ACE SEGUROS S.A. A CHUBB SEGUROS PERU S.A.",,sbs_S-401_2020-04_2024200498D.xls
2020-04,P010,68,A,"Mediante Resolución SBS N° 4961-2016 (14/09/2016), se autorizó el cambio de denominación social de AVAL Perú Compañía de Seguros S.A. a AVLA Perú Compañía de Seguros S.A.","MEDIANTE RESOLUCION SBS N 4961-2016 (14/09/2016), SE AUTORIZO EL CAMBIO DE DENOMINACION SOCIAL DE AVAL PERU COMPANIA DE SEGUROS S.A. A AVLA PERU COMPANIA DE SEGUROS S.A.",,sbs_S-401_2020-04_2024200498D.xls
2020-04,P010,69,A,"Mediante Resolución SBS N° 2836-2017 (19/07/2017), se autorizó la fusión por absorción de El Pacífico Vida con El Pacífico Peruano Suiza. A partir del 01.08.2017 esta empresa se denomina Pacífico Compañía de Seguros y Reaseguros.","MEDIANTE RESOLUCION SBS N 2836-2017 (19/07/2017), SE AUTORIZO LA FUSION POR ABSORCION DE EL PACIFICO VIDA CON EL PACIFICO PERUANO SUIZA. A PARTIR DEL 01.08.2017 ESTA EMPRESA SE DENOMINA PACIFICO COMPANIA DE SEGUROS Y REASEGUROS.",,sbs_S-401_2020-04_2024200498D.xls
2020-04,P010,70,A,"Mediante Resolución SBS N° 1170-2018 (27/03/2018), se autorizó la fusión por absorción de Interseguro Compañía de Seguros con Seguros Sura.","MEDIANTE RESOLUCION SBS N 1170-2018 (27/03/2018), SE AUTORIZO LA FUSION POR ABSORCION DE INTERSEGURO COMPANIA DE SEGUROS CON SEGUROS SURA.",,sbs_S-401_2020-04_2024200498D.xls
2020-04,P010,71,A,"Mediante Resolución SBS N° 2296-2019 (22/05/2019), se autorizó el cambio de denominación social de HDI Seguros S.A. a Qualitas Compañía de Seguros S.A.","MEDIANTE RESOLUCION SBS N 2296-2019 (22/05/2019), SE AUTORIZO EL CAMBIO DE DENOMINACION SOCIAL DE HDI SEGUROS S.A. A QUALITAS COMPANIA DE SEGUROS S.A.",,sbs_S-401_2020-04_2024200498D.xls
2020-05,P009,65,A,"Mediante Resolución SBS N° 8551-2012 (15/11/2012), se autorizó el cambio de denominación social de InVita Seguros de Vida S.A. a Seguros Sura.","MEDIANTE RESOLUCION SBS N 8551-2012 (15/11/2012), SE AUTORIZO EL CAMBIO DE DENOMINACION SOCIAL DE INVITA SEGUROS DE VIDA S.A. A SEGUROS SURA.",,sbs_S-401_2020-05_2024200498D.xls
2020-05,P009,66,A,"Mediante Resolución SBS N° 2748-2015 (21/05/2015), se autorizó el cambio de denominación social de Aseguradora Magallanes Perú S.A. a HDI Seguros S.A.","MEDIANTE RESOLUCION SBS N 2748-2015 (21/05/2015), SE AUTORIZO EL CAMBIO DE DENOMINACION SOCIAL DE ASEGURADORA MAGALLANES PERU S.A. A HDI SEGUROS S.A.",,sbs_S-401_2020-05_2024200498D.xls
2020-05,P009,67,A,"Mediante Resolución SBS N° 1137-2016 (02/03/2016), se autorizó el cambio de denominación social de Ace Seguros S.A. a Chubb Seguros Perú S.A.","MEDIANTE RESOLUCION SBS N 1137-2016 (02/03/2016), SE AUTORIZO EL CAMBIO DE DENOMINACION SOCIAL DE ACE SEGUROS S.A. A CHUBB SEGUROS PERU S.A.",,sbs_S-401_2020-05_2024200498D.xls
2020-05,P009,68,A,"Mediante Resolución SBS N° 4961-2016 (14/09/2016), se autorizó el cambio de denominación social de AVAL Perú Compañía de Seguros S.A. a AVLA Perú Compañía de Seguros S.A.","MEDIANTE RESOLUCION SBS N 4961-2016 (14/09/2016), SE AUTORIZO EL CAMBIO DE DENOMINACION SOCIAL DE AVAL PERU COMPANIA DE SEGUROS S.A. A AVLA PERU COMPANIA DE SEGUROS S.A.",,sbs_S-401_2020-05_2024200498D.xls
2020-05,P009,69,A,"Mediante Resolución SBS N° 2836-2017 (19/07/2017), se autorizó la fusión por absorción de El Pacífico Vida con El Pacífico Peruano Suiza. A partir del 01.08.2017 esta empresa se denomina Pacífico Compañía de Seguros y Reaseguros.","MEDIANTE RESOLUCION SBS N 2836-2017 (19/07/2017), SE AUTORIZO LA FUSION POR ABSORCION DE EL PACIFICO VIDA CON EL PACIFICO PERUANO SUIZA. A PARTIR DEL 01.08.2017 ESTA EMPRESA SE DENOMINA PACIFICO COMPANIA DE SEGUROS Y REASEGUROS.",,sbs_S-401_2020-05_2024200498D.xls
2020-05,P009,70,A,"Mediante Resolución SBS N° 1170-2018 (27/03/2018), se autorizó la fusión por absorción de Interseguro Compañía de Seguros con Seguros Sura.","MEDIANTE RESOLUCION SBS N 1170-2018 (27/03/2018), SE AUTORIZO LA FUSION POR ABSORCION DE INTERSEGURO COMPANIA DE SEGUROS CON SEGUROS SURA.",,sbs_S-401_2020-05_2024200498D.xls
2020-05,P009,71,A,"Mediante Resolución SBS N° 2296-2019 (22/05/2019), se autorizó el cambio de denominación social de HDI Seguros S.A. a Qualitas Compañía de Seguros S.A.","MEDIANTE RESOLUCION SBS N 2296-2019 (22/05/2019), SE AUTORIZO EL CAMBIO DE DENOMINACION SOCIAL DE HDI SEGUROS S.A. A QUALITAS COMPANIA DE SEGUROS S.A.",,sbs_S-401_2020-05_2024200498D.xls
2020-05,P010,65,A,"Mediante Resolución SBS N° 8551-2012 (15/11/2012), se autorizó el cambio de denominación social de InVita Seguros de Vida S.A. a Seguros Sura.","MEDIANTE RESOLUCION SBS N 8551-2012 (15/11/2012), SE AUTORIZO EL CAMBIO DE DENOMINACION SOCIAL DE INVITA SEGUROS DE VIDA S.A. A SEGUROS SURA.",,sbs_S-401_2020-05_2024200498D.xls
2020-05,P010,66,A,"Mediante Resolución SBS N° 2748-2015 (21/05/2015), se autorizó el cambio de denominación social de Aseguradora Magallanes Perú S.A. a HDI Seguros S.A.","MEDIANTE RESOLUCION SBS N 2748-2015 (21/05/2015), SE AUTORIZO EL CAMBIO DE DENOMINACION SOCIAL DE ASEGURADORA MAGALLANES PERU S.A. A HDI SEGUROS S.A.",,sbs_S-401_2020-05_2024200498D.xls
2020-05,P010,67,A,"Mediante Resolución SBS N° 1137-2016 (02/03/2016), se autorizó el cambio de denominación social de Ace Seguros S.A. a Chubb Seguros Perú S.A.","MEDIANTE RESOLUCION SBS N 1137-2016 (02/03/2016), SE AUTORIZO EL CAMBIO DE DENOMINACION SOCIAL DE ACE SEGUROS S.A. A CHUBB SEGUROS PERU S.A.",,sbs_S-401_2020-05_2024200498D.xls
2020-05,P010,68,A,"Mediante Resolución SBS N° 4961-2016 (14/09/2016), se autorizó el cambio de denominación social de AVAL Perú Compañía de Seguros S.A. a AVLA Perú Compañía de Seguros S.A.","MEDIANTE RESOLUCION SBS N 4961-2016 (14/09/2016), SE AUTORIZO EL CAMBIO DE DENOMINACION SOCIAL DE AVAL PERU COMPANIA DE SEGUROS S.A. A AVLA PERU COMPANIA DE SEGUROS S.A.",,sbs_S-401_2020-05_2024200498D.xls
2020-05,P010,69,A,"Mediante Resolución SBS N° 2836-2017 (19/07/2017), se autorizó la fusión por absorción de El Pacífico Vida con El Pacífico Peruano Suiza. A partir del 01.08.2017 esta empresa se denomina Pacífico Compañía de Seguros y Reaseguros.","MEDIANTE RESOLUCION SBS N 2836-2017 (19/07/2017), SE AUTORIZO LA FUSION POR ABSORCION DE EL PACIFICO VIDA CON EL PACIFICO PERUANO SUIZA. A PARTIR DEL 01.08.2017 ESTA EMPRESA SE DENOMINA PACIFICO COMPANIA DE SEGUROS Y REASEGUROS.",,sbs_S-401_2020-05_2024200498D.xls
2020-05,P010,70,A,"Mediante Resolución SBS N° 1170-2018 (27/03/2018), se autorizó la fusión por absorción de Interseguro Compañía de Seguros con Seguros Sura.","MEDIANTE RESOLUCION SBS N 1170-2018 (27/03/2018), SE AUTORIZO LA FUSION POR ABSORCION DE INTERSEGURO COMPANIA DE SEGUROS CON SEGUROS SURA.",,sbs_S-401_2020-05_2024200498D.xls
2020-05,P010,71,A,"Mediante Resolución SBS N° 2296-2019 (22/05/2019), se autorizó el cambio de denominación social de HDI Seguros S.A. a Qualitas Compañía de Seguros S.A.","MEDIANTE RESOLUCION SBS N 2296-2019 (22/05/2019), SE AUTORIZO EL CAMBIO DE DENOMINACION SOCIAL DE HDI SEGUROS S.A. A QUALITAS COMPANIA DE SEGUROS S.A.",,sbs_S-401_2020-05_2024200498D.xls
2020-06,P009,65,A,"Mediante Resolución SBS N° 8551-2012 (15/11/2012), se autorizó el cambio de denominación social de InVita Seguros de Vida S.A. a Seguros Sura.","MEDIANTE RESOLUCION SBS N 8551-2012 (15/11/2012), SE AUTORIZO EL CAMBIO DE DENOMINACION SOCIAL DE INVITA SEGUROS DE VIDA S.A. A SEGUROS SURA.",,sbs_S-401_2020-06_2024200498D.xls
2020-06,P009,66,A,"Mediante Resolución SBS N° 2748-2015 (21/05/2015), se autorizó el cambio de denominación social de Aseguradora Magallanes Perú S.A. a HDI Seguros S.A.","MEDIANTE RESOLUCION SBS N 2748-2015 (21/05/2015), SE AUTORIZO EL CAMBIO DE DENOMINACION SOCIAL DE ASEGURADORA MAGALLANES PERU S.A. A HDI SEGUROS S.A.",,sbs_S-401_2020-06_2024200498D.xls
2020-06,P009,67,A,"Mediante Resolución SBS N° 1137-2016 (02/03/2016), se autorizó el cambio de denominación social de Ace Seguros S.A. a Chubb Seguros Perú S.A.","MEDIANTE RESOLUCION SBS N 1137-2016 (02/03/2016), SE AUTORIZO EL CAMBIO DE DENOMINACION SOCIAL DE ACE SEGUROS S.A. A CHUBB SEGUROS PERU S.A.",,sbs_S-401_2020-06_2024200498D.xls
2020-06,P009,68,A,"Mediante Resolución SBS N° 4961-2016 (14/09/2016), se autorizó el cambio de denominación social de AVAL Perú Compañía de Seguros S.A. a AVLA Perú Compañía de Seguros S.A.","MEDIANTE RESOLUCION SBS N 4961-2016 (14/09/2016), SE AUTORIZO EL CAMBIO DE DENOMINACION SOCIAL DE AVAL PERU COMPANIA DE SEGUROS S.A. A AVLA PERU COMPANIA DE SEGUROS S.A.",,sbs_S-401_2020-06_2024200498D.xls
2020-06,P009,69,A,"Mediante Resolución SBS N° 2836-2017 (19/07/2017), se autorizó la fusión por absorción de El Pacífico Vida con El Pacífico Peruano Suiza. A partir del 01.08.2017 esta empresa se denomina Pacífico Compañía de Seguros y Reaseguros.","MEDIANTE RESOLUCION SBS N 2836-2017 (19/07/2017), SE AUTORIZO LA FUSION POR ABSORCION DE EL PACIFICO VIDA CON EL PACIFICO PERUANO SUIZA. A PARTIR DEL 01.08.2017 ESTA EMPRESA SE DENOMINA PACIFICO COMPANIA DE SEGUROS Y REASEGUROS.",,sbs_S-401_2020-06_2024200498D.xls
2020-06,P009,70,A,"Mediante Resolución SBS N° 1170-2018 (27/03/2018), se autorizó la fusión por absorción de Interseguro Compañía de Seguros con Seguros Sura.","MEDIANTE RESOLUCION SBS N 1170-2018 (27/03/2018), SE AUTORIZO LA FUSION POR ABSORCION DE INTERSEGURO COMPANIA DE SEGUROS CON SEGUROS SURA.",,sbs_S-401_2020-06_2024200498D.xls
2020-06,P009,71,A,"Mediante Resolución SBS N° 2296-2019 (22/05/2019), se autorizó el cambio de denominación social de HDI Seguros S.A. a Qualitas Compañía de Seguros S.A.","MEDIANTE RESOLUCION SBS N 2296-2019 (22/05/2019), SE AUTORIZO EL CAMBIO DE DENOMINACION SOCIAL DE HDI SEGUROS S.A. A QUALITAS COMPANIA DE SEGUROS S.A.",,sbs_S-401_2020-06_2024200498D.xls
2020-06,P009,72,A,"Mediante Resolución SBS Nº 1749-2020 (01/07/2020), se autorizó la liquidación voluntaria y posterior inicio del proceso liquidatorio de Rigel Perú S.A.","MEDIANTE RESOLUCION SBS NO 1749-2020 (01/07/2020), SE AUTORIZO LA LIQUIDACION VOLUNTARIA Y POSTERIOR INICIO DEL PROCESO LIQUIDATORIO DE RIGEL PERU S.A.",,sbs_S-401_2020-06_2024200498D.xls
2020-06,P009,73,A,"(1) Flujos de Rigel de enero a mayo de 2020, periodo previo a su liquidación.","(1) FLUJOS DE RIGEL DE ENERO A MAYO DE 2020, PERIODO PREVIO A SU LIQUIDACION.",1,sbs_S-401_2020-06_2024200498D.xls
2020-06,P009,74,A,"(2) Total del sistema, considerando a los flujos de Rigel de enero a mayo de 2020.","(2) TOTAL DEL SISTEMA, CONSIDERANDO A LOS FLUJOS DE RIGEL DE ENERO A MAYO DE 2020.",2,sbs_S-401_2020-06_2024200498D.xls
2020-06,P009,75,A,*Actualizado al 17.08.2020,*ACTUALIZADO AL 17.08.2020,,sbs_S-401_2020-06_2024200498D.xls
2020-06,P010,65,A,"Mediante Resolución SBS N° 8551-2012 (15/11/2012), se autorizó el cambio de denominación social de InVita Seguros de Vida S.A. a Seguros Sura.","MEDIANTE RESOLUCION SBS N 8551-2012 (15/11/2012), SE AUTORIZO EL CAMBIO DE DENOMINACION SOCIAL DE INVITA SEGUROS DE VIDA S.A. A SEGUROS SURA.",,sbs_S-401_2020-06_2024200498D.xls
2020-06,P010,66,A,"Mediante Resolución SBS N° 2748-2015 (21/05/2015), se autorizó el cambio de denominación social de Aseguradora Magallanes Perú S.A. a HDI Seguros S.A.","MEDIANTE RESOLUCION SBS N 2748-2015 (21/05/2015), SE AUTORIZO EL CAMBIO DE DENOMINACION SOCIAL DE ASEGURADORA MAGALLANES PERU S.A. A HDI SEGUROS S.A.",,sbs_S-401_2020-06_2024200498D.xls
2020-06,P010,67,A,"Mediante Resolución SBS N° 1137-2016 (02/03/2016), se autorizó el cambio de denominación social de Ace Seguros S.A. a Chubb Seguros Perú S.A.","MEDIANTE RESOLUCION SBS N 1137-2016 (02/03/2016), SE AUTORIZO EL CAMBIO DE DENOMINACION SOCIAL DE ACE SEGUROS S.A. A CHUBB SEGUROS PERU S.A.",,sbs_S-401_2020-06_2024200498D.xls
2020-06,P010,68,A,"Mediante Resolución SBS N° 4961-2016 (14/09/2016), se autorizó el cambio de denominación social de AVAL Perú Compañía de Seguros S.A. a AVLA Perú Compañía de Seguros S.A.","MEDIANTE RESOLUCION SBS N 4961-2016 (14/09/2016), SE AUTORIZO EL CAMBIO DE DENOMINACION SOCIAL DE AVAL PERU COMPANIA DE SEGUROS S.A. A AVLA PERU COMPANIA DE SEGUROS S.A.",,sbs_S-401_2020-06_2024200498D.xls
2020-06,P010,69,A,"Mediante Resolución SBS N° 2836-2017 (19/07/2017), se autorizó la fusión por absorción de El Pacífico Vida con El Pacífico Peruano Suiza. A partir del 01.08.2017 esta empresa se denomina Pacífico Compañía de Seguros y Reaseguros.","MEDIANTE RESOLUCION SBS N 2836-2017 (19/07/2017), SE AUTORIZO LA FUSION POR ABSORCION DE EL PACIFICO VIDA CON EL PACIFICO PERUANO SUIZA. A PARTIR DEL 01.08.2017 ESTA EMPRESA SE DENOMINA PACIFICO COMPANIA DE SEGUROS Y REASEGUROS.",,sbs_S-401_2020-06_2024200498D.xls
2020-06,P010,70,A,"Mediante Resolución SBS N° 1170-2018 (27/03/2018), se autorizó la fusión por absorción de Interseguro Compañía de Seguros con Seguros Sura.","MEDIANTE RESOLUCION SBS N 1170-2018 (27/03/2018), SE AUTORIZO LA FUSION POR ABSORCION DE INTERSEGURO COMPANIA DE SEGUROS CON SEGUROS SURA.",,sbs_S-401_2020-06_2024200498D.xls
2020-06,P010,71,A,"Mediante Resolución SBS N° 2296-2019 (22/05/2019), se autorizó el cambio de denominación social de HDI Seguros S.A. a Qualitas Compañía de Seguros S.A.","MEDIANTE RESOLUCION SBS N 2296-2019 (22/05/2019), SE AUTORIZO EL CAMBIO DE DENOMINACION SOCIAL DE HDI SEGUROS S.A. A QUALITAS COMPANIA DE SEGUROS S.A.",,sbs_S-401_2020-06_2024200498D.xls
2020-06,P010,72,A,"Mediante Resolución SBS Nº 1749-2020 (01/07/2020), se autorizó la liquidación voluntaria y posterior inicio del proceso liquidatorio de Rigel Perú S.A.","MEDIANTE RESOLUCION SBS NO 1749-2020 (01/07/2020), SE AUTORIZO LA LIQUIDACION VOLUNTARIA Y POSTERIOR INICIO DEL PROCESO LIQUIDATORIO DE RIGEL PERU S.A.",,sbs_S-401_2020-06_2024200498D.xls
2020-06,P010,73,A,"(1) Flujos de Rigel de enero a mayo de 2020, periodo previo a su liquidación.","(1) FLUJOS DE RIGEL DE ENERO A MAYO DE 2020, PERIODO PREVIO A SU LIQUIDACION.",1,sbs_S-401_2020-06_2024200498D.xls
2020-06,P010,74,A,"(2) Total del sistema, considerando a los flujos de Rigel de enero a mayo de 2020.","(2) TOTAL DEL SISTEMA, CONSIDERANDO A LOS FLUJOS DE RIGEL DE ENERO A MAYO DE 2020.",2,sbs_S-401_2020-06_2024200498D.xls
2020-06,P010,75,A,*Actualizado al 17.08.2020,*ACTUALIZADO AL 17.08.2020,,sbs_S-401_2020-06_2024200498D.xls
2020-07,P009,65,A,"Mediante Resolución SBS N° 8551-2012 (15/11/2012), se autorizó el cambio de denominación social de InVita Seguros de Vida S.A. a Seguros Sura.","MEDIANTE RESOLUCION SBS N 8551-2012 (15/11/2012), SE AUTORIZO EL CAMBIO DE DENOMINACION SOCIAL DE INVITA SEGUROS DE VIDA S.A. A SEGUROS SURA.",,sbs_S-401_2020-07_2024200498D.xls
2020-07,P009,66,A,"Mediante Resolución SBS N° 2748-2015 (21/05/2015), se autorizó el cambio de denominación social de Aseguradora Magallanes Perú S.A. a HDI Seguros S.A.","MEDIANTE RESOLUCION SBS N 2748-2015 (21/05/2015), SE AUTORIZO EL CAMBIO DE DENOMINACION SOCIAL DE ASEGURADORA MAGALLANES PERU S.A. A HDI SEGUROS S.A.",,sbs_S-401_2020-07_2024200498D.xls
2020-07,P009,67,A,"Mediante Resolución SBS N° 1137-2016 (02/03/2016), se autorizó el cambio de denominación social de Ace Seguros S.A. a Chubb Seguros Perú S.A.","MEDIANTE RESOLUCION SBS N 1137-2016 (02/03/2016), SE AUTORIZO EL CAMBIO DE DENOMINACION SOCIAL DE ACE SEGUROS S.A. A CHUBB SEGUROS PERU S.A.",,sbs_S-401_2020-07_2024200498D.xls
2020-07,P009,68,A,"Mediante Resolución SBS N° 4961-2016 (14/09/2016), se autorizó el cambio de denominación social de AVAL Perú Compañía de Seguros S.A. a AVLA Perú Compañía de Seguros S.A.","MEDIANTE RESOLUCION SBS N 4961-2016 (14/09/2016), SE AUTORIZO EL CAMBIO DE DENOMINACION SOCIAL DE AVAL PERU COMPANIA DE SEGUROS S.A. A AVLA PERU COMPANIA DE SEGUROS S.A.",,sbs_S-401_2020-07_2024200498D.xls
2020-07,P009,69,A,"Mediante Resolución SBS N° 2836-2017 (19/07/2017), se autorizó la fusión por absorción de El Pacífico Vida con El Pacífico Peruano Suiza. A partir del 01.08.2017 esta empresa se denomina Pacífico Compañía de Seguros y Reaseguros.","MEDIANTE RESOLUCION SBS N 2836-2017 (19/07/2017), SE AUTORIZO LA FUSION POR ABSORCION DE EL PACIFICO VIDA CON EL PACIFICO PERUANO SUIZA. A PARTIR DEL 01.08.2017 ESTA EMPRESA SE DENOMINA PACIFICO COMPANIA DE SEGUROS Y REASEGUROS.",,sbs_S-401_2020-07_2024200498D.xls
2020-07,P009,70,A,"Mediante Resolución SBS N° 1170-2018 (27/03/2018), se autorizó la fusión por absorción de Interseguro Compañía de Seguros con Seguros Sura.","MEDIANTE RESOLUCION SBS N 1170-2018 (27/03/2018), SE AUTORIZO LA FUSION POR ABSORCION DE INTERSEGURO COMPANIA DE SEGUROS CON SEGUROS SURA.",,sbs_S-401_2020-07_2024200498D.xls
2020-07,P009,71,A,"Mediante Resolución SBS N° 2296-2019 (22/05/2019), se autorizó el cambio de denominación social de HDI Seguros S.A. a Qualitas Compañía de Seguros S.A.","MEDIANTE RESOLUCION SBS N 2296-2019 (22/05/2019), SE AUTORIZO EL CAMBIO DE DENOMINACION SOCIAL DE HDI SEGUROS S.A. A QUALITAS COMPANIA DE SEGUROS S.A.",,sbs_S-401_2020-07_2024200498D.xls
2020-07,P009,72,A,"Mediante Resolución SBS Nº 1749-2020 (01/07/2020), se autorizó la liquidación voluntaria y posterior inicio del proceso liquidatorio de Rigel Perú S.A.","MEDIANTE RESOLUCION SBS NO 1749-2020 (01/07/2020), SE AUTORIZO LA LIQUIDACION VOLUNTARIA Y POSTERIOR INICIO DEL PROCESO LIQUIDATORIO DE RIGEL PERU S.A.",,sbs_S-401_2020-07_2024200498D.xls
2020-07,P009,73,A,"(1) Flujos de Rigel de enero a mayo de 2020, periodo previo a su liquidación.","(1) FLUJOS DE RIGEL DE ENERO A MAYO DE 2020, PERIODO PREVIO A SU LIQUIDACION.",1,sbs_S-401_2020-07_2024200498D.xls
2020-07,P009,74,A,"(2) Total del sistema, considerando a los flujos de Rigel de enero a mayo de 2020.","(2) TOTAL DEL SISTEMA, CONSIDERANDO A LOS FLUJOS DE RIGEL DE ENERO A MAYO DE 2020.",2,sbs_S-401_2020-07_2024200498D.xls
2020-07,P010,65,A,"Mediante Resolución SBS N° 8551-2012 (15/11/2012), se autorizó el cambio de denominación social de InVita Seguros de Vida S.A. a Seguros Sura.","MEDIANTE RESOLUCION SBS N 8551-2012 (15/11/2012), SE AUTORIZO EL CAMBIO DE DENOMINACION SOCIAL DE INVITA SEGUROS DE VIDA S.A. A SEGUROS SURA.",,sbs_S-401_2020-07_2024200498D.xls
2020-07,P010,66,A,"Mediante Resolución SBS N° 2748-2015 (21/05/2015), se autorizó el cambio de denominación social de Aseguradora Magallanes Perú S.A. a HDI Seguros S.A.","MEDIANTE RESOLUCION SBS N 2748-2015 (21/05/2015), SE AUTORIZO EL CAMBIO DE DENOMINACION SOCIAL DE ASEGURADORA MAGALLANES PERU S.A. A HDI SEGUROS S.A.",,sbs_S-401_2020-07_2024200498D.xls
2020-07,P010,67,A,"Mediante Resolución SBS N° 1137-2016 (02/03/2016), se autorizó el cambio de denominación social de Ace Seguros S.A. a Chubb Seguros Perú S.A.","MEDIANTE RESOLUCION SBS N 1137-2016 (02/03/2016), SE AUTORIZO EL CAMBIO DE DENOMINACION SOCIAL DE ACE SEGUROS S.A. A CHUBB SEGUROS PERU S.A.",,sbs_S-401_2020-07_2024200498D.xls
2020-07,P010,68,A,"Mediante Resolución SBS N° 4961-2016 (14/09/2016), se autorizó el cambio de denominación social de AVAL Perú Compañía de Seguros S.A. a AVLA Perú Compañía de Seguros S.A.","MEDIANTE RESOLUCION SBS N 4961-2016 (14/09/2016), SE AUTORIZO EL CAMBIO DE DENOMINACION SOCIAL DE AVAL PERU COMPANIA DE SEGUROS S.A. A AVLA PERU COMPANIA DE SEGUROS S.A.",,sbs_S-401_2020-07_2024200498D.xls
2020-07,P010,69,A,"Mediante Resolución SBS N° 2836-2017 (19/07/2017), se autorizó la fusión por absorción de El Pacífico Vida con El Pacífico Peruano Suiza. A partir del 01.08.2017 esta empresa se denomina Pacífico Compañía de Seguros y Reaseguros.","MEDIANTE RESOLUCION SBS N 2836-2017 (19/07/2017), SE AUTORIZO LA FUSION POR ABSORCION DE EL PACIFICO VIDA CON EL PACIFICO PERUANO SUIZA. A PARTIR DEL 01.08.2017 ESTA EMPRESA SE DENOMINA PACIFICO COMPANIA DE SEGUROS Y REASEGUROS.",,sbs_S-401_2020-07_2024200498D.xls
2020-07,P010,70,A,"Mediante Resolución SBS N° 1170-2018 (27/03/2018), se autorizó la fusión por absorción de Interseguro Compañía de Seguros con Seguros Sura.","MEDIANTE RESOLUCION SBS N 1170-2018 (27/03/2018), SE AUTORIZO LA FUSION POR ABSORCION DE INTERSEGURO COMPANIA DE SEGUROS CON SEGUROS SURA.",,sbs_S-401_2020-07_2024200498D.xls
2020-07,P010,71,A,"Mediante Resolución SBS N° 2296-2019 (22/05/2019), se autorizó el cambio de denominación social de HDI Seguros S.A. a Qualitas Compañía de Seguros S.A.","MEDIANTE RESOLUCION SBS N 2296-2019 (22/05/2019), SE AUTORIZO EL CAMBIO DE DENOMINACION SOCIAL DE HDI SEGUROS S.A. A QUALITAS COMPANIA DE SEGUROS S.A.",,sbs_S-401_2020-07_2024200498D.xls
2020-07,P010,72,A,"Mediante Resolución SBS Nº 1749-2020 (01/07/2020), se autorizó la liquidación voluntaria y posterior inicio del proceso liquidatorio de Rigel Perú S.A.","MEDIANTE RESOLUCION SBS NO 1749-2020 (01/07/2020), SE AUTORIZO LA LIQUIDACION VOLUNTARIA Y POSTERIOR INICIO DEL PROCESO LIQUIDATORIO DE RIGEL PERU S.A.",,sbs_S-401_2020-07_2024200498D.xls
2020-07,P010,73,A,"(1) Flujos de Rigel de enero a mayo de 2020, periodo previo a su liquidación.","(1) FLUJOS DE RIGEL DE ENERO A MAYO DE 2020, PERIODO PREVIO A SU LIQUIDACION.",1,sbs_S-401_2020-07_2024200498D.xls
2020-07,P010,74,A,"(2) Total del sistema, considerando a los flujos de Rigel de enero a mayo de 2020.","(2) TOTAL DEL SISTEMA, CONSIDERANDO A LOS FLUJOS DE RIGEL DE ENERO A MAYO DE 2020.",2,sbs_S-401_2020-07_2024200498D.xls
2020-08,P009,65,A,"Mediante Resolución SBS N° 8551-2012 (15/11/2012), se autorizó el cambio de denominación social de InVita Seguros de Vida S.A. a Seguros Sura.","MEDIANTE RESOLUCION SBS N 8551-2012 (15/11/2012), SE AUTORIZO EL CAMBIO DE DENOMINACION SOCIAL DE INVITA SEGUROS DE VIDA S.A. A SEGUROS SURA.",,sbs_S-401_2020-08_2024200498D.xls
2020-08,P009,66,A,"Mediante Resolución SBS N° 2748-2015 (21/05/2015), se autorizó el cambio de denominación social de Aseguradora Magallanes Perú S.A. a HDI Seguros S.A.","MEDIANTE RESOLUCION SBS N 2748-2015 (21/05/2015), SE AUTORIZO EL CAMBIO DE DENOMINACION SOCIAL DE ASEGURADORA MAGALLANES PERU S.A. A HDI SEGUROS S.A.",,sbs_S-401_2020-08_2024200498D.xls
2020-08,P009,67,A,"Mediante Resolución SBS N° 1137-2016 (02/03/2016), se autorizó el cambio de denominación social de Ace Seguros S.A. a Chubb Seguros Perú S.A.","MEDIANTE RESOLUCION SBS N 1137-2016 (02/03/2016), SE AUTORIZO EL CAMBIO DE DENOMINACION SOCIAL DE ACE SEGUROS S.A. A CHUBB SEGUROS PERU S.A.",,sbs_S-401_2020-08_2024200498D.xls
2020-08,P009,68,A,"Mediante Resolución SBS N° 4961-2016 (14/09/2016), se autorizó el cambio de denominación social de AVAL Perú Compañía de Seguros S.A. a AVLA Perú Compañía de Seguros S.A.","MEDIANTE RESOLUCION SBS N 4961-2016 (14/09/2016), SE AUTORIZO EL CAMBIO DE DENOMINACION SOCIAL DE AVAL PERU COMPANIA DE SEGUROS S.A. A AVLA PERU COMPANIA DE SEGUROS S.A.",,sbs_S-401_2020-08_2024200498D.xls
2020-08,P009,69,A,"Mediante Resolución SBS N° 2836-2017 (19/07/2017), se autorizó la fusión por absorción de El Pacífico Vida con El Pacífico Peruano Suiza. A partir del 01.08.2017 esta empresa se denomina Pacífico Compañía de Seguros y Reaseguros.","MEDIANTE RESOLUCION SBS N 2836-2017 (19/07/2017), SE AUTORIZO LA FUSION POR ABSORCION DE EL PACIFICO VIDA CON EL PACIFICO PERUANO SUIZA. A PARTIR DEL 01.08.2017 ESTA EMPRESA SE DENOMINA PACIFICO COMPANIA DE SEGUROS Y REASEGUROS.",,sbs_S-401_2020-08_2024200498D.xls
2020-08,P009,70,A,"Mediante Resolución SBS N° 1170-2018 (27/03/2018), se autorizó la fusión por absorción de Interseguro Compañía de Seguros con Seguros Sura.","MEDIANTE RESOLUCION SBS N 1170-2018 (27/03/2018), SE AUTORIZO LA FUSION POR ABSORCION DE INTERSEGURO COMPANIA DE SEGUROS CON SEGUROS SURA.",,sbs_S-401_2020-08_2024200498D.xls
2020-08,P009,71,A,"Mediante Resolución SBS N° 2296-2019 (22/05/2019), se autorizó el cambio de denominación social de HDI Seguros S.A. a Qualitas Compañía de Seguros S.A.","MEDIANTE RESOLUCION SBS N 2296-2019 (22/05/2019), SE AUTORIZO EL CAMBIO DE DENOMINACION SOCIAL DE HDI SEGUROS S.A. A QUALITAS COMPANIA DE SEGUROS S.A.",,sbs_S-401_2020-08_2024200498D.xls
2020-08,P009,72,A,"Mediante Resolución SBS Nº 1749-2020 (01/07/2020), se autorizó la liquidación voluntaria y posterior inicio del proceso liquidatorio de Rigel Perú S.A.","MEDIANTE RESOLUCION SBS NO 1749-2020 (01/07/2020), SE AUTORIZO LA LIQUIDACION VOLUNTARIA Y POSTERIOR INICIO DEL PROCESO LIQUIDATORIO DE RIGEL PERU S.A.",,sbs_S-401_2020-08_2024200498D.xls
2020-08,P009,73,A,"(1) Flujos de Rigel de enero a mayo de 2020, periodo previo a su liquidación.","(1) FLUJOS DE RIGEL DE ENERO A MAYO DE 2020, PERIODO PREVIO A SU LIQUIDACION.",1,sbs_S-401_2020-08_2024200498D.xls
2020-08,P009,74,A,"(2) Total del sistema, considerando a los flujos de Rigel de enero a mayo de 2020.","(2) TOTAL DEL SISTEMA, CONSIDERANDO A LOS FLUJOS DE RIGEL DE ENERO A MAYO DE 2020.",2,sbs_S-401_2020-08_2024200498D.xls
2020-08,P010,65,A,"Mediante Resolución SBS N° 8551-2012 (15/11/2012), se autorizó el cambio de denominación social de InVita Seguros de Vida S.A. a Seguros Sura.","MEDIANTE RESOLUCION SBS N 8551-2012 (15/11/2012), SE AUTORIZO EL CAMBIO DE DENOMINACION SOCIAL DE INVITA SEGUROS DE VIDA S.A. A SEGUROS SURA.",,sbs_S-401_2020-08_2024200498D.xls
2020-08,P010,66,A,"Mediante Resolución SBS N° 2748-2015 (21/05/2015), se autorizó el cambio de denominación social de Aseguradora Magallanes Perú S.A. a HDI Seguros S.A.","MEDIANTE RESOLUCION SBS N 2748-2015 (21/05/2015), SE AUTORIZO EL CAMBIO DE DENOMINACION SOCIAL DE ASEGURADORA MAGALLANES PERU S.A. A HDI SEGUROS S.A.",,sbs_S-401_2020-08_2024200498D.xls
2020-08,P010,67,A,"Mediante Resolución SBS N° 1137-2016 (02/03/2016), se autorizó el cambio de denominación social de Ace Seguros S.A. a Chubb Seguros Perú S.A.","MEDIANTE RESOLUCION SBS N 1137-2016 (02/03/2016), SE AUTORIZO EL CAMBIO DE DENOMINACION SOCIAL DE ACE SEGUROS S.A. A CHUBB SEGUROS PERU S.A.",,sbs_S-401_2020-08_2024200498D.xls
2020-08,P010,68,A,"Mediante Resolución SBS N° 4961-2016 (14/09/2016), se autorizó el cambio de denominación social de AVAL Perú Compañía de Seguros S.A. a AVLA Perú Compañía de Seguros S.A.","MEDIANTE RESOLUCION SBS N 4961-2016 (14/09/2016), SE AUTORIZO EL CAMBIO DE DENOMINACION SOCIAL DE AVAL PERU COMPANIA DE SEGUROS S.A. A AVLA PERU COMPANIA DE SEGUROS S.A.",,sbs_S-401_2020-08_2024200498D.xls
2020-08,P010,69,A,"Mediante Resolución SBS N° 2836-2017 (19/07/2017), se autorizó la fusión por absorción de El Pacífico Vida con El Pacífico Peruano Suiza. A partir del 01.08.2017 esta empresa se denomina Pacífico Compañía de Seguros y Reaseguros.","MEDIANTE RESOLUCION SBS N 2836-2017 (19/07/2017), SE AUTORIZO LA FUSION POR ABSORCION DE EL PACIFICO VIDA CON EL PACIFICO PERUANO SUIZA. A PARTIR DEL 01.08.2017 ESTA EMPRESA SE DENOMINA PACIFICO COMPANIA DE SEGUROS Y REASEGUROS.",,sbs_S-401_2020-08_2024200498D.xls
2020-08,P010,70,A,"Mediante Resolución SBS N° 1170-2018 (27/03/2018), se autorizó la fusión por absorción de Interseguro Compañía de Seguros con Seguros Sura.","MEDIANTE RESOLUCION SBS N 1170-2018 (27/03/2018), SE AUTORIZO LA FUSION POR ABSORCION DE INTERSEGURO COMPANIA DE SEGUROS CON SEGUROS SURA.",,sbs_S-401_2020-08_2024200498D.xls
2020-08,P010,71,A,"Mediante Resolución SBS N° 2296-2019 (22/05/2019), se autorizó el cambio de denominación social de HDI Seguros S.A. a Qualitas Compañía de Seguros S.A.","MEDIANTE RESOLUCION SBS N 2296-2019 (22/05/2019), SE AUTORIZO EL CAMBIO DE DENOMINACION SOCIAL DE HDI SEGUROS S.A. A QUALITAS COMPANIA DE SEGUROS S.A.",,sbs_S-401_2020-08_2024200498D.xls
2020-08,P010,72,A,"Mediante Resolución SBS Nº 1749-2020 (01/07/2020), se autorizó la liquidación voluntaria y posterior inicio del proceso liquidatorio de Rigel Perú S.A.","MEDIANTE RESOLUCION SBS NO 1749-2020 (01/07/2020), SE AUTORIZO LA LIQUIDACION VOLUNTARIA Y POSTERIOR INICIO DEL PROCESO LIQUIDATORIO DE RIGEL PERU S.A.",,sbs_S-401_2020-08_2024200498D.xls
2020-08,P010,73,A,"(1) Flujos de Rigel de enero a mayo de 2020, periodo previo a su liquidación.","(1) FLUJOS DE RIGEL DE ENERO A MAYO DE 2020, PERIODO PREVIO A SU LIQUIDACION.",1,sbs_S-401_2020-08_2024200498D.xls
2020-08,P010,74,A,"(2) Total del sistema, considerando a los flujos de Rigel de enero a mayo de 2020.","(2) TOTAL DEL SISTEMA, CONSIDERANDO A LOS FLUJOS DE RIGEL DE ENERO A MAYO DE 2020.",2,sbs_S-401_2020-08_2024200498D.xls
2020-09,P009,65,A,"Mediante Resolución SBS N° 8551-2012 (15/11/2012), se autorizó el cambio de denominación social de InVita Seguros de Vida S.A. a Seguros Sura.","MEDIANTE RESOLUCION SBS N 8551-2012 (15/11/2012), SE AUTORIZO EL CAMBIO DE DENOMINACION SOCIAL DE INVITA SEGUROS DE VIDA S.A. A SEGUROS SURA.",,sbs_S-401_2020-09_2024200498D.xls
2020-09,P009,66,A,"Mediante Resolución SBS N° 2748-2015 (21/05/2015), se autorizó el cambio de denominación social de Aseguradora Magallanes Perú S.A. a HDI Seguros S.A.","MEDIANTE RESOLUCION SBS N 2748-2015 (21/05/2015), SE AUTORIZO EL CAMBIO DE DENOMINACION SOCIAL DE ASEGURADORA MAGALLANES PERU S.A. A HDI SEGUROS S.A.",,sbs_S-401_2020-09_2024200498D.xls
2020-09,P009,67,A,"Mediante Resolución SBS N° 1137-2016 (02/03/2016), se autorizó el cambio de denominación social de Ace Seguros S.A. a Chubb Seguros Perú S.A.","MEDIANTE RESOLUCION SBS N 1137-2016 (02/03/2016), SE AUTORIZO EL CAMBIO DE DENOMINACION SOCIAL DE ACE SEGUROS S.A. A CHUBB SEGUROS PERU S.A.",,sbs_S-401_2020-09_2024200498D.xls
2020-09,P009,68,A,"Mediante Resolución SBS N° 4961-2016 (14/09/2016), se autorizó el cambio de denominación social de AVAL Perú Compañía de Seguros S.A. a AVLA Perú Compañía de Seguros S.A.","MEDIANTE RESOLUCION SBS N 4961-2016 (14/09/2016), SE AUTORIZO EL CAMBIO DE DENOMINACION SOCIAL DE AVAL PERU COMPANIA DE SEGUROS S.A. A AVLA PERU COMPANIA DE SEGUROS S.A.",,sbs_S-401_2020-09_2024200498D.xls
2020-09,P009,69,A,"Mediante Resolución SBS N° 2836-2017 (19/07/2017), se autorizó la fusión por absorción de El Pacífico Vida con El Pacífico Peruano Suiza. A partir del 01.08.2017 esta empresa se denomina Pacífico Compañía de Seguros y Reaseguros.","MEDIANTE RESOLUCION SBS N 2836-2017 (19/07/2017), SE AUTORIZO LA FUSION POR ABSORCION DE EL PACIFICO VIDA CON EL PACIFICO PERUANO SUIZA. A PARTIR DEL 01.08.2017 ESTA EMPRESA SE DENOMINA PACIFICO COMPANIA DE SEGUROS Y REASEGUROS.",,sbs_S-401_2020-09_2024200498D.xls
2020-09,P009,70,A,"Mediante Resolución SBS N° 1170-2018 (27/03/2018), se autorizó la fusión por absorción de Interseguro Compañía de Seguros con Seguros Sura.","MEDIANTE RESOLUCION SBS N 1170-2018 (27/03/2018), SE AUTORIZO LA FUSION POR ABSORCION DE INTERSEGURO COMPANIA DE SEGUROS CON SEGUROS SURA.",,sbs_S-401_2020-09_2024200498D.xls
2020-09,P009,71,A,"Mediante Resolución SBS N° 2296-2019 (22/05/2019), se autorizó el cambio de denominación social de HDI Seguros S.A. a Qualitas Compañía de Seguros S.A.","MEDIANTE RESOLUCION SBS N 2296-2019 (22/05/2019), SE AUTORIZO EL CAMBIO DE DENOMINACION SOCIAL DE HDI SEGUROS S.A. A QUALITAS COMPANIA DE SEGUROS S.A.",,sbs_S-401_2020-09_2024200498D.xls
2020-09,P009,72,A,"Mediante Resolución SBS Nº 1749-2020 (01/07/2020), se autorizó la liquidación voluntaria y posterior inicio del proceso liquidatorio de Rigel Perú S.A.","MEDIANTE RESOLUCION SBS NO 1749-2020 (01/07/2020), SE AUTORIZO LA LIQUIDACION VOLUNTARIA Y POSTERIOR INICIO DEL PROCESO LIQUIDATORIO DE RIGEL PERU S.A.",,sbs_S-401_2020-09_2024200498D.xls
2020-09,P009,73,A,"(1) Flujos de Rigel de enero a mayo de 2020, periodo previo a su liquidación.","(1) FLUJOS DE RIGEL DE ENERO A MAYO DE 2020, PERIODO PREVIO A SU LIQUIDACION.",1,sbs_S-401_2020-09_2024200498D.xls
2020-09,P009,74,A,"(2) Total del sistema, considerando a los flujos de Rigel de enero a mayo de 2020.","(2) TOTAL DEL SISTEMA, CONSIDERANDO A LOS FLUJOS DE RIGEL DE ENERO A MAYO DE 2020.",2,sbs_S-401_2020-09_2024200498D.xls
2020-09,P010,65,A,"Mediante Resolución SBS N° 8551-2012 (15/11/2012), se autorizó el cambio de denominación social de InVita Seguros de Vida S.A. a Seguros Sura.","MEDIANTE RESOLUCION SBS N 8551-2012 (15/11/2012), SE AUTORIZO EL CAMBIO DE DENOMINACION SOCIAL DE INVITA SEGUROS DE VIDA S.A. A SEGUROS SURA.",,sbs_S-401_2020-09_2024200498D.xls
2020-09,P010,66,A,"Mediante Resolución SBS N° 2748-2015 (21/05/2015), se autorizó el cambio de denominación social de Aseguradora Magallanes Perú S.A. a HDI Seguros S.A.","MEDIANTE RESOLUCION SBS N 2748-2015 (21/05/2015), SE AUTORIZO EL CAMBIO DE DENOMINACION SOCIAL DE ASEGURADORA MAGALLANES PERU S.A. A HDI SEGUROS S.A.",,sbs_S-401_2020-09_2024200498D.xls
2020-09,P010,67,A,"Mediante Resolución SBS N° 1137-2016 (02/03/2016), se autorizó el cambio de denominación social de Ace Seguros S.A. a Chubb Seguros Perú S.A.","MEDIANTE RESOLUCION SBS N 1137-2016 (02/03/2016), SE AUTORIZO EL CAMBIO DE DENOMINACION SOCIAL DE ACE SEGUROS S.A. A CHUBB SEGUROS PERU S.A.",,sbs_S-401_2020-09_2024200498D.xls
2020-09,P010,68,A,"Mediante Resolución SBS N° 4961-2016 (14/09/2016), se autorizó el cambio de denominación social de AVAL Perú Compañía de Seguros S.A. a AVLA Perú Compañía de Seguros S.A.","MEDIANTE RESOLUCION SBS N 4961-2016 (14/09/2016), SE AUTORIZO EL CAMBIO DE DENOMINACION SOCIAL DE AVAL PERU COMPANIA DE SEGUROS S.A. A AVLA PERU COMPANIA DE SEGUROS S.A.",,sbs_S-401_2020-09_2024200498D.xls
2020-09,P010,69,A,"Mediante Resolución SBS N° 2836-2017 (19/07/2017), se autorizó la fusión por absorción de El Pacífico Vida con El Pacífico Peruano Suiza. A partir del 01.08.2017 esta empresa se denomina Pacífico Compañía de Seguros y Reaseguros.","MEDIANTE RESOLUCION SBS N 2836-2017 (19/07/2017), SE AUTORIZO LA FUSION POR ABSORCION DE EL PACIFICO VIDA CON EL PACIFICO PERUANO SUIZA. A PARTIR DEL 01.08.2017 ESTA EMPRESA SE DENOMINA PACIFICO COMPANIA DE SEGUROS Y REASEGUROS.",,sbs_S-401_2020-09_2024200498D.xls
2020-09,P010,70,A,"Mediante Resolución SBS N° 1170-2018 (27/03/2018), se autorizó la fusión por absorción de Interseguro Compañía de Seguros con Seguros Sura.","MEDIANTE RESOLUCION SBS N 1170-2018 (27/03/2018), SE AUTORIZO LA FUSION POR ABSORCION DE INTERSEGURO COMPANIA DE SEGUROS CON SEGUROS SURA.",,sbs_S-401_2020-09_2024200498D.xls
2020-09,P010,71,A,"Mediante Resolución SBS N° 2296-2019 (22/05/2019), se autorizó el cambio de denominación social de HDI Seguros S.A. a Qualitas Compañía de Seguros S.A.","MEDIANTE RESOLUCION SBS N 2296-2019 (22/05/2019), SE AUTORIZO EL CAMBIO DE DENOMINACION SOCIAL DE HDI SEGUROS S.A. A QUALITAS COMPANIA DE SEGUROS S.A.",,sbs_S-401_2020-09_2024200498D.xls
2020-09,P010,72,A,"Mediante Resolución SBS Nº 1749-2020 (01/07/2020), se autorizó la liquidación voluntaria y posterior inicio del proceso liquidatorio de Rigel Perú S.A.","MEDIANTE RESOLUCION SBS NO 1749-2020 (01/07/2020), SE AUTORIZO LA LIQUIDACION VOLUNTARIA Y POSTERIOR INICIO DEL PROCESO LIQUIDATORIO DE RIGEL PERU S.A.",,sbs_S-401_2020-09_2024200498D.xls
2020-09,P010,73,A,"(1) Flujos de Rigel de enero a mayo de 2020, periodo previo a su liquidación.","(1) FLUJOS DE RIGEL DE ENERO A MAYO DE 2020, PERIODO PREVIO A SU LIQUIDACION.",1,sbs_S-401_2020-09_2024200498D.xls
2020-09,P010,74,A,"(2) Total del sistema, considerando a los flujos de Rigel de enero a mayo de 2020.","(2) TOTAL DEL SISTEMA, CONSIDERANDO A LOS FLUJOS DE RIGEL DE ENERO A MAYO DE 2020.",2,sbs_S-401_2020-09_2024200498D.xls
2020-10,P009,65,A,"Mediante Resolución SBS N° 8551-2012 (15/11/2012), se autorizó el cambio de denominación social de InVita Seguros de Vida S.A. a Seguros Sura.","MEDIANTE RESOLUCION SBS N 8551-2012 (15/11/2012), SE AUTORIZO EL CAMBIO DE DENOMINACION SOCIAL DE INVITA SEGUROS DE VIDA S.A. A SEGUROS SURA.",,sbs_S-401_2020-10_2024200498D.xls
2020-10,P009,66,A,"Mediante Resolución SBS N° 2748-2015 (21/05/2015), se autorizó el cambio de denominación social de Aseguradora Magallanes Perú S.A. a HDI Seguros S.A.","MEDIANTE RESOLUCION SBS N 2748-2015 (21/05/2015), SE AUTORIZO EL CAMBIO DE DENOMINACION SOCIAL DE ASEGURADORA MAGALLANES PERU S.A. A HDI SEGUROS S.A.",,sbs_S-401_2020-10_2024200498D.xls
2020-10,P009,67,A,"Mediante Resolución SBS N° 1137-2016 (02/03/2016), se autorizó el cambio de denominación social de Ace Seguros S.A. a Chubb Seguros Perú S.A.","MEDIANTE RESOLUCION SBS N 1137-2016 (02/03/2016), SE AUTORIZO EL CAMBIO DE DENOMINACION SOCIAL DE ACE SEGUROS S.A. A CHUBB SEGUROS PERU S.A.",,sbs_S-401_2020-10_2024200498D.xls
2020-10,P009,68,A,"Mediante Resolución SBS N° 4961-2016 (14/09/2016), se autorizó el cambio de denominación social de AVAL Perú Compañía de Seguros S.A. a AVLA Perú Compañía de Seguros S.A.","MEDIANTE RESOLUCION SBS N 4961-2016 (14/09/2016), SE AUTORIZO EL CAMBIO DE DENOMINACION SOCIAL DE AVAL PERU COMPANIA DE SEGUROS S.A. A AVLA PERU COMPANIA DE SEGUROS S.A.",,sbs_S-401_2020-10_2024200498D.xls
2020-10,P009,69,A,"Mediante Resolución SBS N° 2836-2017 (19/07/2017), se autorizó la fusión por absorción de El Pacífico Vida con El Pacífico Peruano Suiza. A partir del 01.08.2017 esta empresa se denomina Pacífico Compañía de Seguros y Reaseguros.","MEDIANTE RESOLUCION SBS N 2836-2017 (19/07/2017), SE AUTORIZO LA FUSION POR ABSORCION DE EL PACIFICO VIDA CON EL PACIFICO PERUANO SUIZA. A PARTIR DEL 01.08.2017 ESTA EMPRESA SE DENOMINA PACIFICO COMPANIA DE SEGUROS Y REASEGUROS.",,sbs_S-401_2020-10_2024200498D.xls
2020-10,P009,70,A,"Mediante Resolución SBS N° 1170-2018 (27/03/2018), se autorizó la fusión por absorción de Interseguro Compañía de Seguros con Seguros Sura.","MEDIANTE RESOLUCION SBS N 1170-2018 (27/03/2018), SE AUTORIZO LA FUSION POR ABSORCION DE INTERSEGURO COMPANIA DE SEGUROS CON SEGUROS SURA.",,sbs_S-401_2020-10_2024200498D.xls
2020-10,P009,71,A,"Mediante Resolución SBS N° 2296-2019 (22/05/2019), se autorizó el cambio de denominación social de HDI Seguros S.A. a Qualitas Compañía de Seguros S.A.","MEDIANTE RESOLUCION SBS N 2296-2019 (22/05/2019), SE AUTORIZO EL CAMBIO DE DENOMINACION SOCIAL DE HDI SEGUROS S.A. A QUALITAS COMPANIA DE SEGUROS S.A.",,sbs_S-401_2020-10_2024200498D.xls
2020-10,P009,72,A,"Mediante Resolución SBS Nº 1749-2020 (01/07/2020), se autorizó la liquidación voluntaria y posterior inicio del proceso liquidatorio de Rigel Perú S.A.","MEDIANTE RESOLUCION SBS NO 1749-2020 (01/07/2020), SE AUTORIZO LA LIQUIDACION VOLUNTARIA Y POSTERIOR INICIO DEL PROCESO LIQUIDATORIO DE RIGEL PERU S.A.",,sbs_S-401_2020-10_2024200498D.xls
2020-10,P009,73,A,"(1) Flujos de Rigel de enero a mayo de 2020, periodo previo a su liquidación.","(1) FLUJOS DE RIGEL DE ENERO A MAYO DE 2020, PERIODO PREVIO A SU LIQUIDACION.",1,sbs_S-401_2020-10_2024200498D.xls
2020-10,P009,74,A,"(2) Total del sistema, considerando a los flujos de Rigel de enero a mayo de 2020.","(2) TOTAL DEL SISTEMA, CONSIDERANDO A LOS FLUJOS DE RIGEL DE ENERO A MAYO DE 2020.",2,sbs_S-401_2020-10_2024200498D.xls
2020-10,P010,65,A,"Mediante Resolución SBS N° 8551-2012 (15/11/2012), se autorizó el cambio de denominación social de InVita Seguros de Vida S.A. a Seguros Sura.","MEDIANTE RESOLUCION SBS N 8551-2012 (15/11/2012), SE AUTORIZO EL CAMBIO DE DENOMINACION SOCIAL DE INVITA SEGUROS DE VIDA S.A. A SEGUROS SURA.",,sbs_S-401_2020-10_2024200498D.xls
2020-10,P010,66,A,"Mediante Resolución SBS N° 2748-2015 (21/05/2015), se autorizó el cambio de denominación social de Aseguradora Magallanes Perú S.A. a HDI Seguros S.A.","MEDIANTE RESOLUCION SBS N 2748-2015 (21/05/2015), SE AUTORIZO EL CAMBIO DE DENOMINACION SOCIAL DE ASEGURADORA MAGALLANES PERU S.A. A HDI SEGUROS S.A.",,sbs_S-401_2020-10_2024200498D.xls
2020-10,P010,67,A,"Mediante Resolución SBS N° 1137-2016 (02/03/2016), se autorizó el cambio de denominación social de Ace Seguros S.A. a Chubb Seguros Perú S.A.","MEDIANTE RESOLUCION SBS N 1137-2016 (02/03/2016), SE AUTORIZO EL CAMBIO DE DENOMINACION SOCIAL DE ACE SEGUROS S.A. A CHUBB SEGUROS PERU S.A.",,sbs_S-401_2020-10_2024200498D.xls
2020-10,P010,68,A,"Mediante Resolución SBS N° 4961-2016 (14/09/2016), se autorizó el cambio de denominación social de AVAL Perú Compañía de Seguros S.A. a AVLA Perú Compañía de Seguros S.A.","MEDIANTE RESOLUCION SBS N 4961-2016 (14/09/2016), SE AUTORIZO EL CAMBIO DE DENOMINACION SOCIAL DE AVAL PERU COMPANIA DE SEGUROS S.A. A AVLA PERU COMPANIA DE SEGUROS S.A.",,sbs_S-401_2020-10_2024200498D.xls
2020-10,P010,69,A,"Mediante Resolución SBS N° 2836-2017 (19/07/2017), se autorizó la fusión por absorción de El Pacífico Vida con El Pacífico Peruano Suiza. A partir del 01.08.2017 esta empresa se denomina Pacífico Compañía de Seguros y Reaseguros.","MEDIANTE RESOLUCION SBS N 2836-2017 (19/07/2017), SE AUTORIZO LA FUSION POR ABSORCION DE EL PACIFICO VIDA CON EL PACIFICO PERUANO SUIZA. A PARTIR DEL 01.08.2017 ESTA EMPRESA SE DENOMINA PACIFICO COMPANIA DE SEGUROS Y REASEGUROS.",,sbs_S-401_2020-10_2024200498D.xls
2020-10,P010,70,A,"Mediante Resolución SBS N° 1170-2018 (27/03/2018), se autorizó la fusión por absorción de Interseguro Compañía de Seguros con Seguros Sura.","MEDIANTE RESOLUCION SBS N 1170-2018 (27/03/2018), SE AUTORIZO LA FUSION POR ABSORCION DE INTERSEGURO COMPANIA DE SEGUROS CON SEGUROS SURA.",,sbs_S-401_2020-10_2024200498D.xls
2020-10,P010,71,A,"Mediante Resolución SBS N° 2296-2019 (22/05/2019), se autorizó el cambio de denominación social de HDI Seguros S.A. a Qualitas Compañía de Seguros S.A.","MEDIANTE RESOLUCION SBS N 2296-2019 (22/05/2019), SE AUTORIZO EL CAMBIO DE DENOMINACION SOCIAL DE HDI SEGUROS S.A. A QUALITAS COMPANIA DE SEGUROS S.A.",,sbs_S-401_2020-10_2024200498D.xls
2020-10,P010,72,A,"Mediante Resolución SBS Nº 1749-2020 (01/07/2020), se autorizó la liquidación voluntaria y posterior inicio del proceso liquidatorio de Rigel Perú S.A.","MEDIANTE RESOLUCION SBS NO 1749-2020 (01/07/2020), SE AUTORIZO LA LIQUIDACION VOLUNTARIA Y POSTERIOR INICIO DEL PROCESO LIQUIDATORIO DE RIGEL PERU S.A.",,sbs_S-401_2020-10_2024200498D.xls
2020-10,P010,73,A,"(1) Flujos de Rigel de enero a mayo de 2020, periodo previo a su liquidación.","(1) FLUJOS DE RIGEL DE ENERO A MAYO DE 2020, PERIODO PREVIO A SU LIQUIDACION.",1,sbs_S-401_2020-10_2024200498D.xls
2020-10,P010,74,A,"(2) Total del sistema, considerando a los flujos de Rigel de enero a mayo de 2020.","(2) TOTAL DEL SISTEMA, CONSIDERANDO A LOS FLUJOS DE RIGEL DE ENERO A MAYO DE 2020.",2,sbs_S-401_2020-10_2024200498D.xls
2020-11,P009,65,A,"Mediante Resolución SBS N° 8551-2012 (15/11/2012), se autorizó el cambio de denominación social de InVita Seguros de Vida S.A. a Seguros Sura.","MEDIANTE RESOLUCION SBS N 8551-2012 (15/11/2012), SE AUTORIZO EL CAMBIO DE DENOMINACION SOCIAL DE INVITA SEGUROS DE VIDA S.A. A SEGUROS SURA.",,sbs_S-401_2020-11_2024200498D.xls
2020-11,P009,66,A,"Mediante Resolución SBS N° 2748-2015 (21/05/2015), se autorizó el cambio de denominación social de Aseguradora Magallanes Perú S.A. a HDI Seguros S.A.","MEDIANTE RESOLUCION SBS N 2748-2015 (21/05/2015), SE AUTORIZO EL CAMBIO DE DENOMINACION SOCIAL DE ASEGURADORA MAGALLANES PERU S.A. A HDI SEGUROS S.A.",,sbs_S-401_2020-11_2024200498D.xls
2020-11,P009,67,A,"Mediante Resolución SBS N° 1137-2016 (02/03/2016), se autorizó el cambio de denominación social de Ace Seguros S.A. a Chubb Seguros Perú S.A.","MEDIANTE RESOLUCION SBS N 1137-2016 (02/03/2016), SE AUTORIZO EL CAMBIO DE DENOMINACION SOCIAL DE ACE SEGUROS S.A. A CHUBB SEGUROS PERU S.A.",,sbs_S-401_2020-11_2024200498D.xls
2020-11,P009,68,A,"Mediante Resolución SBS N° 4961-2016 (14/09/2016), se autorizó el cambio de denominación social de AVAL Perú Compañía de Seguros S.A. a AVLA Perú Compañía de Seguros S.A.","MEDIANTE RESOLUCION SBS N 4961-2016 (14/09/2016), SE AUTORIZO EL CAMBIO DE DENOMINACION SOCIAL DE AVAL PERU COMPANIA DE SEGUROS S.A. A AVLA PERU COMPANIA DE SEGUROS S.A.",,sbs_S-401_2020-11_2024200498D.xls
2020-11,P009,69,A,"Mediante Resolución SBS N° 2836-2017 (19/07/2017), se autorizó la fusión por absorción de El Pacífico Vida con El Pacífico Peruano Suiza. A partir del 01.08.2017 esta empresa se denomina Pacífico Compañía de Seguros y Reaseguros.","MEDIANTE RESOLUCION SBS N 2836-2017 (19/07/2017), SE AUTORIZO LA FUSION POR ABSORCION DE EL PACIFICO VIDA CON EL PACIFICO PERUANO SUIZA. A PARTIR DEL 01.08.2017 ESTA EMPRESA SE DENOMINA PACIFICO COMPANIA DE SEGUROS Y REASEGUROS.",,sbs_S-401_2020-11_2024200498D.xls
2020-11,P009,70,A,"Mediante Resolución SBS N° 1170-2018 (27/03/2018), se autorizó la fusión por absorción de Interseguro Compañía de Seguros con Seguros Sura.","MEDIANTE RESOLUCION SBS N 1170-2018 (27/03/2018), SE AUTORIZO LA FUSION POR ABSORCION DE INTERSEGURO COMPANIA DE SEGUROS CON SEGUROS SURA.",,sbs_S-401_2020-11_2024200498D.xls
2020-11,P009,71,A,"Mediante Resolución SBS N° 2296-2019 (22/05/2019), se autorizó el cambio de denominación social de HDI Seguros S.A. a Qualitas Compañía de Seguros S.A.","MEDIANTE RESOLUCION SBS N 2296-2019 (22/05/2019), SE AUTORIZO EL CAMBIO DE DENOMINACION SOCIAL DE HDI SEGUROS S.A. A QUALITAS COMPANIA DE SEGUROS S.A.",,sbs_S-401_2020-11_2024200498D.xls
2020-11,P009,72,A,"Mediante Resolución SBS Nº 1749-2020 (01/07/2020), se autorizó la liquidación voluntaria y posterior inicio del proceso liquidatorio de Rigel Perú S.A.","MEDIANTE RESOLUCION SBS NO 1749-2020 (01/07/2020), SE AUTORIZO LA LIQUIDACION VOLUNTARIA Y POSTERIOR INICIO DEL PROCESO LIQUIDATORIO DE RIGEL PERU S.A.",,sbs_S-401_2020-11_2024200498D.xls
2020-11,P009,73,A,"(1) Flujos de Rigel de enero a mayo de 2020, periodo previo a su liquidación.","(1) FLUJOS DE RIGEL DE ENERO A MAYO DE 2020, PERIODO PREVIO A SU LIQUIDACION.",1,sbs_S-401_2020-11_2024200498D.xls
2020-11,P009,74,A,"(2) Total del sistema, considerando a los flujos de Rigel de enero a mayo de 2020.","(2) TOTAL DEL SISTEMA, CONSIDERANDO A LOS FLUJOS DE RIGEL DE ENERO A MAYO DE 2020.",2,sbs_S-401_2020-11_2024200498D.xls
2020-11,P010,65,A,"Mediante Resolución SBS N° 8551-2012 (15/11/2012), se autorizó el cambio de denominación social de InVita Seguros de Vida S.A. a Seguros Sura.","MEDIANTE RESOLUCION SBS N 8551-2012 (15/11/2012), SE AUTORIZO EL CAMBIO DE DENOMINACION SOCIAL DE INVITA SEGUROS DE VIDA S.A. A SEGUROS SURA.",,sbs_S-401_2020-11_2024200498D.xls
2020-11,P010,66,A,"Mediante Resolución SBS N° 2748-2015 (21/05/2015), se autorizó el cambio de denominación social de Aseguradora Magallanes Perú S.A. a HDI Seguros S.A.","MEDIANTE RESOLUCION SBS N 2748-2015 (21/05/2015), SE AUTORIZO EL CAMBIO DE DENOMINACION SOCIAL DE ASEGURADORA MAGALLANES PERU S.A. A HDI SEGUROS S.A.",,sbs_S-401_2020-11_2024200498D.xls
2020-11,P010,67,A,"Mediante Resolución SBS N° 1137-2016 (02/03/2016), se autorizó el cambio de denominación social de Ace Seguros S.A. a Chubb Seguros Perú S.A.","MEDIANTE RESOLUCION SBS N 1137-2016 (02/03/2016), SE AUTORIZO EL CAMBIO DE DENOMINACION SOCIAL DE ACE SEGUROS S.A. A CHUBB SEGUROS PERU S.A.",,sbs_S-401_2020-11_2024200498D.xls
2020-11,P010,68,A,"Mediante Resolución SBS N° 4961-2016 (14/09/2016), se autorizó el cambio de denominación social de AVAL Perú Compañía de Seguros S.A. a AVLA Perú Compañía de Seguros S.A.","MEDIANTE RESOLUCION SBS N 4961-2016 (14/09/2016), SE AUTORIZO EL CAMBIO DE DENOMINACION SOCIAL DE AVAL PERU COMPANIA DE SEGUROS S.A. A AVLA PERU COMPANIA DE SEGUROS S.A.",,sbs_S-401_2020-11_2024200498D.xls
2020-11,P010,69,A,"Mediante Resolución SBS N° 2836-2017 (19/07/2017), se autorizó la fusión por absorción de El Pacífico Vida con El Pacífico Peruano Suiza. A partir del 01.08.2017 esta empresa se denomina Pacífico Compañía de Seguros y Reaseguros.","MEDIANTE RESOLUCION SBS N 2836-2017 (19/07/2017), SE AUTORIZO LA FUSION POR ABSORCION DE EL PACIFICO VIDA CON EL PACIFICO PERUANO SUIZA. A PARTIR DEL 01.08.2017 ESTA EMPRESA SE DENOMINA PACIFICO COMPANIA DE SEGUROS Y REASEGUROS.",,sbs_S-401_2020-11_2024200498D.xls
2020-11,P010,70,A,"Mediante Resolución SBS N° 1170-2018 (27/03/2018), se autorizó la fusión por absorción de Interseguro Compañía de Seguros con Seguros Sura.","MEDIANTE RESOLUCION SBS N 1170-2018 (27/03/2018), SE AUTORIZO LA FUSION POR ABSORCION DE INTERSEGURO COMPANIA DE SEGUROS CON SEGUROS SURA.",,sbs_S-401_2020-11_2024200498D.xls
2020-11,P010,71,A,"Mediante Resolución SBS N° 2296-2019 (22/05/2019), se autorizó el cambio de denominación social de HDI Seguros S.A. a Qualitas Compañía de Seguros S.A.","MEDIANTE RESOLUCION SBS N 2296-2019 (22/05/2019), SE AUTORIZO EL CAMBIO DE DENOMINACION SOCIAL DE HDI SEGUROS S.A. A QUALITAS COMPANIA DE SEGUROS S.A.",,sbs_S-401_2020-11_2024200498D.xls
2020-11,P010,72,A,"Mediante Resolución SBS Nº 1749-2020 (01/07/2020), se autorizó la liquidación voluntaria y posterior inicio del proceso liquidatorio de Rigel Perú S.A.","MEDIANTE RESOLUCION SBS NO 1749-2020 (01/07/2020), SE AUTORIZO LA LIQUIDACION VOLUNTARIA Y POSTERIOR INICIO DEL PROCESO LIQUIDATORIO DE RIGEL PERU S.A.",,sbs_S-401_2020-11_2024200498D.xls
2020-11,P010,73,A,"(1) Flujos de Rigel de enero a mayo de 2020, periodo previo a su liquidación.","(1) FLUJOS DE RIGEL DE ENERO A MAYO DE 2020, PERIODO PREVIO A SU LIQUIDACION.",1,sbs_S-401_2020-11_2024200498D.xls
2020-11,P010,74,A,"(2) Total del sistema, considerando a los flujos de Rigel de enero a mayo de 2020.","(2) TOTAL DEL SISTEMA, CONSIDERANDO A LOS FLUJOS DE RIGEL DE ENERO A MAYO DE 2020.",2,sbs_S-401_2020-11_2024200498D.xls
2020-12,P009,65,A,"Mediante Resolución SBS N° 8551-2012 (15/11/2012), se autorizó el cambio de denominación social de InVita Seguros de Vida S.A. a Seguros Sura.","MEDIANTE RESOLUCION SBS N 8551-2012 (15/11/2012), SE AUTORIZO EL CAMBIO DE DENOMINACION SOCIAL DE INVITA SEGUROS DE VIDA S.A. A SEGUROS SURA.",,sbs_S-401_2020-12_2024200498D.xls
2020-12,P009,66,A,"Mediante Resolución SBS N° 2748-2015 (21/05/2015), se autorizó el cambio de denominación social de Aseguradora Magallanes Perú S.A. a HDI Seguros S.A.","MEDIANTE RESOLUCION SBS N 2748-2015 (21/05/2015), SE AUTORIZO EL CAMBIO DE DENOMINACION SOCIAL DE ASEGURADORA MAGALLANES PERU S.A. A HDI SEGUROS S.A.",,sbs_S-401_2020-12_2024200498D.xls
2020-12,P009,67,A,"Mediante Resolución SBS N° 1137-2016 (02/03/2016), se autorizó el cambio de denominación social de Ace Seguros S.A. a Chubb Seguros Perú S.A.","MEDIANTE RESOLUCION SBS N 1137-2016 (02/03/2016), SE AUTORIZO EL CAMBIO DE DENOMINACION SOCIAL DE ACE SEGUROS S.A. A CHUBB SEGUROS PERU S.A.",,sbs_S-401_2020-12_2024200498D.xls
2020-12,P009,68,A,"Mediante Resolución SBS N° 4961-2016 (14/09/2016), se autorizó el cambio de denominación social de AVAL Perú Compañía de Seguros S.A. a AVLA Perú Compañía de Seguros S.A.","MEDIANTE RESOLUCION SBS N 4961-2016 (14/09/2016), SE AUTORIZO EL CAMBIO DE DENOMINACION SOCIAL DE AVAL PERU COMPANIA DE SEGUROS S.A. A AVLA PERU COMPANIA DE SEGUROS S.A.",,sbs_S-401_2020-12_2024200498D.xls
2020-12,P009,69,A,"Mediante Resolución SBS N° 2836-2017 (19/07/2017), se autorizó la fusión por absorción de El Pacífico Vida con El Pacífico Peruano Suiza. A partir del 01.08.2017 esta empresa se denomina Pacífico Compañía de Seguros y Reaseguros.","MEDIANTE RESOLUCION SBS N 2836-2017 (19/07/2017), SE AUTORIZO LA FUSION POR ABSORCION DE EL PACIFICO VIDA CON EL PACIFICO PERUANO SUIZA. A PARTIR DEL 01.08.2017 ESTA EMPRESA SE DENOMINA PACIFICO COMPANIA DE SEGUROS Y REASEGUROS.",,sbs_S-401_2020-12_2024200498D.xls
2020-12,P009,70,A,"Mediante Resolución SBS N° 1170-2018 (27/03/2018), se autorizó la fusión por absorción de Interseguro Compañía de Seguros con Seguros Sura.","MEDIANTE RESOLUCION SBS N 1170-2018 (27/03/2018), SE AUTORIZO LA FUSION POR ABSORCION DE INTERSEGURO COMPANIA DE SEGUROS CON SEGUROS SURA.",,sbs_S-401_2020-12_2024200498D.xls
2020-12,P009,71,A,"Mediante Resolución SBS N° 2296-2019 (22/05/2019), se autorizó el cambio de denominación social de HDI Seguros S.A. a Qualitas Compañía de Seguros S.A.","MEDIANTE RESOLUCION SBS N 2296-2019 (22/05/2019), SE AUTORIZO EL CAMBIO DE DENOMINACION SOCIAL DE HDI SEGUROS S.A. A QUALITAS COMPANIA DE SEGUROS S.A.",,sbs_S-401_2020-12_2024200498D.xls
2020-12,P009,72,A,"Mediante Resolución SBS Nº 1749-2020 (01/07/2020), se autorizó la liquidación voluntaria y posterior inicio del proceso liquidatorio de Rigel Perú S.A.","MEDIANTE RESOLUCION SBS NO 1749-2020 (01/07/2020), SE AUTORIZO LA LIQUIDACION VOLUNTARIA Y POSTERIOR INICIO DEL PROCESO LIQUIDATORIO DE RIGEL PERU S.A.",,sbs_S-401_2020-12_2024200498D.xls
2020-12,P009,73,A,"Mediante Resolución SBS Nº 3286-2020 (28/12/2020), se autorizó la liquidación voluntaria y posterior inicio del proceso liquidatorio de Coface Seguros.","MEDIANTE RESOLUCION SBS NO 3286-2020 (28/12/2020), SE AUTORIZO LA LIQUIDACION VOLUNTARIA Y POSTERIOR INICIO DEL PROCESO LIQUIDATORIO DE COFACE SEGUROS.",,sbs_S-401_2020-12_2024200498D.xls
2020-12,P009,74,A,"(1) Flujos de Rigel de enero a mayo de 2020, periodo previo a su liquidación.","(1) FLUJOS DE RIGEL DE ENERO A MAYO DE 2020, PERIODO PREVIO A SU LIQUIDACION.",1,sbs_S-401_2020-12_2024200498D.xls
2020-12,P009,75,A,"(2) Flujos de Coface Seguros de enero a noviembre de 2020, periodo previo a su liquidación.","(2) FLUJOS DE COFACE SEGUROS DE ENERO A NOVIEMBRE DE 2020, PERIODO PREVIO A SU LIQUIDACION.",2,sbs_S-401_2020-12_2024200498D.xls
2020-12,P009,76,A,"(3) Total del sistema, considerando a los flujos de Rigel de enero a mayo de 2020 y de Coface Seguros de enero a noviembre 2020.","(3) TOTAL DEL SISTEMA, CONSIDERANDO A LOS FLUJOS DE RIGEL DE ENERO A MAYO DE 2020 Y DE COFACE SEGUROS DE ENERO A NOVIEMBRE 2020.",3,sbs_S-401_2020-12_2024200498D.xls
2020-12,P010,65,A,"Mediante Resolución SBS N° 8551-2012 (15/11/2012), se autorizó el cambio de denominación social de InVita Seguros de Vida S.A. a Seguros Sura.","MEDIANTE RESOLUCION SBS N 8551-2012 (15/11/2012), SE AUTORIZO EL CAMBIO DE DENOMINACION SOCIAL DE INVITA SEGUROS DE VIDA S.A. A SEGUROS SURA.",,sbs_S-401_2020-12_2024200498D.xls
2020-12,P010,66,A,"Mediante Resolución SBS N° 2748-2015 (21/05/2015), se autorizó el cambio de denominación social de Aseguradora Magallanes Perú S.A. a HDI Seguros S.A.","MEDIANTE RESOLUCION SBS N 2748-2015 (21/05/2015), SE AUTORIZO EL CAMBIO DE DENOMINACION SOCIAL DE ASEGURADORA MAGALLANES PERU S.A. A HDI SEGUROS S.A.",,sbs_S-401_2020-12_2024200498D.xls
2020-12,P010,67,A,"Mediante Resolución SBS N° 1137-2016 (02/03/2016), se autorizó el cambio de denominación social de Ace Seguros S.A. a Chubb Seguros Perú S.A.","MEDIANTE RESOLUCION SBS N 1137-2016 (02/03/2016), SE AUTORIZO EL CAMBIO DE DENOMINACION SOCIAL DE ACE SEGUROS S.A. A CHUBB SEGUROS PERU S.A.",,sbs_S-401_2020-12_2024200498D.xls
2020-12,P010,68,A,"Mediante Resolución SBS N° 4961-2016 (14/09/2016), se autorizó el cambio de denominación social de AVAL Perú Compañía de Seguros S.A. a AVLA Perú Compañía de Seguros S.A.","MEDIANTE RESOLUCION SBS N 4961-2016 (14/09/2016), SE AUTORIZO EL CAMBIO DE DENOMINACION SOCIAL DE AVAL PERU COMPANIA DE SEGUROS S.A. A AVLA PERU COMPANIA DE SEGUROS S.A.",,sbs_S-401_2020-12_2024200498D.xls
2020-12,P010,69,A,"Mediante Resolución SBS N° 2836-2017 (19/07/2017), se autorizó la fusión por absorción de El Pacífico Vida con El Pacífico Peruano Suiza. A partir del 01.08.2017 esta empresa se denomina Pacífico Compañía de Seguros y Reaseguros.","MEDIANTE RESOLUCION SBS N 2836-2017 (19/07/2017), SE AUTORIZO LA FUSION POR ABSORCION DE EL PACIFICO VIDA CON EL PACIFICO PERUANO SUIZA. A PARTIR DEL 01.08.2017 ESTA EMPRESA SE DENOMINA PACIFICO COMPANIA DE SEGUROS Y REASEGUROS.",,sbs_S-401_2020-12_2024200498D.xls
2020-12,P010,70,A,"Mediante Resolución SBS N° 1170-2018 (27/03/2018), se autorizó la fusión por absorción de Interseguro Compañía de Seguros con Seguros Sura.","MEDIANTE RESOLUCION SBS N 1170-2018 (27/03/2018), SE AUTORIZO LA FUSION POR ABSORCION DE INTERSEGURO COMPANIA DE SEGUROS CON SEGUROS SURA.",,sbs_S-401_2020-12_2024200498D.xls
2020-12,P010,71,A,"Mediante Resolución SBS N° 2296-2019 (22/05/2019), se autorizó el cambio de denominación social de HDI Seguros S.A. a Qualitas Compañía de Seguros S.A.","MEDIANTE RESOLUCION SBS N 2296-2019 (22/05/2019), SE AUTORIZO EL CAMBIO DE DENOMINACION SOCIAL DE HDI SEGUROS S.A. A QUALITAS COMPANIA DE SEGUROS S.A.",,sbs_S-401_2020-12_2024200498D.xls
2020-12,P010,72,A,"Mediante Resolución SBS Nº 1749-2020 (01/07/2020), se autorizó la liquidación voluntaria y posterior inicio del proceso liquidatorio de Rigel Perú S.A.","MEDIANTE RESOLUCION SBS NO 1749-2020 (01/07/2020), SE AUTORIZO LA LIQUIDACION VOLUNTARIA Y POSTERIOR INICIO DEL PROCESO LIQUIDATORIO DE RIGEL PERU S.A.",,sbs_S-401_2020-12_2024200498D.xls
2020-12,P010,73,A,"Mediante Resolución SBS Nº 3286-2020 (28/12/2020), se autorizó la liquidación voluntaria y posterior inicio del proceso liquidatorio de Coface Seguros.","MEDIANTE RESOLUCION SBS NO 3286-2020 (28/12/2020), SE AUTORIZO LA LIQUIDACION VOLUNTARIA Y POSTERIOR INICIO DEL PROCESO LIQUIDATORIO DE COFACE SEGUROS.",,sbs_S-401_2020-12_2024200498D.xls
2020-12,P010,74,A,"(1) Flujos de Rigel de enero a mayo de 2020, periodo previo a su liquidación.","(1) FLUJOS DE RIGEL DE ENERO A MAYO DE 2020, PERIODO PREVIO A SU LIQUIDACION.",1,sbs_S-401_2020-12_2024200498D.xls
2020-12,P010,75,A,"(2) Flujos de Coface Seguros de enero a noviembre de 2020, periodo previo a su liquidación.","(2) FLUJOS DE COFACE SEGUROS DE ENERO A NOVIEMBRE DE 2020, PERIODO PREVIO A SU LIQUIDACION.",2,sbs_S-401_2020-12_2024200498D.xls
2020-12,P010,76,A,"(3) Total del sistema, considerando a los flujos de Rigel de enero a mayo de 2020 y de Coface Seguros de enero a noviembre 2020.","(3) TOTAL DEL SISTEMA, CONSIDERANDO A LOS FLUJOS DE RIGEL DE ENERO A MAYO DE 2020 Y DE COFACE SEGUROS DE ENERO A NOVIEMBRE 2020.",3,sbs_S-401_2020-12_2024200498D.xls
2021-01,P009,65,A,"Mediante Resolución SBS N° 8551-2012 (15/11/2012), se autorizó el cambio de denominación social de InVita Seguros de Vida S.A. a Seguros Sura.","MEDIANTE RESOLUCION SBS N 8551-2012 (15/11/2012), SE AUTORIZO EL CAMBIO DE DENOMINACION SOCIAL DE INVITA SEGUROS DE VIDA S.A. A SEGUROS SURA.",,sbs_S-401_2021-01_2024200498D.xls
2021-01,P009,66,A,"Mediante Resolución SBS N° 2748-2015 (21/05/2015), se autorizó el cambio de denominación social de Aseguradora Magallanes Perú S.A. a HDI Seguros S.A.","MEDIANTE RESOLUCION SBS N 2748-2015 (21/05/2015), SE AUTORIZO EL CAMBIO DE DENOMINACION SOCIAL DE ASEGURADORA MAGALLANES PERU S.A. A HDI SEGUROS S.A.",,sbs_S-401_2021-01_2024200498D.xls
2021-01,P009,67,A,"Mediante Resolución SBS N° 1137-2016 (02/03/2016), se autorizó el cambio de denominación social de Ace Seguros S.A. a Chubb Seguros Perú S.A.","MEDIANTE RESOLUCION SBS N 1137-2016 (02/03/2016), SE AUTORIZO EL CAMBIO DE DENOMINACION SOCIAL DE ACE SEGUROS S.A. A CHUBB SEGUROS PERU S.A.",,sbs_S-401_2021-01_2024200498D.xls
2021-01,P009,68,A,"Mediante Resolución SBS N° 4961-2016 (14/09/2016), se autorizó el cambio de denominación social de AVAL Perú Compañía de Seguros S.A. a AVLA Perú Compañía de Seguros S.A.","MEDIANTE RESOLUCION SBS N 4961-2016 (14/09/2016), SE AUTORIZO EL CAMBIO DE DENOMINACION SOCIAL DE AVAL PERU COMPANIA DE SEGUROS S.A. A AVLA PERU COMPANIA DE SEGUROS S.A.",,sbs_S-401_2021-01_2024200498D.xls
2021-01,P009,69,A,"Mediante Resolución SBS N° 2836-2017 (19/07/2017), se autorizó la fusión por absorción de El Pacífico Vida con El Pacífico Peruano Suiza. A partir del 01.08.2017 esta empresa se denomina Pacífico Compañía de Seguros y Reaseguros.","MEDIANTE RESOLUCION SBS N 2836-2017 (19/07/2017), SE AUTORIZO LA FUSION POR ABSORCION DE EL PACIFICO VIDA CON EL PACIFICO PERUANO SUIZA. A PARTIR DEL 01.08.2017 ESTA EMPRESA SE DENOMINA PACIFICO COMPANIA DE SEGUROS Y REASEGUROS.",,sbs_S-401_2021-01_2024200498D.xls
2021-01,P009,70,A,"Mediante Resolución SBS N° 1170-2018 (27/03/2018), se autorizó la fusión por absorción de Interseguro Compañía de Seguros con Seguros Sura.","MEDIANTE RESOLUCION SBS N 1170-2018 (27/03/2018), SE AUTORIZO LA FUSION POR ABSORCION DE INTERSEGURO COMPANIA DE SEGUROS CON SEGUROS SURA.",,sbs_S-401_2021-01_2024200498D.xls
2021-01,P009,71,A,"Mediante Resolución SBS N° 2296-2019 (22/05/2019), se autorizó el cambio de denominación social de HDI Seguros S.A. a Qualitas Compañía de Seguros S.A.","MEDIANTE RESOLUCION SBS N 2296-2019 (22/05/2019), SE AUTORIZO EL CAMBIO DE DENOMINACION SOCIAL DE HDI SEGUROS S.A. A QUALITAS COMPANIA DE SEGUROS S.A.",,sbs_S-401_2021-01_2024200498D.xls
2021-01,P009,72,A,"Mediante Resolución SBS Nº 1749-2020 (01/07/2020), se autorizó la liquidación voluntaria y posterior inicio del proceso liquidatorio de Rigel Perú S.A.","MEDIANTE RESOLUCION SBS NO 1749-2020 (01/07/2020), SE AUTORIZO LA LIQUIDACION VOLUNTARIA Y POSTERIOR INICIO DEL PROCESO LIQUIDATORIO DE RIGEL PERU S.A.",,sbs_S-401_2021-01_2024200498D.xls
2021-01,P009,73,A,"Mediante Resolución SBS Nº 3286-2020 (28/12/2020), se autorizó la liquidación voluntaria y posterior inicio del proceso liquidatorio de Coface Seguros.","MEDIANTE RESOLUCION SBS NO 3286-2020 (28/12/2020), SE AUTORIZO LA LIQUIDACION VOLUNTARIA Y POSTERIOR INICIO DEL PROCESO LIQUIDATORIO DE COFACE SEGUROS.",,sbs_S-401_2021-01_2024200498D.xls
2021-01,P009,74,A,"Mediante Resolución SBS N° 278-2021 (28/01/2021), se autorizó el cambio de denominación social de Compañía de Seguros de Vida Cámara S.A. a Vivir Seguros Compañía de Seguros de Vida S.A.","MEDIANTE RESOLUCION SBS N 278-2021 (28/01/2021), SE AUTORIZO EL CAMBIO DE DENOMINACION SOCIAL DE COMPANIA DE SEGUROS DE VIDA CAMARA S.A. A VIVIR SEGUROS COMPANIA DE SEGUROS DE VIDA S.A.",,sbs_S-401_2021-01_2024200498D.xls
2021-01,P009,75,A,*Actualizado al 05.04.2021,*ACTUALIZADO AL 05.04.2021,,sbs_S-401_2021-01_2024200498D.xls
2021-01,P010,65,A,"Mediante Resolución SBS N° 8551-2012 (15/11/2012), se autorizó el cambio de denominación social de InVita Seguros de Vida S.A. a Seguros Sura.","MEDIANTE RESOLUCION SBS N 8551-2012 (15/11/2012), SE AUTORIZO EL CAMBIO DE DENOMINACION SOCIAL DE INVITA SEGUROS DE VIDA S.A. A SEGUROS SURA.",,sbs_S-401_2021-01_2024200498D.xls
2021-01,P010,66,A,"Mediante Resolución SBS N° 2748-2015 (21/05/2015), se autorizó el cambio de denominación social de Aseguradora Magallanes Perú S.A. a HDI Seguros S.A.","MEDIANTE RESOLUCION SBS N 2748-2015 (21/05/2015), SE AUTORIZO EL CAMBIO DE DENOMINACION SOCIAL DE ASEGURADORA MAGALLANES PERU S.A. A HDI SEGUROS S.A.",,sbs_S-401_2021-01_2024200498D.xls
2021-01,P010,67,A,"Mediante Resolución SBS N° 1137-2016 (02/03/2016), se autorizó el cambio de denominación social de Ace Seguros S.A. a Chubb Seguros Perú S.A.","MEDIANTE RESOLUCION SBS N 1137-2016 (02/03/2016), SE AUTORIZO EL CAMBIO DE DENOMINACION SOCIAL DE ACE SEGUROS S.A. A CHUBB SEGUROS PERU S.A.",,sbs_S-401_2021-01_2024200498D.xls
2021-01,P010,68,A,"Mediante Resolución SBS N° 4961-2016 (14/09/2016), se autorizó el cambio de denominación social de AVAL Perú Compañía de Seguros S.A. a AVLA Perú Compañía de Seguros S.A.","MEDIANTE RESOLUCION SBS N 4961-2016 (14/09/2016), SE AUTORIZO EL CAMBIO DE DENOMINACION SOCIAL DE AVAL PERU COMPANIA DE SEGUROS S.A. A AVLA PERU COMPANIA DE SEGUROS S.A.",,sbs_S-401_2021-01_2024200498D.xls
2021-01,P010,69,A,"Mediante Resolución SBS N° 2836-2017 (19/07/2017), se autorizó la fusión por absorción de El Pacífico Vida con El Pacífico Peruano Suiza. A partir del 01.08.2017 esta empresa se denomina Pacífico Compañía de Seguros y Reaseguros.","MEDIANTE RESOLUCION SBS N 2836-2017 (19/07/2017), SE AUTORIZO LA FUSION POR ABSORCION DE EL PACIFICO VIDA CON EL PACIFICO PERUANO SUIZA. A PARTIR DEL 01.08.2017 ESTA EMPRESA SE DENOMINA PACIFICO COMPANIA DE SEGUROS Y REASEGUROS.",,sbs_S-401_2021-01_2024200498D.xls
2021-01,P010,70,A,"Mediante Resolución SBS N° 1170-2018 (27/03/2018), se autorizó la fusión por absorción de Interseguro Compañía de Seguros con Seguros Sura.","MEDIANTE RESOLUCION SBS N 1170-2018 (27/03/2018), SE AUTORIZO LA FUSION POR ABSORCION DE INTERSEGURO COMPANIA DE SEGUROS CON SEGUROS SURA.",,sbs_S-401_2021-01_2024200498D.xls
2021-01,P010,71,A,"Mediante Resolución SBS N° 2296-2019 (22/05/2019), se autorizó el cambio de denominación social de HDI Seguros S.A. a Qualitas Compañía de Seguros S.A.","MEDIANTE RESOLUCION SBS N 2296-2019 (22/05/2019), SE AUTORIZO EL CAMBIO DE DENOMINACION SOCIAL DE HDI SEGUROS S.A. A QUALITAS COMPANIA DE SEGUROS S.A.",,sbs_S-401_2021-01_2024200498D.xls
2021-01,P010,72,A,"Mediante Resolución SBS Nº 1749-2020 (01/07/2020), se autorizó la liquidación voluntaria y posterior inicio del proceso liquidatorio de Rigel Perú S.A.","MEDIANTE RESOLUCION SBS NO 1749-2020 (01/07/2020), SE AUTORIZO LA LIQUIDACION VOLUNTARIA Y POSTERIOR INICIO DEL PROCESO LIQUIDATORIO DE RIGEL PERU S.A.",,sbs_S-401_2021-01_2024200498D.xls
2021-01,P010,73,A,"Mediante Resolución SBS Nº 3286-2020 (28/12/2020), se autorizó la liquidación voluntaria y posterior inicio del proceso liquidatorio de Coface Seguros.","MEDIANTE RESOLUCION SBS NO 3286-2020 (28/12/2020), SE AUTORIZO LA LIQUIDACION VOLUNTARIA Y POSTERIOR INICIO DEL PROCESO LIQUIDATORIO DE COFACE SEGUROS.",,sbs_S-401_2021-01_2024200498D.xls
2021-01,P010,74,A,"Mediante Resolución SBS N° 278-2021 (28/01/2021), se autorizó el cambio de denominación social de Compañía de Seguros de Vida Cámara S.A. a Vivir Seguros Compañía de Seguros de Vida S.A.","MEDIANTE RESOLUCION SBS N 278-2021 (28/01/2021), SE AUTORIZO EL CAMBIO DE DENOMINACION SOCIAL DE COMPANIA DE SEGUROS DE VIDA CAMARA S.A. A VIVIR SEGUROS COMPANIA DE SEGUROS DE VIDA S.A.",,sbs_S-401_2021-01_2024200498D.xls
2021-01,P010,75,A,*Actualizado al 05.04.2021,*ACTUALIZADO AL 05.04.2021,,sbs_S-401_2021-01_2024200498D.xls
2021-02,P009,65,A,"Mediante Resolución SBS N° 8551-2012 (15/11/2012), se autorizó el cambio de denominación social de InVita Seguros de Vida S.A. a Seguros Sura.","MEDIANTE RESOLUCION SBS N 8551-2012 (15/11/2012), SE AUTORIZO EL CAMBIO DE DENOMINACION SOCIAL DE INVITA SEGUROS DE VIDA S.A. A SEGUROS SURA.",,sbs_S-401_2021-02_2024200498D.xls
2021-02,P009,66,A,"Mediante Resolución SBS N° 2748-2015 (21/05/2015), se autorizó el cambio de denominación social de Aseguradora Magallanes Perú S.A. a HDI Seguros S.A.","MEDIANTE RESOLUCION SBS N 2748-2015 (21/05/2015), SE AUTORIZO EL CAMBIO DE DENOMINACION SOCIAL DE ASEGURADORA MAGALLANES PERU S.A. A HDI SEGUROS S.A.",,sbs_S-401_2021-02_2024200498D.xls
2021-02,P009,67,A,"Mediante Resolución SBS N° 1137-2016 (02/03/2016), se autorizó el cambio de denominación social de Ace Seguros S.A. a Chubb Seguros Perú S.A.","MEDIANTE RESOLUCION SBS N 1137-2016 (02/03/2016), SE AUTORIZO EL CAMBIO DE DENOMINACION SOCIAL DE ACE SEGUROS S.A. A CHUBB SEGUROS PERU S.A.",,sbs_S-401_2021-02_2024200498D.xls
2021-02,P009,68,A,"Mediante Resolución SBS N° 4961-2016 (14/09/2016), se autorizó el cambio de denominación social de AVAL Perú Compañía de Seguros S.A. a AVLA Perú Compañía de Seguros S.A.","MEDIANTE RESOLUCION SBS N 4961-2016 (14/09/2016), SE AUTORIZO EL CAMBIO DE DENOMINACION SOCIAL DE AVAL PERU COMPANIA DE SEGUROS S.A. A AVLA PERU COMPANIA DE SEGUROS S.A.",,sbs_S-401_2021-02_2024200498D.xls
2021-02,P009,69,A,"Mediante Resolución SBS N° 2836-2017 (19/07/2017), se autorizó la fusión por absorción de El Pacífico Vida con El Pacífico Peruano Suiza. A partir del 01.08.2017 esta empresa se denomina Pacífico Compañía de Seguros y Reaseguros.","MEDIANTE RESOLUCION SBS N 2836-2017 (19/07/2017), SE AUTORIZO LA FUSION POR ABSORCION DE EL PACIFICO VIDA CON EL PACIFICO PERUANO SUIZA. A PARTIR DEL 01.08.2017 ESTA EMPRESA SE DENOMINA PACIFICO COMPANIA DE SEGUROS Y REASEGUROS.",,sbs_S-401_2021-02_2024200498D.xls
2021-02,P009,70,A,"Mediante Resolución SBS N° 1170-2018 (27/03/2018), se autorizó la fusión por absorción de Interseguro Compañía de Seguros con Seguros Sura.","MEDIANTE RESOLUCION SBS N 1170-2018 (27/03/2018), SE AUTORIZO LA FUSION POR ABSORCION DE INTERSEGURO COMPANIA DE SEGUROS CON SEGUROS SURA.",,sbs_S-401_2021-02_2024200498D.xls
2021-02,P009,71,A,"Mediante Resolución SBS N° 2296-2019 (22/05/2019), se autorizó el cambio de denominación social de HDI Seguros S.A. a Qualitas Compañía de Seguros S.A.","MEDIANTE RESOLUCION SBS N 2296-2019 (22/05/2019), SE AUTORIZO EL CAMBIO DE DENOMINACION SOCIAL DE HDI SEGUROS S.A. A QUALITAS COMPANIA DE SEGUROS S.A.",,sbs_S-401_2021-02_2024200498D.xls
2021-02,P009,72,A,"Mediante Resolución SBS Nº 1749-2020 (01/07/2020), se autorizó la liquidación voluntaria y posterior inicio del proceso liquidatorio de Rigel Perú S.A.","MEDIANTE RESOLUCION SBS NO 1749-2020 (01/07/2020), SE AUTORIZO LA LIQUIDACION VOLUNTARIA Y POSTERIOR INICIO DEL PROCESO LIQUIDATORIO DE RIGEL PERU S.A.",,sbs_S-401_2021-02_2024200498D.xls
2021-02,P009,73,A,"Mediante Resolución SBS Nº 3286-2020 (28/12/2020), se autorizó la liquidación voluntaria y posterior inicio del proceso liquidatorio de Coface Seguros.","MEDIANTE RESOLUCION SBS NO 3286-2020 (28/12/2020), SE AUTORIZO LA LIQUIDACION VOLUNTARIA Y POSTERIOR INICIO DEL PROCESO LIQUIDATORIO DE COFACE SEGUROS.",,sbs_S-401_2021-02_2024200498D.xls
2021-02,P009,74,A,"Mediante Resolución SBS N° 278-2021 (28/01/2021), se autorizó el cambio de denominación social de Compañía de Seguros de Vida Cámara S.A. a Vivir Seguros Compañía de Seguros de Vida S.A.","MEDIANTE RESOLUCION SBS N 278-2021 (28/01/2021), SE AUTORIZO EL CAMBIO DE DENOMINACION SOCIAL DE COMPANIA DE SEGUROS DE VIDA CAMARA S.A. A VIVIR SEGUROS COMPANIA DE SEGUROS DE VIDA S.A.",,sbs_S-401_2021-02_2024200498D.xls
2021-02,P009,75,A,*Actualizado al 05.05.2021,*ACTUALIZADO AL 05.05.2021,,sbs_S-401_2021-02_2024200498D.xls
2021-02,P010,65,A,"Mediante Resolución SBS N° 8551-2012 (15/11/2012), se autorizó el cambio de denominación social de InVita Seguros de Vida S.A. a Seguros Sura.","MEDIANTE RESOLUCION SBS N 8551-2012 (15/11/2012), SE AUTORIZO EL CAMBIO DE DENOMINACION SOCIAL DE INVITA SEGUROS DE VIDA S.A. A SEGUROS SURA.",,sbs_S-401_2021-02_2024200498D.xls
2021-02,P010,66,A,"Mediante Resolución SBS N° 2748-2015 (21/05/2015), se autorizó el cambio de denominación social de Aseguradora Magallanes Perú S.A. a HDI Seguros S.A.","MEDIANTE RESOLUCION SBS N 2748-2015 (21/05/2015), SE AUTORIZO EL CAMBIO DE DENOMINACION SOCIAL DE ASEGURADORA MAGALLANES PERU S.A. A HDI SEGUROS S.A.",,sbs_S-401_2021-02_2024200498D.xls
2021-02,P010,67,A,"Mediante Resolución SBS N° 1137-2016 (02/03/2016), se autorizó el cambio de denominación social de Ace Seguros S.A. a Chubb Seguros Perú S.A.","MEDIANTE RESOLUCION SBS N 1137-2016 (02/03/2016), SE AUTORIZO EL CAMBIO DE DENOMINACION SOCIAL DE ACE SEGUROS S.A. A CHUBB SEGUROS PERU S.A.",,sbs_S-401_2021-02_2024200498D.xls
2021-02,P010,68,A,"Mediante Resolución SBS N° 4961-2016 (14/09/2016), se autorizó el cambio de denominación social de AVAL Perú Compañía de Seguros S.A. a AVLA Perú Compañía de Seguros S.A.","MEDIANTE RESOLUCION SBS N 4961-2016 (14/09/2016), SE AUTORIZO EL CAMBIO DE DENOMINACION SOCIAL DE AVAL PERU COMPANIA DE SEGUROS S.A. A AVLA PERU COMPANIA DE SEGUROS S.A.",,sbs_S-401_2021-02_2024200498D.xls
2021-02,P010,69,A,"Mediante Resolución SBS N° 2836-2017 (19/07/2017), se autorizó la fusión por absorción de El Pacífico Vida con El Pacífico Peruano Suiza. A partir del 01.08.2017 esta empresa se denomina Pacífico Compañía de Seguros y Reaseguros.","MEDIANTE RESOLUCION SBS N 2836-2017 (19/07/2017), SE AUTORIZO LA FUSION POR ABSORCION DE EL PACIFICO VIDA CON EL PACIFICO PERUANO SUIZA. A PARTIR DEL 01.08.2017 ESTA EMPRESA SE DENOMINA PACIFICO COMPANIA DE SEGUROS Y REASEGUROS.",,sbs_S-401_2021-02_2024200498D.xls
2021-02,P010,70,A,"Mediante Resolución SBS N° 1170-2018 (27/03/2018), se autorizó la fusión por absorción de Interseguro Compañía de Seguros con Seguros Sura.","MEDIANTE RESOLUCION SBS N 1170-2018 (27/03/2018), SE AUTORIZO LA FUSION POR ABSORCION DE INTERSEGURO COMPANIA DE SEGUROS CON SEGUROS SURA.",,sbs_S-401_2021-02_2024200498D.xls
2021-02,P010,71,A,"Mediante Resolución SBS N° 2296-2019 (22/05/2019), se autorizó el cambio de denominación social de HDI Seguros S.A. a Qualitas Compañía de Seguros S.A.","MEDIANTE RESOLUCION SBS N 2296-2019 (22/05/2019), SE AUTORIZO EL CAMBIO DE DENOMINACION SOCIAL DE HDI SEGUROS S.A. A QUALITAS COMPANIA DE SEGUROS S.A.",,sbs_S-401_2021-02_2024200498D.xls
2021-02,P010,72,A,"Mediante Resolución SBS Nº 1749-2020 (01/07/2020), se autorizó la liquidación voluntaria y posterior inicio del proceso liquidatorio de Rigel Perú S.A.","MEDIANTE RESOLUCION SBS NO 1749-2020 (01/07/2020), SE AUTORIZO LA LIQUIDACION VOLUNTARIA Y POSTERIOR INICIO DEL PROCESO LIQUIDATORIO DE RIGEL PERU S.A.",,sbs_S-401_2021-02_2024200498D.xls
2021-02,P010,73,A,"Mediante Resolución SBS Nº 3286-2020 (28/12/2020), se autorizó la liquidación voluntaria y posterior inicio del proceso liquidatorio de Coface Seguros.","MEDIANTE RESOLUCION SBS NO 3286-2020 (28/12/2020), SE AUTORIZO LA LIQUIDACION VOLUNTARIA Y POSTERIOR INICIO DEL PROCESO LIQUIDATORIO DE COFACE SEGUROS.",,sbs_S-401_2021-02_2024200498D.xls
2021-02,P010,74,A,"Mediante Resolución SBS N° 278-2021 (28/01/2021), se autorizó el cambio de denominación social de Compañía de Seguros de Vida Cámara S.A. a Vivir Seguros Compañía de Seguros de Vida S.A.","MEDIANTE RESOLUCION SBS N 278-2021 (28/01/2021), SE AUTORIZO EL CAMBIO DE DENOMINACION SOCIAL DE COMPANIA DE SEGUROS DE VIDA CAMARA S.A. A VIVIR SEGUROS COMPANIA DE SEGUROS DE VIDA S.A.",,sbs_S-401_2021-02_2024200498D.xls
2021-02,P010,75,A,*Actualizado al 05.05.2021,*ACTUALIZADO AL 05.05.2021,,sbs_S-401_2021-02_2024200498D.xls
2021-03,P009,65,A,"Mediante Resolución SBS N° 8551-2012 (15/11/2012), se autorizó el cambio de denominación social de InVita Seguros de Vida S.A. a Seguros Sura.","MEDIANTE RESOLUCION SBS N 8551-2012 (15/11/2012), SE AUTORIZO EL CAMBIO DE DENOMINACION SOCIAL DE INVITA SEGUROS DE VIDA S.A. A SEGUROS SURA.",,sbs_S-401_2021-03_2024200498D.xls
2021-03,P009,66,A,"Mediante Resolución SBS N° 2748-2015 (21/05/2015), se autorizó el cambio de denominación social de Aseguradora Magallanes Perú S.A. a HDI Seguros S.A.","MEDIANTE RESOLUCION SBS N 2748-2015 (21/05/2015), SE AUTORIZO EL CAMBIO DE DENOMINACION SOCIAL DE ASEGURADORA MAGALLANES PERU S.A. A HDI SEGUROS S.A.",,sbs_S-401_2021-03_2024200498D.xls
2021-03,P009,67,A,"Mediante Resolución SBS N° 1137-2016 (02/03/2016), se autorizó el cambio de denominación social de Ace Seguros S.A. a Chubb Seguros Perú S.A.","MEDIANTE RESOLUCION SBS N 1137-2016 (02/03/2016), SE AUTORIZO EL CAMBIO DE DENOMINACION SOCIAL DE ACE SEGUROS S.A. A CHUBB SEGUROS PERU S.A.",,sbs_S-401_2021-03_2024200498D.xls
2021-03,P009,68,A,"Mediante Resolución SBS N° 4961-2016 (14/09/2016), se autorizó el cambio de denominación social de AVAL Perú Compañía de Seguros S.A. a AVLA Perú Compañía de Seguros S.A.","MEDIANTE RESOLUCION SBS N 4961-2016 (14/09/2016), SE AUTORIZO EL CAMBIO DE DENOMINACION SOCIAL DE AVAL PERU COMPANIA DE SEGUROS S.A. A AVLA PERU COMPANIA DE SEGUROS S.A.",,sbs_S-401_2021-03_2024200498D.xls
2021-03,P009,69,A,"Mediante Resolución SBS N° 2836-2017 (19/07/2017), se autorizó la fusión por absorción de El Pacífico Vida con El Pacífico Peruano Suiza. A partir del 01.08.2017 esta empresa se denomina Pacífico Compañía de Seguros y Reaseguros.","MEDIANTE RESOLUCION SBS N 2836-2017 (19/07/2017), SE AUTORIZO LA FUSION POR ABSORCION DE EL PACIFICO VIDA CON EL PACIFICO PERUANO SUIZA. A PARTIR DEL 01.08.2017 ESTA EMPRESA SE DENOMINA PACIFICO COMPANIA DE SEGUROS Y REASEGUROS.",,sbs_S-401_2021-03_2024200498D.xls
2021-03,P009,70,A,"Mediante Resolución SBS N° 1170-2018 (27/03/2018), se autorizó la fusión por absorción de Interseguro Compañía de Seguros con Seguros Sura.","MEDIANTE RESOLUCION SBS N 1170-2018 (27/03/2018), SE AUTORIZO LA FUSION POR ABSORCION DE INTERSEGURO COMPANIA DE SEGUROS CON SEGUROS SURA.",,sbs_S-401_2021-03_2024200498D.xls
2021-03,P009,71,A,"Mediante Resolución SBS N° 2296-2019 (22/05/2019), se autorizó el cambio de denominación social de HDI Seguros S.A. a Qualitas Compañía de Seguros S.A.","MEDIANTE RESOLUCION SBS N 2296-2019 (22/05/2019), SE AUTORIZO EL CAMBIO DE DENOMINACION SOCIAL DE HDI SEGUROS S.A. A QUALITAS COMPANIA DE SEGUROS S.A.",,sbs_S-401_2021-03_2024200498D.xls
2021-03,P009,72,A,"Mediante Resolución SBS Nº 1749-2020 (01/07/2020), se autorizó la liquidación voluntaria y posterior inicio del proceso liquidatorio de Rigel Perú S.A.","MEDIANTE RESOLUCION SBS NO 1749-2020 (01/07/2020), SE AUTORIZO LA LIQUIDACION VOLUNTARIA Y POSTERIOR INICIO DEL PROCESO LIQUIDATORIO DE RIGEL PERU S.A.",,sbs_S-401_2021-03_2024200498D.xls
2021-03,P009,73,A,"Mediante Resolución SBS Nº 3286-2020 (28/12/2020), se autorizó la liquidación voluntaria y posterior inicio del proceso liquidatorio de Coface Seguros.","MEDIANTE RESOLUCION SBS NO 3286-2020 (28/12/2020), SE AUTORIZO LA LIQUIDACION VOLUNTARIA Y POSTERIOR INICIO DEL PROCESO LIQUIDATORIO DE COFACE SEGUROS.",,sbs_S-401_2021-03_2024200498D.xls
2021-03,P009,74,A,"Mediante Resolución SBS N° 278-2021 (28/01/2021), se autorizó el cambio de denominación social de Compañía de Seguros de Vida Cámara S.A. a Vivir Seguros Compañía de Seguros de Vida S.A.","MEDIANTE RESOLUCION SBS N 278-2021 (28/01/2021), SE AUTORIZO EL CAMBIO DE DENOMINACION SOCIAL DE COMPANIA DE SEGUROS DE VIDA CAMARA S.A. A VIVIR SEGUROS COMPANIA DE SEGUROS DE VIDA S.A.",,sbs_S-401_2021-03_2024200498D.xls
2021-03,P010,65,A,"Mediante Resolución SBS N° 8551-2012 (15/11/2012), se autorizó el cambio de denominación social de InVita Seguros de Vida S.A. a Seguros Sura.","MEDIANTE RESOLUCION SBS N 8551-2012 (15/11/2012), SE AUTORIZO EL CAMBIO DE DENOMINACION SOCIAL DE INVITA SEGUROS DE VIDA S.A. A SEGUROS SURA.",,sbs_S-401_2021-03_2024200498D.xls
2021-03,P010,66,A,"Mediante Resolución SBS N° 2748-2015 (21/05/2015), se autorizó el cambio de denominación social de Aseguradora Magallanes Perú S.A. a HDI Seguros S.A.","MEDIANTE RESOLUCION SBS N 2748-2015 (21/05/2015), SE AUTORIZO EL CAMBIO DE DENOMINACION SOCIAL DE ASEGURADORA MAGALLANES PERU S.A. A HDI SEGUROS S.A.",,sbs_S-401_2021-03_2024200498D.xls
2021-03,P010,67,A,"Mediante Resolución SBS N° 1137-2016 (02/03/2016), se autorizó el cambio de denominación social de Ace Seguros S.A. a Chubb Seguros Perú S.A.","MEDIANTE RESOLUCION SBS N 1137-2016 (02/03/2016), SE AUTORIZO EL CAMBIO DE DENOMINACION SOCIAL DE ACE SEGUROS S.A. A CHUBB SEGUROS PERU S.A.",,sbs_S-401_2021-03_2024200498D.xls
2021-03,P010,68,A,"Mediante Resolución SBS N° 4961-2016 (14/09/2016), se autorizó el cambio de denominación social de AVAL Perú Compañía de Seguros S.A. a AVLA Perú Compañía de Seguros S.A.","MEDIANTE RESOLUCION SBS N 4961-2016 (14/09/2016), SE AUTORIZO EL CAMBIO DE DENOMINACION SOCIAL DE AVAL PERU COMPANIA DE SEGUROS S.A. A AVLA PERU COMPANIA DE SEGUROS S.A.",,sbs_S-401_2021-03_2024200498D.xls
2021-03,P010,69,A,"Mediante Resolución SBS N° 2836-2017 (19/07/2017), se autorizó la fusión por absorción de El Pacífico Vida con El Pacífico Peruano Suiza. A partir del 01.08.2017 esta empresa se denomina Pacífico Compañía de Seguros y Reaseguros.","MEDIANTE RESOLUCION SBS N 2836-2017 (19/07/2017), SE AUTORIZO LA FUSION POR ABSORCION DE EL PACIFICO VIDA CON EL PACIFICO PERUANO SUIZA. A PARTIR DEL 01.08.2017 ESTA EMPRESA SE DENOMINA PACIFICO COMPANIA DE SEGUROS Y REASEGUROS.",,sbs_S-401_2021-03_2024200498D.xls
2021-03,P010,70,A,"Mediante Resolución SBS N° 1170-2018 (27/03/2018), se autorizó la fusión por absorción de Interseguro Compañía de Seguros con Seguros Sura.","MEDIANTE RESOLUCION SBS N 1170-2018 (27/03/2018), SE AUTORIZO LA FUSION POR ABSORCION DE INTERSEGURO COMPANIA DE SEGUROS CON SEGUROS SURA.",,sbs_S-401_2021-03_2024200498D.xls
2021-03,P010,71,A,"Mediante Resolución SBS N° 2296-2019 (22/05/2019), se autorizó el cambio de denominación social de HDI Seguros S.A. a Qualitas Compañía de Seguros S.A.","MEDIANTE RESOLUCION SBS N 2296-2019 (22/05/2019), SE AUTORIZO EL CAMBIO DE DENOMINACION SOCIAL DE HDI SEGUROS S.A. A QUALITAS COMPANIA DE SEGUROS S.A.",,sbs_S-401_2021-03_2024200498D.xls
2021-03,P010,72,A,"Mediante Resolución SBS Nº 1749-2020 (01/07/2020), se autorizó la liquidación voluntaria y posterior inicio del proceso liquidatorio de Rigel Perú S.A.","MEDIANTE RESOLUCION SBS NO 1749-2020 (01/07/2020), SE AUTORIZO LA LIQUIDACION VOLUNTARIA Y POSTERIOR INICIO DEL PROCESO LIQUIDATORIO DE RIGEL PERU S.A.",,sbs_S-401_2021-03_2024200498D.xls
2021-03,P010,73,A,"Mediante Resolución SBS Nº 3286-2020 (28/12/2020), se autorizó la liquidación voluntaria y posterior inicio del proceso liquidatorio de Coface Seguros.","MEDIANTE RESOLUCION SBS NO 3286-2020 (28/12/2020), SE AUTORIZO LA LIQUIDACION VOLUNTARIA Y POSTERIOR INICIO DEL PROCESO LIQUIDATORIO DE COFACE SEGUROS.",,sbs_S-401_2021-03_2024200498D.xls
2021-03,P010,74,A,"Mediante Resolución SBS N° 278-2021 (28/01/2021), se autorizó el cambio de denominación social de Compañía de Seguros de Vida Cámara S.A. a Vivir Seguros Compañía de Seguros de Vida S.A.","MEDIANTE RESOLUCION SBS N 278-2021 (28/01/2021), SE AUTORIZO EL CAMBIO DE DENOMINACION SOCIAL DE COMPANIA DE SEGUROS DE VIDA CAMARA S.A. A VIVIR SEGUROS COMPANIA DE SEGUROS DE VIDA S.A.",,sbs_S-401_2021-03_2024200498D.xls
2021-04,P009,65,A,"Mediante Resolución SBS N° 8551-2012 (15/11/2012), se autorizó el cambio de denominación social de InVita Seguros de Vida S.A. a Seguros Sura.","MEDIANTE RESOLUCION SBS N 8551-2012 (15/11/2012), SE AUTORIZO EL CAMBIO DE DENOMINACION SOCIAL DE INVITA SEGUROS DE VIDA S.A. A SEGUROS SURA.",,sbs_S-401_2021-04_2024200498D.xls
2021-04,P009,66,A,"Mediante Resolución SBS N° 2748-2015 (21/05/2015), se autorizó el cambio de denominación social de Aseguradora Magallanes Perú S.A. a HDI Seguros S.A.","MEDIANTE RESOLUCION SBS N 2748-2015 (21/05/2015), SE AUTORIZO EL CAMBIO DE DENOMINACION SOCIAL DE ASEGURADORA MAGALLANES PERU S.A. A HDI SEGUROS S.A.",,sbs_S-401_2021-04_2024200498D.xls
2021-04,P009,67,A,"Mediante Resolución SBS N° 1137-2016 (02/03/2016), se autorizó el cambio de denominación social de Ace Seguros S.A. a Chubb Seguros Perú S.A.","MEDIANTE RESOLUCION SBS N 1137-2016 (02/03/2016), SE AUTORIZO EL CAMBIO DE DENOMINACION SOCIAL DE ACE SEGUROS S.A. A CHUBB SEGUROS PERU S.A.",,sbs_S-401_2021-04_2024200498D.xls
2021-04,P009,68,A,"Mediante Resolución SBS N° 4961-2016 (14/09/2016), se autorizó el cambio de denominación social de AVAL Perú Compañía de Seguros S.A. a AVLA Perú Compañía de Seguros S.A.","MEDIANTE RESOLUCION SBS N 4961-2016 (14/09/2016), SE AUTORIZO EL CAMBIO DE DENOMINACION SOCIAL DE AVAL PERU COMPANIA DE SEGUROS S.A. A AVLA PERU COMPANIA DE SEGUROS S.A.",,sbs_S-401_2021-04_2024200498D.xls
2021-04,P009,69,A,"Mediante Resolución SBS N° 2836-2017 (19/07/2017), se autorizó la fusión por absorción de El Pacífico Vida con El Pacífico Peruano Suiza. A partir del 01.08.2017 esta empresa se denomina Pacífico Compañía de Seguros y Reaseguros.","MEDIANTE RESOLUCION SBS N 2836-2017 (19/07/2017), SE AUTORIZO LA FUSION POR ABSORCION DE EL PACIFICO VIDA CON EL PACIFICO PERUANO SUIZA. A PARTIR DEL 01.08.2017 ESTA EMPRESA SE DENOMINA PACIFICO COMPANIA DE SEGUROS Y REASEGUROS.",,sbs_S-401_2021-04_2024200498D.xls
2021-04,P009,70,A,"Mediante Resolución SBS N° 1170-2018 (27/03/2018), se autorizó la fusión por absorción de Interseguro Compañía de Seguros con Seguros Sura.","MEDIANTE RESOLUCION SBS N 1170-2018 (27/03/2018), SE AUTORIZO LA FUSION POR ABSORCION DE INTERSEGURO COMPANIA DE SEGUROS CON SEGUROS SURA.",,sbs_S-401_2021-04_2024200498D.xls
2021-04,P009,71,A,"Mediante Resolución SBS N° 2296-2019 (22/05/2019), se autorizó el cambio de denominación social de HDI Seguros S.A. a Qualitas Compañía de Seguros S.A.","MEDIANTE RESOLUCION SBS N 2296-2019 (22/05/2019), SE AUTORIZO EL CAMBIO DE DENOMINACION SOCIAL DE HDI SEGUROS S.A. A QUALITAS COMPANIA DE SEGUROS S.A.",,sbs_S-401_2021-04_2024200498D.xls
2021-04,P009,72,A,"Mediante Resolución SBS Nº 1749-2020 (01/07/2020), se autorizó la liquidación voluntaria y posterior inicio del proceso liquidatorio de Rigel Perú S.A.","MEDIANTE RESOLUCION SBS NO 1749-2020 (01/07/2020), SE AUTORIZO LA LIQUIDACION VOLUNTARIA Y POSTERIOR INICIO DEL PROCESO LIQUIDATORIO DE RIGEL PERU S.A.",,sbs_S-401_2021-04_2024200498D.xls
2021-04,P009,73,A,"Mediante Resolución SBS Nº 3286-2020 (28/12/2020), se autorizó la liquidación voluntaria y posterior inicio del proceso liquidatorio de Coface Seguros.","MEDIANTE RESOLUCION SBS NO 3286-2020 (28/12/2020), SE AUTORIZO LA LIQUIDACION VOLUNTARIA Y POSTERIOR INICIO DEL PROCESO LIQUIDATORIO DE COFACE SEGUROS.",,sbs_S-401_2021-04_2024200498D.xls
2021-04,P009,74,A,"Mediante Resolución SBS N° 278-2021 (28/01/2021), se autorizó el cambio de denominación social de Compañía de Seguros de Vida Cámara S.A. a Vivir Seguros Compañía de Seguros de Vida S.A.","MEDIANTE RESOLUCION SBS N 278-2021 (28/01/2021), SE AUTORIZO EL CAMBIO DE DENOMINACION SOCIAL DE COMPANIA DE SEGUROS DE VIDA CAMARA S.A. A VIVIR SEGUROS COMPANIA DE SEGUROS DE VIDA S.A.",,sbs_S-401_2021-04_2024200498D.xls
2021-04,P010,65,A,"Mediante Resolución SBS N° 8551-2012 (15/11/2012), se autorizó el cambio de denominación social de InVita Seguros de Vida S.A. a Seguros Sura.","MEDIANTE RESOLUCION SBS N 8551-2012 (15/11/2012), SE AUTORIZO EL CAMBIO DE DENOMINACION SOCIAL DE INVITA SEGUROS DE VIDA S.A. A SEGUROS SURA.",,sbs_S-401_2021-04_2024200498D.xls
2021-04,P010,66,A,"Mediante Resolución SBS N° 2748-2015 (21/05/2015), se autorizó el cambio de denominación social de Aseguradora Magallanes Perú S.A. a HDI Seguros S.A.","MEDIANTE RESOLUCION SBS N 2748-2015 (21/05/2015), SE AUTORIZO EL CAMBIO DE DENOMINACION SOCIAL DE ASEGURADORA MAGALLANES PERU S.A. A HDI SEGUROS S.A.",,sbs_S-401_2021-04_2024200498D.xls
2021-04,P010,67,A,"Mediante Resolución SBS N° 1137-2016 (02/03/2016), se autorizó el cambio de denominación social de Ace Seguros S.A. a Chubb Seguros Perú S.A.","MEDIANTE RESOLUCION SBS N 1137-2016 (02/03/2016), SE AUTORIZO EL CAMBIO DE DENOMINACION SOCIAL DE ACE SEGUROS S.A. A CHUBB SEGUROS PERU S.A.",,sbs_S-401_2021-04_2024200498D.xls
2021-04,P010,68,A,"Mediante Resolución SBS N° 4961-2016 (14/09/2016), se autorizó el cambio de denominación social de AVAL Perú Compañía de Seguros S.A. a AVLA Perú Compañía de Seguros S.A.","MEDIANTE RESOLUCION SBS N 4961-2016 (14/09/2016), SE AUTORIZO EL CAMBIO DE DENOMINACION SOCIAL DE AVAL PERU COMPANIA DE SEGUROS S.A. A AVLA PERU COMPANIA DE SEGUROS S.A.",,sbs_S-401_2021-04_2024200498D.xls
2021-04,P010,69,A,"Mediante Resolución SBS N° 2836-2017 (19/07/2017), se autorizó la fusión por absorción de El Pacífico Vida con El Pacífico Peruano Suiza. A partir del 01.08.2017 esta empresa se denomina Pacífico Compañía de Seguros y Reaseguros.","MEDIANTE RESOLUCION SBS N 2836-2017 (19/07/2017), SE AUTORIZO LA FUSION POR ABSORCION DE EL PACIFICO VIDA CON EL PACIFICO PERUANO SUIZA. A PARTIR DEL 01.08.2017 ESTA EMPRESA SE DENOMINA PACIFICO COMPANIA DE SEGUROS Y REASEGUROS.",,sbs_S-401_2021-04_2024200498D.xls
2021-04,P010,70,A,"Mediante Resolución SBS N° 1170-2018 (27/03/2018), se autorizó la fusión por absorción de Interseguro Compañía de Seguros con Seguros Sura.","MEDIANTE RESOLUCION SBS N 1170-2018 (27/03/2018), SE AUTORIZO LA FUSION POR ABSORCION DE INTERSEGURO COMPANIA DE SEGUROS CON SEGUROS SURA.",,sbs_S-401_2021-04_2024200498D.xls
2021-04,P010,71,A,"Mediante Resolución SBS N° 2296-2019 (22/05/2019), se autorizó el cambio de denominación social de HDI Seguros S.A. a Qualitas Compañía de Seguros S.A.","MEDIANTE RESOLUCION SBS N 2296-2019 (22/05/2019), SE AUTORIZO EL CAMBIO DE DENOMINACION SOCIAL DE HDI SEGUROS S.A. A QUALITAS COMPANIA DE SEGUROS S.A.",,sbs_S-401_2021-04_2024200498D.xls
2021-04,P010,72,A,"Mediante Resolución SBS Nº 1749-2020 (01/07/2020), se autorizó la liquidación voluntaria y posterior inicio del proceso liquidatorio de Rigel Perú S.A.","MEDIANTE RESOLUCION SBS NO 1749-2020 (01/07/2020), SE AUTORIZO LA LIQUIDACION VOLUNTARIA Y POSTERIOR INICIO DEL PROCESO LIQUIDATORIO DE RIGEL PERU S.A.",,sbs_S-401_2021-04_2024200498D.xls
2021-04,P010,73,A,"Mediante Resolución SBS Nº 3286-2020 (28/12/2020), se autorizó la liquidación voluntaria y posterior inicio del proceso liquidatorio de Coface Seguros.","MEDIANTE RESOLUCION SBS NO 3286-2020 (28/12/2020), SE AUTORIZO LA LIQUIDACION VOLUNTARIA Y POSTERIOR INICIO DEL PROCESO LIQUIDATORIO DE COFACE SEGUROS.",,sbs_S-401_2021-04_2024200498D.xls
2021-04,P010,74,A,"Mediante Resolución SBS N° 278-2021 (28/01/2021), se autorizó el cambio de denominación social de Compañía de Seguros de Vida Cámara S.A. a Vivir Seguros Compañía de Seguros de Vida S.A.","MEDIANTE RESOLUCION SBS N 278-2021 (28/01/2021), SE AUTORIZO EL CAMBIO DE DENOMINACION SOCIAL DE COMPANIA DE SEGUROS DE VIDA CAMARA S.A. A VIVIR SEGUROS COMPANIA DE SEGUROS DE VIDA S.A.",,sbs_S-401_2021-04_2024200498D.xls
2021-05,P009,65,A,"Mediante Resolución SBS N° 8551-2012 (15/11/2012), se autorizó el cambio de denominación social de InVita Seguros de Vida S.A. a Seguros Sura.","MEDIANTE RESOLUCION SBS N 8551-2012 (15/11/2012), SE AUTORIZO EL CAMBIO DE DENOMINACION SOCIAL DE INVITA SEGUROS DE VIDA S.A. A SEGUROS SURA.",,sbs_S-401_2021-05_2024200498D.xls
2021-05,P009,66,A,"Mediante Resolución SBS N° 2748-2015 (21/05/2015), se autorizó el cambio de denominación social de Aseguradora Magallanes Perú S.A. a HDI Seguros S.A.","MEDIANTE RESOLUCION SBS N 2748-2015 (21/05/2015), SE AUTORIZO EL CAMBIO DE DENOMINACION SOCIAL DE ASEGURADORA MAGALLANES PERU S.A. A HDI SEGUROS S.A.",,sbs_S-401_2021-05_2024200498D.xls
2021-05,P009,67,A,"Mediante Resolución SBS N° 1137-2016 (02/03/2016), se autorizó el cambio de denominación social de Ace Seguros S.A. a Chubb Seguros Perú S.A.","MEDIANTE RESOLUCION SBS N 1137-2016 (02/03/2016), SE AUTORIZO EL CAMBIO DE DENOMINACION SOCIAL DE ACE SEGUROS S.A. A CHUBB SEGUROS PERU S.A.",,sbs_S-401_2021-05_2024200498D.xls
2021-05,P009,68,A,"Mediante Resolución SBS N° 4961-2016 (14/09/2016), se autorizó el cambio de denominación social de AVAL Perú Compañía de Seguros S.A. a AVLA Perú Compañía de Seguros S.A.","MEDIANTE RESOLUCION SBS N 4961-2016 (14/09/2016), SE AUTORIZO EL CAMBIO DE DENOMINACION SOCIAL DE AVAL PERU COMPANIA DE SEGUROS S.A. A AVLA PERU COMPANIA DE SEGUROS S.A.",,sbs_S-401_2021-05_2024200498D.xls
2021-05,P009,69,A,"Mediante Resolución SBS N° 2836-2017 (19/07/2017), se autorizó la fusión por absorción de El Pacífico Vida con El Pacífico Peruano Suiza. A partir del 01.08.2017 esta empresa se denomina Pacífico Compañía de Seguros y Reaseguros.","MEDIANTE RESOLUCION SBS N 2836-2017 (19/07/2017), SE AUTORIZO LA FUSION POR ABSORCION DE EL PACIFICO VIDA CON EL PACIFICO PERUANO SUIZA. A PARTIR DEL 01.08.2017 ESTA EMPRESA SE DENOMINA PACIFICO COMPANIA DE SEGUROS Y REASEGUROS.",,sbs_S-401_2021-05_2024200498D.xls
2021-05,P009,70,A,"Mediante Resolución SBS N° 1170-2018 (27/03/2018), se autorizó la fusión por absorción de Interseguro Compañía de Seguros con Seguros Sura.","MEDIANTE RESOLUCION SBS N 1170-2018 (27/03/2018), SE AUTORIZO LA FUSION POR ABSORCION DE INTERSEGURO COMPANIA DE SEGUROS CON SEGUROS SURA.",,sbs_S-401_2021-05_2024200498D.xls
2021-05,P009,71,A,"Mediante Resolución SBS N° 2296-2019 (22/05/2019), se autorizó el cambio de denominación social de HDI Seguros S.A. a Qualitas Compañía de Seguros S.A.","MEDIANTE RESOLUCION SBS N 2296-2019 (22/05/2019), SE AUTORIZO EL CAMBIO DE DENOMINACION SOCIAL DE HDI SEGUROS S.A. A QUALITAS COMPANIA DE SEGUROS S.A.",,sbs_S-401_2021-05_2024200498D.xls
2021-05,P009,72,A,"Mediante Resolución SBS Nº 1749-2020 (01/07/2020), se autorizó la liquidación voluntaria y posterior inicio del proceso liquidatorio de Rigel Perú S.A.","MEDIANTE RESOLUCION SBS NO 1749-2020 (01/07/2020), SE AUTORIZO LA LIQUIDACION VOLUNTARIA Y POSTERIOR INICIO DEL PROCESO LIQUIDATORIO DE RIGEL PERU S.A.",,sbs_S-401_2021-05_2024200498D.xls
2021-05,P009,73,A,"Mediante Resolución SBS Nº 3286-2020 (28/12/2020), se autorizó la liquidación voluntaria y posterior inicio del proceso liquidatorio de Coface Seguros.","MEDIANTE RESOLUCION SBS NO 3286-2020 (28/12/2020), SE AUTORIZO LA LIQUIDACION VOLUNTARIA Y POSTERIOR INICIO DEL PROCESO LIQUIDATORIO DE COFACE SEGUROS.",,sbs_S-401_2021-05_2024200498D.xls
2021-05,P009,74,A,"Mediante Resolución SBS N° 278-2021 (28/01/2021), se autorizó el cambio de denominación social de Compañía de Seguros de Vida Cámara S.A. a Vivir Seguros Compañía de Seguros de Vida S.A.","MEDIANTE RESOLUCION SBS N 278-2021 (28/01/2021), SE AUTORIZO EL CAMBIO DE DENOMINACION SOCIAL DE COMPANIA DE SEGUROS DE VIDA CAMARA S.A. A VIVIR SEGUROS COMPANIA DE SEGUROS DE VIDA S.A.",,sbs_S-401_2021-05_2024200498D.xls
2021-05,P010,65,A,"Mediante Resolución SBS N° 8551-2012 (15/11/2012), se autorizó el cambio de denominación social de InVita Seguros de Vida S.A. a Seguros Sura.","MEDIANTE RESOLUCION SBS N 8551-2012 (15/11/2012), SE AUTORIZO EL CAMBIO DE DENOMINACION SOCIAL DE INVITA SEGUROS DE VIDA S.A. A SEGUROS SURA.",,sbs_S-401_2021-05_2024200498D.xls
2021-05,P010,66,A,"Mediante Resolución SBS N° 2748-2015 (21/05/2015), se autorizó el cambio de denominación social de Aseguradora Magallanes Perú S.A. a HDI Seguros S.A.","MEDIANTE RESOLUCION SBS N 2748-2015 (21/05/2015), SE AUTORIZO EL CAMBIO DE DENOMINACION SOCIAL DE ASEGURADORA MAGALLANES PERU S.A. A HDI SEGUROS S.A.",,sbs_S-401_2021-05_2024200498D.xls
2021-05,P010,67,A,"Mediante Resolución SBS N° 1137-2016 (02/03/2016), se autorizó el cambio de denominación social de Ace Seguros S.A. a Chubb Seguros Perú S.A.","MEDIANTE RESOLUCION SBS N 1137-2016 (02/03/2016), SE AUTORIZO EL CAMBIO DE DENOMINACION SOCIAL DE ACE SEGUROS S.A. A CHUBB SEGUROS PERU S.A.",,sbs_S-401_2021-05_2024200498D.xls
2021-05,P010,68,A,"Mediante Resolución SBS N° 4961-2016 (14/09/2016), se autorizó el cambio de denominación social de AVAL Perú Compañía de Seguros S.A. a AVLA Perú Compañía de Seguros S.A.","MEDIANTE RESOLUCION SBS N 4961-2016 (14/09/2016), SE AUTORIZO EL CAMBIO DE DENOMINACION SOCIAL DE AVAL PERU COMPANIA DE SEGUROS S.A. A AVLA PERU COMPANIA DE SEGUROS S.A.",,sbs_S-401_2021-05_2024200498D.xls
2021-05,P010,69,A,"Mediante Resolución SBS N° 2836-2017 (19/07/2017), se autorizó la fusión por absorción de El Pacífico Vida con El Pacífico Peruano Suiza. A partir del 01.08.2017 esta empresa se denomina Pacífico Compañía de Seguros y Reaseguros.","MEDIANTE RESOLUCION SBS N 2836-2017 (19/07/2017), SE AUTORIZO LA FUSION POR ABSORCION DE EL PACIFICO VIDA CON EL PACIFICO PERUANO SUIZA. A PARTIR DEL 01.08.2017 ESTA EMPRESA SE DENOMINA PACIFICO COMPANIA DE SEGUROS Y REASEGUROS.",,sbs_S-401_2021-05_2024200498D.xls
2021-05,P010,70,A,"Mediante Resolución SBS N° 1170-2018 (27/03/2018), se autorizó la fusión por absorción de Interseguro Compañía de Seguros con Seguros Sura.","MEDIANTE RESOLUCION SBS N 1170-2018 (27/03/2018), SE AUTORIZO LA FUSION POR ABSORCION DE INTERSEGURO COMPANIA DE SEGUROS CON SEGUROS SURA.",,sbs_S-401_2021-05_2024200498D.xls
2021-05,P010,71,A,"Mediante Resolución SBS N° 2296-2019 (22/05/2019), se autorizó el cambio de denominación social de HDI Seguros S.A. a Qualitas Compañía de Seguros S.A.","MEDIANTE RESOLUCION SBS N 2296-2019 (22/05/2019), SE AUTORIZO EL CAMBIO DE DENOMINACION SOCIAL DE HDI SEGUROS S.A. A QUALITAS COMPANIA DE SEGUROS S.A.",,sbs_S-401_2021-05_2024200498D.xls
2021-05,P010,72,A,"Mediante Resolución SBS Nº 1749-2020 (01/07/2020), se autorizó la liquidación voluntaria y posterior inicio del proceso liquidatorio de Rigel Perú S.A.","MEDIANTE RESOLUCION SBS NO 1749-2020 (01/07/2020), SE AUTORIZO LA LIQUIDACION VOLUNTARIA Y POSTERIOR INICIO DEL PROCESO LIQUIDATORIO DE RIGEL PERU S.A.",,sbs_S-401_2021-05_2024200498D.xls
2021-05,P010,73,A,"Mediante Resolución SBS Nº 3286-2020 (28/12/2020), se autorizó la liquidación voluntaria y posterior inicio del proceso liquidatorio de Coface Seguros.","MEDIANTE RESOLUCION SBS NO 3286-2020 (28/12/2020), SE AUTORIZO LA LIQUIDACION VOLUNTARIA Y POSTERIOR INICIO DEL PROCESO LIQUIDATORIO DE COFACE SEGUROS.",,sbs_S-401_2021-05_2024200498D.xls
2021-05,P010,74,A,"Mediante Resolución SBS N° 278-2021 (28/01/2021), se autorizó el cambio de denominación social de Compañía de Seguros de Vida Cámara S.A. a Vivir Seguros Compañía de Seguros de Vida S.A.","MEDIANTE RESOLUCION SBS N 278-2021 (28/01/2021), SE AUTORIZO EL CAMBIO DE DENOMINACION SOCIAL DE COMPANIA DE SEGUROS DE VIDA CAMARA S.A. A VIVIR SEGUROS COMPANIA DE SEGUROS DE VIDA S.A.",,sbs_S-401_2021-05_2024200498D.xls
2021-06,P009,65,A,"Mediante Resolución SBS N° 8551-2012 (15/11/2012), se autorizó el cambio de denominación social de InVita Seguros de Vida S.A. a Seguros Sura.","MEDIANTE RESOLUCION SBS N 8551-2012 (15/11/2012), SE AUTORIZO EL CAMBIO DE DENOMINACION SOCIAL DE INVITA SEGUROS DE VIDA S.A. A SEGUROS SURA.",,sbs_S-401_2021-06_2024200498D.xls
2021-06,P009,66,A,"Mediante Resolución SBS N° 2748-2015 (21/05/2015), se autorizó el cambio de denominación social de Aseguradora Magallanes Perú S.A. a HDI Seguros S.A.","MEDIANTE RESOLUCION SBS N 2748-2015 (21/05/2015), SE AUTORIZO EL CAMBIO DE DENOMINACION SOCIAL DE ASEGURADORA MAGALLANES PERU S.A. A HDI SEGUROS S.A.",,sbs_S-401_2021-06_2024200498D.xls
2021-06,P009,67,A,"Mediante Resolución SBS N° 1137-2016 (02/03/2016), se autorizó el cambio de denominación social de Ace Seguros S.A. a Chubb Seguros Perú S.A.","MEDIANTE RESOLUCION SBS N 1137-2016 (02/03/2016), SE AUTORIZO EL CAMBIO DE DENOMINACION SOCIAL DE ACE SEGUROS S.A. A CHUBB SEGUROS PERU S.A.",,sbs_S-401_2021-06_2024200498D.xls
2021-06,P009,68,A,"Mediante Resolución SBS N° 4961-2016 (14/09/2016), se autorizó el cambio de denominación social de AVAL Perú Compañía de Seguros S.A. a AVLA Perú Compañía de Seguros S.A.","MEDIANTE RESOLUCION SBS N 4961-2016 (14/09/2016), SE AUTORIZO EL CAMBIO DE DENOMINACION SOCIAL DE AVAL PERU COMPANIA DE SEGUROS S.A. A AVLA PERU COMPANIA DE SEGUROS S.A.",,sbs_S-401_2021-06_2024200498D.xls
2021-06,P009,69,A,"Mediante Resolución SBS N° 2836-2017 (19/07/2017), se autorizó la fusión por absorción de El Pacífico Vida con El Pacífico Peruano Suiza. A partir del 01.08.2017 esta empresa se denomina Pacífico Compañía de Seguros y Reaseguros.","MEDIANTE RESOLUCION SBS N 2836-2017 (19/07/2017), SE AUTORIZO LA FUSION POR ABSORCION DE EL PACIFICO VIDA CON EL PACIFICO PERUANO SUIZA. A PARTIR DEL 01.08.2017 ESTA EMPRESA SE DENOMINA PACIFICO COMPANIA DE SEGUROS Y REASEGUROS.",,sbs_S-401_2021-06_2024200498D.xls
2021-06,P009,70,A,"Mediante Resolución SBS N° 1170-2018 (27/03/2018), se autorizó la fusión por absorción de Interseguro Compañía de Seguros con Seguros Sura.","MEDIANTE RESOLUCION SBS N 1170-2018 (27/03/2018), SE AUTORIZO LA FUSION POR ABSORCION DE INTERSEGURO COMPANIA DE SEGUROS CON SEGUROS SURA.",,sbs_S-401_2021-06_2024200498D.xls
2021-06,P009,71,A,"Mediante Resolución SBS N° 2296-2019 (22/05/2019), se autorizó el cambio de denominación social de HDI Seguros S.A. a Qualitas Compañía de Seguros S.A.","MEDIANTE RESOLUCION SBS N 2296-2019 (22/05/2019), SE AUTORIZO EL CAMBIO DE DENOMINACION SOCIAL DE HDI SEGUROS S.A. A QUALITAS COMPANIA DE SEGUROS S.A.",,sbs_S-401_2021-06_2024200498D.xls
2021-06,P009,72,A,"Mediante Resolución SBS Nº 1749-2020 (01/07/2020), se autorizó la liquidación voluntaria y posterior inicio del proceso liquidatorio de Rigel Perú S.A.","MEDIANTE RESOLUCION SBS NO 1749-2020 (01/07/2020), SE AUTORIZO LA LIQUIDACION VOLUNTARIA Y POSTERIOR INICIO DEL PROCESO LIQUIDATORIO DE RIGEL PERU S.A.",,sbs_S-401_2021-06_2024200498D.xls
2021-06,P009,73,A,"Mediante Resolución SBS Nº 3286-2020 (28/12/2020), se autorizó la liquidación voluntaria y posterior inicio del proceso liquidatorio de Coface Seguros.","MEDIANTE RESOLUCION SBS NO 3286-2020 (28/12/2020), SE AUTORIZO LA LIQUIDACION VOLUNTARIA Y POSTERIOR INICIO DEL PROCESO LIQUIDATORIO DE COFACE SEGUROS.",,sbs_S-401_2021-06_2024200498D.xls
2021-06,P009,74,A,"Mediante Resolución SBS N° 278-2021 (28/01/2021), se autorizó el cambio de denominación social de Compañía de Seguros de Vida Cámara S.A. a Vivir Seguros Compañía de Seguros de Vida S.A.","MEDIANTE RESOLUCION SBS N 278-2021 (28/01/2021), SE AUTORIZO EL CAMBIO DE DENOMINACION SOCIAL DE COMPANIA DE SEGUROS DE VIDA CAMARA S.A. A VIVIR SEGUROS COMPANIA DE SEGUROS DE VIDA S.A.",,sbs_S-401_2021-06_2024200498D.xls
2021-06,P010,65,A,"Mediante Resolución SBS N° 8551-2012 (15/11/2012), se autorizó el cambio de denominación social de InVita Seguros de Vida S.A. a Seguros Sura.","MEDIANTE RESOLUCION SBS N 8551-2012 (15/11/2012), SE AUTORIZO EL CAMBIO DE DENOMINACION SOCIAL DE INVITA SEGUROS DE VIDA S.A. A SEGUROS SURA.",,sbs_S-401_2021-06_2024200498D.xls
2021-06,P010,66,A,"Mediante Resolución SBS N° 2748-2015 (21/05/2015), se autorizó el cambio de denominación social de Aseguradora Magallanes Perú S.A. a HDI Seguros S.A.","MEDIANTE RESOLUCION SBS N 2748-2015 (21/05/2015), SE AUTORIZO EL CAMBIO DE DENOMINACION SOCIAL DE ASEGURADORA MAGALLANES PERU S.A. A HDI SEGUROS S.A.",,sbs_S-401_2021-06_2024200498D.xls
2021-06,P010,67,A,"Mediante Resolución SBS N° 1137-2016 (02/03/2016), se autorizó el cambio de denominación social de Ace Seguros S.A. a Chubb Seguros Perú S.A.","MEDIANTE RESOLUCION SBS N 1137-2016 (02/03/2016), SE AUTORIZO EL CAMBIO DE DENOMINACION SOCIAL DE ACE SEGUROS S.A. A CHUBB SEGUROS PERU S.A.",,sbs_S-401_2021-06_2024200498D.xls
2021-06,P010,68,A,"Mediante Resolución SBS N° 4961-2016 (14/09/2016), se autorizó el cambio de denominación social de AVAL Perú Compañía de Seguros S.A. a AVLA Perú Compañía de Seguros S.A.","MEDIANTE RESOLUCION SBS N 4961-2016 (14/09/2016), SE AUTORIZO EL CAMBIO DE DENOMINACION SOCIAL DE AVAL PERU COMPANIA DE SEGUROS S.A. A AVLA PERU COMPANIA DE SEGUROS S.A.",,sbs_S-401_2021-06_2024200498D.xls
2021-06,P010,69,A,"Mediante Resolución SBS N° 2836-2017 (19/07/2017), se autorizó la fusión por absorción de El Pacífico Vida con El Pacífico Peruano Suiza. A partir del 01.08.2017 esta empresa se denomina Pacífico Compañía de Seguros y Reaseguros.","MEDIANTE RESOLUCION SBS N 2836-2017 (19/07/2017), SE AUTORIZO LA FUSION POR ABSORCION DE EL PACIFICO VIDA CON EL PACIFICO PERUANO SUIZA. A PARTIR DEL 01.08.2017 ESTA EMPRESA SE DENOMINA PACIFICO COMPANIA DE SEGUROS Y REASEGUROS.",,sbs_S-401_2021-06_2024200498D.xls
2021-06,P010,70,A,"Mediante Resolución SBS N° 1170-2018 (27/03/2018), se autorizó la fusión por absorción de Interseguro Compañía de Seguros con Seguros Sura.","MEDIANTE RESOLUCION SBS N 1170-2018 (27/03/2018), SE AUTORIZO LA FUSION POR ABSORCION DE INTERSEGURO COMPANIA DE SEGUROS CON SEGUROS SURA.",,sbs_S-401_2021-06_2024200498D.xls
2021-06,P010,71,A,"Mediante Resolución SBS N° 2296-2019 (22/05/2019), se autorizó el cambio de denominación social de HDI Seguros S.A. a Qualitas Compañía de Seguros S.A.","MEDIANTE RESOLUCION SBS N 2296-2019 (22/05/2019), SE AUTORIZO EL CAMBIO DE DENOMINACION SOCIAL DE HDI SEGUROS S.A. A QUALITAS COMPANIA DE SEGUROS S.A.",,sbs_S-401_2021-06_2024200498D.xls
2021-06,P010,72,A,"Mediante Resolución SBS Nº 1749-2020 (01/07/2020), se autorizó la liquidación voluntaria y posterior inicio del proceso liquidatorio de Rigel Perú S.A.","MEDIANTE RESOLUCION SBS NO 1749-2020 (01/07/2020), SE AUTORIZO LA LIQUIDACION VOLUNTARIA Y POSTERIOR INICIO DEL PROCESO LIQUIDATORIO DE RIGEL PERU S.A.",,sbs_S-401_2021-06_2024200498D.xls
2021-06,P010,73,A,"Mediante Resolución SBS Nº 3286-2020 (28/12/2020), se autorizó la liquidación voluntaria y posterior inicio del proceso liquidatorio de Coface Seguros.","MEDIANTE RESOLUCION SBS NO 3286-2020 (28/12/2020), SE AUTORIZO LA LIQUIDACION VOLUNTARIA Y POSTERIOR INICIO DEL PROCESO LIQUIDATORIO DE COFACE SEGUROS.",,sbs_S-401_2021-06_2024200498D.xls
2021-06,P010,74,A,"Mediante Resolución SBS N° 278-2021 (28/01/2021), se autorizó el cambio de denominación social de Compañía de Seguros de Vida Cámara S.A. a Vivir Seguros Compañía de Seguros de Vida S.A.","MEDIANTE RESOLUCION SBS N 278-2021 (28/01/2021), SE AUTORIZO EL CAMBIO DE DENOMINACION SOCIAL DE COMPANIA DE SEGUROS DE VIDA CAMARA S.A. A VIVIR SEGUROS COMPANIA DE SEGUROS DE VIDA S.A.",,sbs_S-401_2021-06_2024200498D.xls
2021-07,P009,65,A,"Mediante Resolución SBS N° 8551-2012 (15/11/2012), se autorizó el cambio de denominación social de InVita Seguros de Vida S.A. a Seguros Sura.","MEDIANTE RESOLUCION SBS N 8551-2012 (15/11/2012), SE AUTORIZO EL CAMBIO DE DENOMINACION SOCIAL DE INVITA SEGUROS DE VIDA S.A. A SEGUROS SURA.",,sbs_S-401_2021-07_2024200498D.xls
2021-07,P009,66,A,"Mediante Resolución SBS N° 2748-2015 (21/05/2015), se autorizó el cambio de denominación social de Aseguradora Magallanes Perú S.A. a HDI Seguros S.A.","MEDIANTE RESOLUCION SBS N 2748-2015 (21/05/2015), SE AUTORIZO EL CAMBIO DE DENOMINACION SOCIAL DE ASEGURADORA MAGALLANES PERU S.A. A HDI SEGUROS S.A.",,sbs_S-401_2021-07_2024200498D.xls
2021-07,P009,67,A,"Mediante Resolución SBS N° 1137-2016 (02/03/2016), se autorizó el cambio de denominación social de Ace Seguros S.A. a Chubb Seguros Perú S.A.","MEDIANTE RESOLUCION SBS N 1137-2016 (02/03/2016), SE AUTORIZO EL CAMBIO DE DENOMINACION SOCIAL DE ACE SEGUROS S.A. A CHUBB SEGUROS PERU S.A.",,sbs_S-401_2021-07_2024200498D.xls
2021-07,P009,68,A,"Mediante Resolución SBS N° 4961-2016 (14/09/2016), se autorizó el cambio de denominación social de AVAL Perú Compañía de Seguros S.A. a AVLA Perú Compañía de Seguros S.A.","MEDIANTE RESOLUCION SBS N 4961-2016 (14/09/2016), SE AUTORIZO EL CAMBIO DE DENOMINACION SOCIAL DE AVAL PERU COMPANIA DE SEGUROS S.A. A AVLA PERU COMPANIA DE SEGUROS S.A.",,sbs_S-401_2021-07_2024200498D.xls
2021-07,P009,69,A,"Mediante Resolución SBS N° 2836-2017 (19/07/2017), se autorizó la fusión por absorción de El Pacífico Vida con El Pacífico Peruano Suiza. A partir del 01.08.2017 esta empresa se denomina Pacífico Compañía de Seguros y Reaseguros.","MEDIANTE RESOLUCION SBS N 2836-2017 (19/07/2017), SE AUTORIZO LA FUSION POR ABSORCION DE EL PACIFICO VIDA CON EL PACIFICO PERUANO SUIZA. A PARTIR DEL 01.08.2017 ESTA EMPRESA SE DENOMINA PACIFICO COMPANIA DE SEGUROS Y REASEGUROS.",,sbs_S-401_2021-07_2024200498D.xls
2021-07,P009,70,A,"Mediante Resolución SBS N° 1170-2018 (27/03/2018), se autorizó la fusión por absorción de Interseguro Compañía de Seguros con Seguros Sura.","MEDIANTE RESOLUCION SBS N 1170-2018 (27/03/2018), SE AUTORIZO LA FUSION POR ABSORCION DE INTERSEGURO COMPANIA DE SEGUROS CON SEGUROS SURA.",,sbs_S-401_2021-07_2024200498D.xls
2021-07,P009,71,A,"Mediante Resolución SBS N° 2296-2019 (22/05/2019), se autorizó el cambio de denominación social de HDI Seguros S.A. a Qualitas Compañía de Seguros S.A.","MEDIANTE RESOLUCION SBS N 2296-2019 (22/05/2019), SE AUTORIZO EL CAMBIO DE DENOMINACION SOCIAL DE HDI SEGUROS S.A. A QUALITAS COMPANIA DE SEGUROS S.A.",,sbs_S-401_2021-07_2024200498D.xls
2021-07,P009,72,A,"Mediante Resolución SBS Nº 1749-2020 (01/07/2020), se autorizó la liquidación voluntaria y posterior inicio del proceso liquidatorio de Rigel Perú S.A.","MEDIANTE RESOLUCION SBS NO 1749-2020 (01/07/2020), SE AUTORIZO LA LIQUIDACION VOLUNTARIA Y POSTERIOR INICIO DEL PROCESO LIQUIDATORIO DE RIGEL PERU S.A.",,sbs_S-401_2021-07_2024200498D.xls
2021-07,P009,73,A,"Mediante Resolución SBS Nº 3286-2020 (28/12/2020), se autorizó la liquidación voluntaria y posterior inicio del proceso liquidatorio de Coface Seguros.","MEDIANTE RESOLUCION SBS NO 3286-2020 (28/12/2020), SE AUTORIZO LA LIQUIDACION VOLUNTARIA Y POSTERIOR INICIO DEL PROCESO LIQUIDATORIO DE COFACE SEGUROS.",,sbs_S-401_2021-07_2024200498D.xls
2021-07,P009,74,A,"Mediante Resolución SBS N° 278-2021 (28/01/2021), se autorizó el cambio de denominación social de Compañía de Seguros de Vida Cámara S.A. a Vivir Seguros Compañía de Seguros de Vida S.A.","MEDIANTE RESOLUCION SBS N 278-2021 (28/01/2021), SE AUTORIZO EL CAMBIO DE DENOMINACION SOCIAL DE COMPANIA DE SEGUROS DE VIDA CAMARA S.A. A VIVIR SEGUROS COMPANIA DE SEGUROS DE VIDA S.A.",,sbs_S-401_2021-07_2024200498D.xls
2021-07,P010,65,A,"Mediante Resolución SBS N° 8551-2012 (15/11/2012), se autorizó el cambio de denominación social de InVita Seguros de Vida S.A. a Seguros Sura.","MEDIANTE RESOLUCION SBS N 8551-2012 (15/11/2012), SE AUTORIZO EL CAMBIO DE DENOMINACION SOCIAL DE INVITA SEGUROS DE VIDA S.A. A SEGUROS SURA.",,sbs_S-401_2021-07_2024200498D.xls
2021-07,P010,66,A,"Mediante Resolución SBS N° 2748-2015 (21/05/2015), se autorizó el cambio de denominación social de Aseguradora Magallanes Perú S.A. a HDI Seguros S.A.","MEDIANTE RESOLUCION SBS N 2748-2015 (21/05/2015), SE AUTORIZO EL CAMBIO DE DENOMINACION SOCIAL DE ASEGURADORA MAGALLANES PERU S.A. A HDI SEGUROS S.A.",,sbs_S-401_2021-07_2024200498D.xls
2021-07,P010,67,A,"Mediante Resolución SBS N° 1137-2016 (02/03/2016), se autorizó el cambio de denominación social de Ace Seguros S.A. a Chubb Seguros Perú S.A.","MEDIANTE RESOLUCION SBS N 1137-2016 (02/03/2016), SE AUTORIZO EL CAMBIO DE DENOMINACION SOCIAL DE ACE SEGUROS S.A. A CHUBB SEGUROS PERU S.A.",,sbs_S-401_2021-07_2024200498D.xls
2021-07,P010,68,A,"Mediante Resolución SBS N° 4961-2016 (14/09/2016), se autorizó el cambio de denominación social de AVAL Perú Compañía de Seguros S.A. a AVLA Perú Compañía de Seguros S.A.","MEDIANTE RESOLUCION SBS N 4961-2016 (14/09/2016), SE AUTORIZO EL CAMBIO DE DENOMINACION SOCIAL DE AVAL PERU COMPANIA DE SEGUROS S.A. A AVLA PERU COMPANIA DE SEGUROS S.A.",,sbs_S-401_2021-07_2024200498D.xls
2021-07,P010,69,A,"Mediante Resolución SBS N° 2836-2017 (19/07/2017), se autorizó la fusión por absorción de El Pacífico Vida con El Pacífico Peruano Suiza. A partir del 01.08.2017 esta empresa se denomina Pacífico Compañía de Seguros y Reaseguros.","MEDIANTE RESOLUCION SBS N 2836-2017 (19/07/2017), SE AUTORIZO LA FUSION POR ABSORCION DE EL PACIFICO VIDA CON EL PACIFICO PERUANO SUIZA. A PARTIR DEL 01.08.2017 ESTA EMPRESA SE DENOMINA PACIFICO COMPANIA DE SEGUROS Y REASEGUROS.",,sbs_S-401_2021-07_2024200498D.xls
2021-07,P010,70,A,"Mediante Resolución SBS N° 1170-2018 (27/03/2018), se autorizó la fusión por absorción de Interseguro Compañía de Seguros con Seguros Sura.","MEDIANTE RESOLUCION SBS N 1170-2018 (27/03/2018), SE AUTORIZO LA FUSION POR ABSORCION DE INTERSEGURO COMPANIA DE SEGUROS CON SEGUROS SURA.",,sbs_S-401_2021-07_2024200498D.xls
2021-07,P010,71,A,"Mediante Resolución SBS N° 2296-2019 (22/05/2019), se autorizó el cambio de denominación social de HDI Seguros S.A. a Qualitas Compañía de Seguros S.A.","MEDIANTE RESOLUCION SBS N 2296-2019 (22/05/2019), SE AUTORIZO EL CAMBIO DE DENOMINACION SOCIAL DE HDI SEGUROS S.A. A QUALITAS COMPANIA DE SEGUROS S.A.",,sbs_S-401_2021-07_2024200498D.xls
2021-07,P010,72,A,"Mediante Resolución SBS Nº 1749-2020 (01/07/2020), se autorizó la liquidación voluntaria y posterior inicio del proceso liquidatorio de Rigel Perú S.A.","MEDIANTE RESOLUCION SBS NO 1749-2020 (01/07/2020), SE AUTORIZO LA LIQUIDACION VOLUNTARIA Y POSTERIOR INICIO DEL PROCESO LIQUIDATORIO DE RIGEL PERU S.A.",,sbs_S-401_2021-07_2024200498D.xls
2021-07,P010,73,A,"Mediante Resolución SBS Nº 3286-2020 (28/12/2020), se autorizó la liquidación voluntaria y posterior inicio del proceso liquidatorio de Coface Seguros.","MEDIANTE RESOLUCION SBS NO 3286-2020 (28/12/2020), SE AUTORIZO LA LIQUIDACION VOLUNTARIA Y POSTERIOR INICIO DEL PROCESO LIQUIDATORIO DE COFACE SEGUROS.",,sbs_S-401_2021-07_2024200498D.xls
2021-07,P010,74,A,"Mediante Resolución SBS N° 278-2021 (28/01/2021), se autorizó el cambio de denominación social de Compañía de Seguros de Vida Cámara S.A. a Vivir Seguros Compañía de Seguros de Vida S.A.","MEDIANTE RESOLUCION SBS N 278-2021 (28/01/2021), SE AUTORIZO EL CAMBIO DE DENOMINACION SOCIAL DE COMPANIA DE SEGUROS DE VIDA CAMARA S.A. A VIVIR SEGUROS COMPANIA DE SEGUROS DE VIDA S.A.",,sbs_S-401_2021-07_2024200498D.xls
2021-08,P009,65,A,"Mediante Resolución SBS N° 8551-2012 (15/11/2012), se autorizó el cambio de denominación social de InVita Seguros de Vida S.A. a Seguros Sura.","MEDIANTE RESOLUCION SBS N 8551-2012 (15/11/2012), SE AUTORIZO EL CAMBIO DE DENOMINACION SOCIAL DE INVITA SEGUROS DE VIDA S.A. A SEGUROS SURA.",,sbs_S-401_2021-08_2024200498D.xls
2021-08,P009,66,A,"Mediante Resolución SBS N° 2748-2015 (21/05/2015), se autorizó el cambio de denominación social de Aseguradora Magallanes Perú S.A. a HDI Seguros S.A.","MEDIANTE RESOLUCION SBS N 2748-2015 (21/05/2015), SE AUTORIZO EL CAMBIO DE DENOMINACION SOCIAL DE ASEGURADORA MAGALLANES PERU S.A. A HDI SEGUROS S.A.",,sbs_S-401_2021-08_2024200498D.xls
2021-08,P009,67,A,"Mediante Resolución SBS N° 1137-2016 (02/03/2016), se autorizó el cambio de denominación social de Ace Seguros S.A. a Chubb Seguros Perú S.A.","MEDIANTE RESOLUCION SBS N 1137-2016 (02/03/2016), SE AUTORIZO EL CAMBIO DE DENOMINACION SOCIAL DE ACE SEGUROS S.A. A CHUBB SEGUROS PERU S.A.",,sbs_S-401_2021-08_2024200498D.xls
2021-08,P009,68,A,"Mediante Resolución SBS N° 4961-2016 (14/09/2016), se autorizó el cambio de denominación social de AVAL Perú Compañía de Seguros S.A. a AVLA Perú Compañía de Seguros S.A.","MEDIANTE RESOLUCION SBS N 4961-2016 (14/09/2016), SE AUTORIZO EL CAMBIO DE DENOMINACION SOCIAL DE AVAL PERU COMPANIA DE SEGUROS S.A. A AVLA PERU COMPANIA DE SEGUROS S.A.",,sbs_S-401_2021-08_2024200498D.xls
2021-08,P009,69,A,"Mediante Resolución SBS N° 2836-2017 (19/07/2017), se autorizó la fusión por absorción de El Pacífico Vida con El Pacífico Peruano Suiza. A partir del 01.08.2017 esta empresa se denomina Pacífico Compañía de Seguros y Reaseguros.","MEDIANTE RESOLUCION SBS N 2836-2017 (19/07/2017), SE AUTORIZO LA FUSION POR ABSORCION DE EL PACIFICO VIDA CON EL PACIFICO PERUANO SUIZA. A PARTIR DEL 01.08.2017 ESTA EMPRESA SE DENOMINA PACIFICO COMPANIA DE SEGUROS Y REASEGUROS.",,sbs_S-401_2021-08_2024200498D.xls
2021-08,P009,70,A,"Mediante Resolución SBS N° 1170-2018 (27/03/2018), se autorizó la fusión por absorción de Interseguro Compañía de Seguros con Seguros Sura.","MEDIANTE RESOLUCION SBS N 1170-2018 (27/03/2018), SE AUTORIZO LA FUSION POR ABSORCION DE INTERSEGURO COMPANIA DE SEGUROS CON SEGUROS SURA.",,sbs_S-401_2021-08_2024200498D.xls
2021-08,P009,71,A,"Mediante Resolución SBS N° 2296-2019 (22/05/2019), se autorizó el cambio de denominación social de HDI Seguros S.A. a Qualitas Compañía de Seguros S.A.","MEDIANTE RESOLUCION SBS N 2296-2019 (22/05/2019), SE AUTORIZO EL CAMBIO DE DENOMINACION SOCIAL DE HDI SEGUROS S.A. A QUALITAS COMPANIA DE SEGUROS S.A.",,sbs_S-401_2021-08_2024200498D.xls
2021-08,P009,72,A,"Mediante Resolución SBS Nº 1749-2020 (01/07/2020), se autorizó la liquidación voluntaria y posterior inicio del proceso liquidatorio de Rigel Perú S.A.","MEDIANTE RESOLUCION SBS NO 1749-2020 (01/07/2020), SE AUTORIZO LA LIQUIDACION VOLUNTARIA Y POSTERIOR INICIO DEL PROCESO LIQUIDATORIO DE RIGEL PERU S.A.",,sbs_S-401_2021-08_2024200498D.xls
2021-08,P009,73,A,"Mediante Resolución SBS Nº 3286-2020 (28/12/2020), se autorizó la liquidación voluntaria y posterior inicio del proceso liquidatorio de Coface Seguros.","MEDIANTE RESOLUCION SBS NO 3286-2020 (28/12/2020), SE AUTORIZO LA LIQUIDACION VOLUNTARIA Y POSTERIOR INICIO DEL PROCESO LIQUIDATORIO DE COFACE SEGUROS.",,sbs_S-401_2021-08_2024200498D.xls
2021-08,P009,74,A,"Mediante Resolución SBS N° 278-2021 (28/01/2021), se autorizó el cambio de denominación social de Compañía de Seguros de Vida Cámara S.A. a Vivir Seguros Compañía de Seguros de Vida S.A.","MEDIANTE RESOLUCION SBS N 278-2021 (28/01/2021), SE AUTORIZO EL CAMBIO DE DENOMINACION SOCIAL DE COMPANIA DE SEGUROS DE VIDA CAMARA S.A. A VIVIR SEGUROS COMPANIA DE SEGUROS DE VIDA S.A.",,sbs_S-401_2021-08_2024200498D.xls
2021-08,P010,65,A,"Mediante Resolución SBS N° 8551-2012 (15/11/2012), se autorizó el cambio de denominación social de InVita Seguros de Vida S.A. a Seguros Sura.","MEDIANTE RESOLUCION SBS N 8551-2012 (15/11/2012), SE AUTORIZO EL CAMBIO DE DENOMINACION SOCIAL DE INVITA SEGUROS DE VIDA S.A. A SEGUROS SURA.",,sbs_S-401_2021-08_2024200498D.xls
2021-08,P010,66,A,"Mediante Resolución SBS N° 2748-2015 (21/05/2015), se autorizó el cambio de denominación social de Aseguradora Magallanes Perú S.A. a HDI Seguros S.A.","MEDIANTE RESOLUCION SBS N 2748-2015 (21/05/2015), SE AUTORIZO EL CAMBIO DE DENOMINACION SOCIAL DE ASEGURADORA MAGALLANES PERU S.A. A HDI SEGUROS S.A.",,sbs_S-401_2021-08_2024200498D.xls
2021-08,P010,67,A,"Mediante Resolución SBS N° 1137-2016 (02/03/2016), se autorizó el cambio de denominación social de Ace Seguros S.A. a Chubb Seguros Perú S.A.","MEDIANTE RESOLUCION SBS N 1137-2016 (02/03/2016), SE AUTORIZO EL CAMBIO DE DENOMINACION SOCIAL DE ACE SEGUROS S.A. A CHUBB SEGUROS PERU S.A.",,sbs_S-401_2021-08_2024200498D.xls
2021-08,P010,68,A,"Mediante Resolución SBS N° 4961-2016 (14/09/2016), se autorizó el cambio de denominación social de AVAL Perú Compañía de Seguros S.A. a AVLA Perú Compañía de Seguros S.A.","MEDIANTE RESOLUCION SBS N 4961-2016 (14/09/2016), SE AUTORIZO EL CAMBIO DE DENOMINACION SOCIAL DE AVAL PERU COMPANIA DE SEGUROS S.A. A AVLA PERU COMPANIA DE SEGUROS S.A.",,sbs_S-401_2021-08_2024200498D.xls
2021-08,P010,69,A,"Mediante Resolución SBS N° 2836-2017 (19/07/2017), se autorizó la fusión por absorción de El Pacífico Vida con El Pacífico Peruano Suiza. A partir del 01.08.2017 esta empresa se denomina Pacífico Compañía de Seguros y Reaseguros.","MEDIANTE RESOLUCION SBS N 2836-2017 (19/07/2017), SE AUTORIZO LA FUSION POR ABSORCION DE EL PACIFICO VIDA CON EL PACIFICO PERUANO SUIZA. A PARTIR DEL 01.08.2017 ESTA EMPRESA SE DENOMINA PACIFICO COMPANIA DE SEGUROS Y REASEGUROS.",,sbs_S-401_2021-08_2024200498D.xls
2021-08,P010,70,A,"Mediante Resolución SBS N° 1170-2018 (27/03/2018), se autorizó la fusión por absorción de Interseguro Compañía de Seguros con Seguros Sura.","MEDIANTE RESOLUCION SBS N 1170-2018 (27/03/2018), SE AUTORIZO LA FUSION POR ABSORCION DE INTERSEGURO COMPANIA DE SEGUROS CON SEGUROS SURA.",,sbs_S-401_2021-08_2024200498D.xls
2021-08,P010,71,A,"Mediante Resolución SBS N° 2296-2019 (22/05/2019), se autorizó el cambio de denominación social de HDI Seguros S.A. a Qualitas Compañía de Seguros S.A.","MEDIANTE RESOLUCION SBS N 2296-2019 (22/05/2019), SE AUTORIZO EL CAMBIO DE DENOMINACION SOCIAL DE HDI SEGUROS S.A. A QUALITAS COMPANIA DE SEGUROS S.A.",,sbs_S-401_2021-08_2024200498D.xls
2021-08,P010,72,A,"Mediante Resolución SBS Nº 1749-2020 (01/07/2020), se autorizó la liquidación voluntaria y posterior inicio del proceso liquidatorio de Rigel Perú S.A.","MEDIANTE RESOLUCION SBS NO 1749-2020 (01/07/2020), SE AUTORIZO LA LIQUIDACION VOLUNTARIA Y POSTERIOR INICIO DEL PROCESO LIQUIDATORIO DE RIGEL PERU S.A.",,sbs_S-401_2021-08_2024200498D.xls
2021-08,P010,73,A,"Mediante Resolución SBS Nº 3286-2020 (28/12/2020), se autorizó la liquidación voluntaria y posterior inicio del proceso liquidatorio de Coface Seguros.","MEDIANTE RESOLUCION SBS NO 3286-2020 (28/12/2020), SE AUTORIZO LA LIQUIDACION VOLUNTARIA Y POSTERIOR INICIO DEL PROCESO LIQUIDATORIO DE COFACE SEGUROS.",,sbs_S-401_2021-08_2024200498D.xls
2021-08,P010,74,A,"Mediante Resolución SBS N° 278-2021 (28/01/2021), se autorizó el cambio de denominación social de Compañía de Seguros de Vida Cámara S.A. a Vivir Seguros Compañía de Seguros de Vida S.A.","MEDIANTE RESOLUCION SBS N 278-2021 (28/01/2021), SE AUTORIZO EL CAMBIO DE DENOMINACION SOCIAL DE COMPANIA DE SEGUROS DE VIDA CAMARA S.A. A VIVIR SEGUROS COMPANIA DE SEGUROS DE VIDA S.A.",,sbs_S-401_2021-08_2024200498D.xls
2021-09,P009,65,A,"Mediante Resolución SBS N° 8551-2012 (15/11/2012), se autorizó el cambio de denominación social de InVita Seguros de Vida S.A. a Seguros Sura.","MEDIANTE RESOLUCION SBS N 8551-2012 (15/11/2012), SE AUTORIZO EL CAMBIO DE DENOMINACION SOCIAL DE INVITA SEGUROS DE VIDA S.A. A SEGUROS SURA.",,sbs_S-401_2021-09_2024200498D.xls
2021-09,P009,66,A,"Mediante Resolución SBS N° 2748-2015 (21/05/2015), se autorizó el cambio de denominación social de Aseguradora Magallanes Perú S.A. a HDI Seguros S.A.","MEDIANTE RESOLUCION SBS N 2748-2015 (21/05/2015), SE AUTORIZO EL CAMBIO DE DENOMINACION SOCIAL DE ASEGURADORA MAGALLANES PERU S.A. A HDI SEGUROS S.A.",,sbs_S-401_2021-09_2024200498D.xls
2021-09,P009,67,A,"Mediante Resolución SBS N° 1137-2016 (02/03/2016), se autorizó el cambio de denominación social de Ace Seguros S.A. a Chubb Seguros Perú S.A.","MEDIANTE RESOLUCION SBS N 1137-2016 (02/03/2016), SE AUTORIZO EL CAMBIO DE DENOMINACION SOCIAL DE ACE SEGUROS S.A. A CHUBB SEGUROS PERU S.A.",,sbs_S-401_2021-09_2024200498D.xls
2021-09,P009,68,A,"Mediante Resolución SBS N° 4961-2016 (14/09/2016), se autorizó el cambio de denominación social de AVAL Perú Compañía de Seguros S.A. a AVLA Perú Compañía de Seguros S.A.","MEDIANTE RESOLUCION SBS N 4961-2016 (14/09/2016), SE AUTORIZO EL CAMBIO DE DENOMINACION SOCIAL DE AVAL PERU COMPANIA DE SEGUROS S.A. A AVLA PERU COMPANIA DE SEGUROS S.A.",,sbs_S-401_2021-09_2024200498D.xls
2021-09,P009,69,A,"Mediante Resolución SBS N° 2836-2017 (19/07/2017), se autorizó la fusión por absorción de El Pacífico Vida con El Pacífico Peruano Suiza. A partir del 01.08.2017 esta empresa se denomina Pacífico Compañía de Seguros y Reaseguros.","MEDIANTE RESOLUCION SBS N 2836-2017 (19/07/2017), SE AUTORIZO LA FUSION POR ABSORCION DE EL PACIFICO VIDA CON EL PACIFICO PERUANO SUIZA. A PARTIR DEL 01.08.2017 ESTA EMPRESA SE DENOMINA PACIFICO COMPANIA DE SEGUROS Y REASEGUROS.",,sbs_S-401_2021-09_2024200498D.xls
2021-09,P009,70,A,"Mediante Resolución SBS N° 1170-2018 (27/03/2018), se autorizó la fusión por absorción de Interseguro Compañía de Seguros con Seguros Sura.","MEDIANTE RESOLUCION SBS N 1170-2018 (27/03/2018), SE AUTORIZO LA FUSION POR ABSORCION DE INTERSEGURO COMPANIA DE SEGUROS CON SEGUROS SURA.",,sbs_S-401_2021-09_2024200498D.xls
2021-09,P009,71,A,"Mediante Resolución SBS N° 2296-2019 (22/05/2019), se autorizó el cambio de denominación social de HDI Seguros S.A. a Qualitas Compañía de Seguros S.A.","MEDIANTE RESOLUCION SBS N 2296-2019 (22/05/2019), SE AUTORIZO EL CAMBIO DE DENOMINACION SOCIAL DE HDI SEGUROS S.A. A QUALITAS COMPANIA DE SEGUROS S.A.",,sbs_S-401_2021-09_2024200498D.xls
2021-09,P009,72,A,"Mediante Resolución SBS Nº 1749-2020 (01/07/2020), se autorizó la liquidación voluntaria y posterior inicio del proceso liquidatorio de Rigel Perú S.A.","MEDIANTE RESOLUCION SBS NO 1749-2020 (01/07/2020), SE AUTORIZO LA LIQUIDACION VOLUNTARIA Y POSTERIOR INICIO DEL PROCESO LIQUIDATORIO DE RIGEL PERU S.A.",,sbs_S-401_2021-09_2024200498D.xls
2021-09,P009,73,A,"Mediante Resolución SBS Nº 3286-2020 (28/12/2020), se autorizó la liquidación voluntaria y posterior inicio del proceso liquidatorio de Coface Seguros.","MEDIANTE RESOLUCION SBS NO 3286-2020 (28/12/2020), SE AUTORIZO LA LIQUIDACION VOLUNTARIA Y POSTERIOR INICIO DEL PROCESO LIQUIDATORIO DE COFACE SEGUROS.",,sbs_S-401_2021-09_2024200498D.xls
2021-09,P009,74,A,"Mediante Resolución SBS N° 278-2021 (28/01/2021), se autorizó el cambio de denominación social de Compañía de Seguros de Vida Cámara S.A. a Vivir Seguros Compañía de Seguros de Vida S.A.","MEDIANTE RESOLUCION SBS N 278-2021 (28/01/2021), SE AUTORIZO EL CAMBIO DE DENOMINACION SOCIAL DE COMPANIA DE SEGUROS DE VIDA CAMARA S.A. A VIVIR SEGUROS COMPANIA DE SEGUROS DE VIDA S.A.",,sbs_S-401_2021-09_2024200498D.xls
2021-09,P010,65,A,"Mediante Resolución SBS N° 8551-2012 (15/11/2012), se autorizó el cambio de denominación social de InVita Seguros de Vida S.A. a Seguros Sura.","MEDIANTE RESOLUCION SBS N 8551-2012 (15/11/2012), SE AUTORIZO EL CAMBIO DE DENOMINACION SOCIAL DE INVITA SEGUROS DE VIDA S.A. A SEGUROS SURA.",,sbs_S-401_2021-09_2024200498D.xls
2021-09,P010,66,A,"Mediante Resolución SBS N° 2748-2015 (21/05/2015), se autorizó el cambio de denominación social de Aseguradora Magallanes Perú S.A. a HDI Seguros S.A.","MEDIANTE RESOLUCION SBS N 2748-2015 (21/05/2015), SE AUTORIZO EL CAMBIO DE DENOMINACION SOCIAL DE ASEGURADORA MAGALLANES PERU S.A. A HDI SEGUROS S.A.",,sbs_S-401_2021-09_2024200498D.xls
2021-09,P010,67,A,"Mediante Resolución SBS N° 1137-2016 (02/03/2016), se autorizó el cambio de denominación social de Ace Seguros S.A. a Chubb Seguros Perú S.A.","MEDIANTE RESOLUCION SBS N 1137-2016 (02/03/2016), SE AUTORIZO EL CAMBIO DE DENOMINACION SOCIAL DE ACE SEGUROS S.A. A CHUBB SEGUROS PERU S.A.",,sbs_S-401_2021-09_2024200498D.xls
2021-09,P010,68,A,"Mediante Resolución SBS N° 4961-2016 (14/09/2016), se autorizó el cambio de denominación social de AVAL Perú Compañía de Seguros S.A. a AVLA Perú Compañía de Seguros S.A.","MEDIANTE RESOLUCION SBS N 4961-2016 (14/09/2016), SE AUTORIZO EL CAMBIO DE DENOMINACION SOCIAL DE AVAL PERU COMPANIA DE SEGUROS S.A. A AVLA PERU COMPANIA DE SEGUROS S.A.",,sbs_S-401_2021-09_2024200498D.xls
2021-09,P010,69,A,"Mediante Resolución SBS N° 2836-2017 (19/07/2017), se autorizó la fusión por absorción de El Pacífico Vida con El Pacífico Peruano Suiza. A partir del 01.08.2017 esta empresa se denomina Pacífico Compañía de Seguros y Reaseguros.","MEDIANTE RESOLUCION SBS N 2836-2017 (19/07/2017), SE AUTORIZO LA FUSION POR ABSORCION DE EL PACIFICO VIDA CON EL PACIFICO PERUANO SUIZA. A PARTIR DEL 01.08.2017 ESTA EMPRESA SE DENOMINA PACIFICO COMPANIA DE SEGUROS Y REASEGUROS.",,sbs_S-401_2021-09_2024200498D.xls
2021-09,P010,70,A,"Mediante Resolución SBS N° 1170-2018 (27/03/2018), se autorizó la fusión por absorción de Interseguro Compañía de Seguros con Seguros Sura.","MEDIANTE RESOLUCION SBS N 1170-2018 (27/03/2018), SE AUTORIZO LA FUSION POR ABSORCION DE INTERSEGURO COMPANIA DE SEGUROS CON SEGUROS SURA.",,sbs_S-401_2021-09_2024200498D.xls
2021-09,P010,71,A,"Mediante Resolución SBS N° 2296-2019 (22/05/2019), se autorizó el cambio de denominación social de HDI Seguros S.A. a Qualitas Compañía de Seguros S.A.","MEDIANTE RESOLUCION SBS N 2296-2019 (22/05/2019), SE AUTORIZO EL CAMBIO DE DENOMINACION SOCIAL DE HDI SEGUROS S.A. A QUALITAS COMPANIA DE SEGUROS S.A.",,sbs_S-401_2021-09_2024200498D.xls
2021-09,P010,72,A,"Mediante Resolución SBS Nº 1749-2020 (01/07/2020), se autorizó la liquidación voluntaria y posterior inicio del proceso liquidatorio de Rigel Perú S.A.","MEDIANTE RESOLUCION SBS NO 1749-2020 (01/07/2020), SE AUTORIZO LA LIQUIDACION VOLUNTARIA Y POSTERIOR INICIO DEL PROCESO LIQUIDATORIO DE RIGEL PERU S.A.",,sbs_S-401_2021-09_2024200498D.xls
2021-09,P010,73,A,"Mediante Resolución SBS Nº 3286-2020 (28/12/2020), se autorizó la liquidación voluntaria y posterior inicio del proceso liquidatorio de Coface Seguros.","MEDIANTE RESOLUCION SBS NO 3286-2020 (28/12/2020), SE AUTORIZO LA LIQUIDACION VOLUNTARIA Y POSTERIOR INICIO DEL PROCESO LIQUIDATORIO DE COFACE SEGUROS.",,sbs_S-401_2021-09_2024200498D.xls
2021-09,P010,74,A,"Mediante Resolución SBS N° 278-2021 (28/01/2021), se autorizó el cambio de denominación social de Compañía de Seguros de Vida Cámara S.A. a Vivir Seguros Compañía de Seguros de Vida S.A.","MEDIANTE RESOLUCION SBS N 278-2021 (28/01/2021), SE AUTORIZO EL CAMBIO DE DENOMINACION SOCIAL DE COMPANIA DE SEGUROS DE VIDA CAMARA S.A. A VIVIR SEGUROS COMPANIA DE SEGUROS DE VIDA S.A.",,sbs_S-401_2021-09_2024200498D.xls
2021-10,P009,65,A,"Mediante Resolución SBS N° 8551-2012 (15/11/2012), se autorizó el cambio de denominación social de InVita Seguros de Vida S.A. a Seguros Sura.","MEDIANTE RESOLUCION SBS N 8551-2012 (15/11/2012), SE AUTORIZO EL CAMBIO DE DENOMINACION SOCIAL DE INVITA SEGUROS DE VIDA S.A. A SEGUROS SURA.",,sbs_S-401_2021-10_2024200498D.xls
2021-10,P009,66,A,"Mediante Resolución SBS N° 2748-2015 (21/05/2015), se autorizó el cambio de denominación social de Aseguradora Magallanes Perú S.A. a HDI Seguros S.A.","MEDIANTE RESOLUCION SBS N 2748-2015 (21/05/2015), SE AUTORIZO EL CAMBIO DE DENOMINACION SOCIAL DE ASEGURADORA MAGALLANES PERU S.A. A HDI SEGUROS S.A.",,sbs_S-401_2021-10_2024200498D.xls
2021-10,P009,67,A,"Mediante Resolución SBS N° 1137-2016 (02/03/2016), se autorizó el cambio de denominación social de Ace Seguros S.A. a Chubb Seguros Perú S.A.","MEDIANTE RESOLUCION SBS N 1137-2016 (02/03/2016), SE AUTORIZO EL CAMBIO DE DENOMINACION SOCIAL DE ACE SEGUROS S.A. A CHUBB SEGUROS PERU S.A.",,sbs_S-401_2021-10_2024200498D.xls
2021-10,P009,68,A,"Mediante Resolución SBS N° 4961-2016 (14/09/2016), se autorizó el cambio de denominación social de AVAL Perú Compañía de Seguros S.A. a AVLA Perú Compañía de Seguros S.A.","MEDIANTE RESOLUCION SBS N 4961-2016 (14/09/2016), SE AUTORIZO EL CAMBIO DE DENOMINACION SOCIAL DE AVAL PERU COMPANIA DE SEGUROS S.A. A AVLA PERU COMPANIA DE SEGUROS S.A.",,sbs_S-401_2021-10_2024200498D.xls
2021-10,P009,69,A,"Mediante Resolución SBS N° 2836-2017 (19/07/2017), se autorizó la fusión por absorción de El Pacífico Vida con El Pacífico Peruano Suiza. A partir del 01.08.2017 esta empresa se denomina Pacífico Compañía de Seguros y Reaseguros.","MEDIANTE RESOLUCION SBS N 2836-2017 (19/07/2017), SE AUTORIZO LA FUSION POR ABSORCION DE EL PACIFICO VIDA CON EL PACIFICO PERUANO SUIZA. A PARTIR DEL 01.08.2017 ESTA EMPRESA SE DENOMINA PACIFICO COMPANIA DE SEGUROS Y REASEGUROS.",,sbs_S-401_2021-10_2024200498D.xls
2021-10,P009,70,A,"Mediante Resolución SBS N° 1170-2018 (27/03/2018), se autorizó la fusión por absorción de Interseguro Compañía de Seguros con Seguros Sura.","MEDIANTE RESOLUCION SBS N 1170-2018 (27/03/2018), SE AUTORIZO LA FUSION POR ABSORCION DE INTERSEGURO COMPANIA DE SEGUROS CON SEGUROS SURA.",,sbs_S-401_2021-10_2024200498D.xls
2021-10,P009,71,A,"Mediante Resolución SBS N° 2296-2019 (22/05/2019), se autorizó el cambio de denominación social de HDI Seguros S.A. a Qualitas Compañía de Seguros S.A.","MEDIANTE RESOLUCION SBS N 2296-2019 (22/05/2019), SE AUTORIZO EL CAMBIO DE DENOMINACION SOCIAL DE HDI SEGUROS S.A. A QUALITAS COMPANIA DE SEGUROS S.A.",,sbs_S-401_2021-10_2024200498D.xls
2021-10,P009,72,A,"Mediante Resolución SBS Nº 1749-2020 (01/07/2020), se autorizó la liquidación voluntaria y posterior inicio del proceso liquidatorio de Rigel Perú S.A.","MEDIANTE RESOLUCION SBS NO 1749-2020 (01/07/2020), SE AUTORIZO LA LIQUIDACION VOLUNTARIA Y POSTERIOR INICIO DEL PROCESO LIQUIDATORIO DE RIGEL PERU S.A.",,sbs_S-401_2021-10_2024200498D.xls
2021-10,P009,73,A,"Mediante Resolución SBS Nº 3286-2020 (28/12/2020), se autorizó la liquidación voluntaria y posterior inicio del proceso liquidatorio de Coface Seguros.","MEDIANTE RESOLUCION SBS NO 3286-2020 (28/12/2020), SE AUTORIZO LA LIQUIDACION VOLUNTARIA Y POSTERIOR INICIO DEL PROCESO LIQUIDATORIO DE COFACE SEGUROS.",,sbs_S-401_2021-10_2024200498D.xls
2021-10,P009,74,A,"Mediante Resolución SBS N° 278-2021 (28/01/2021), se autorizó el cambio de denominación social de Compañía de Seguros de Vida Cámara S.A. a Vivir Seguros Compañía de Seguros de Vida S.A.","MEDIANTE RESOLUCION SBS N 278-2021 (28/01/2021), SE AUTORIZO EL CAMBIO DE DENOMINACION SOCIAL DE COMPANIA DE SEGUROS DE VIDA CAMARA S.A. A VIVIR SEGUROS COMPANIA DE SEGUROS DE VIDA S.A.",,sbs_S-401_2021-10_2024200498D.xls
2021-10,P010,65,A,"Mediante Resolución SBS N° 8551-2012 (15/11/2012), se autorizó el cambio de denominación social de InVita Seguros de Vida S.A. a Seguros Sura.","MEDIANTE RESOLUCION SBS N 8551-2012 (15/11/2012), SE AUTORIZO EL CAMBIO DE DENOMINACION SOCIAL DE INVITA SEGUROS DE VIDA S.A. A SEGUROS SURA.",,sbs_S-401_2021-10_2024200498D.xls
2021-10,P010,66,A,"Mediante Resolución SBS N° 2748-2015 (21/05/2015), se autorizó el cambio de denominación social de Aseguradora Magallanes Perú S.A. a HDI Seguros S.A.","MEDIANTE RESOLUCION SBS N 2748-2015 (21/05/2015), SE AUTORIZO EL CAMBIO DE DENOMINACION SOCIAL DE ASEGURADORA MAGALLANES PERU S.A. A HDI SEGUROS S.A.",,sbs_S-401_2021-10_2024200498D.xls
2021-10,P010,67,A,"Mediante Resolución SBS N° 1137-2016 (02/03/2016), se autorizó el cambio de denominación social de Ace Seguros S.A. a Chubb Seguros Perú S.A.","MEDIANTE RESOLUCION SBS N 1137-2016 (02/03/2016), SE AUTORIZO EL CAMBIO DE DENOMINACION SOCIAL DE ACE SEGUROS S.A. A CHUBB SEGUROS PERU S.A.",,sbs_S-401_2021-10_2024200498D.xls
2021-10,P010,68,A,"Mediante Resolución SBS N° 4961-2016 (14/09/2016), se autorizó el cambio de denominación social de AVAL Perú Compañía de Seguros S.A. a AVLA Perú Compañía de Seguros S.A.","MEDIANTE RESOLUCION SBS N 4961-2016 (14/09/2016), SE AUTORIZO EL CAMBIO DE DENOMINACION SOCIAL DE AVAL PERU COMPANIA DE SEGUROS S.A. A AVLA PERU COMPANIA DE SEGUROS S.A.",,sbs_S-401_2021-10_2024200498D.xls
2021-10,P010,69,A,"Mediante Resolución SBS N° 2836-2017 (19/07/2017), se autorizó la fusión por absorción de El Pacífico Vida con El Pacífico Peruano Suiza. A partir del 01.08.2017 esta empresa se denomina Pacífico Compañía de Seguros y Reaseguros.","MEDIANTE RESOLUCION SBS N 2836-2017 (19/07/2017), SE AUTORIZO LA FUSION POR ABSORCION DE EL PACIFICO VIDA CON EL PACIFICO PERUANO SUIZA. A PARTIR DEL 01.08.2017 ESTA EMPRESA SE DENOMINA PACIFICO COMPANIA DE SEGUROS Y REASEGUROS.",,sbs_S-401_2021-10_2024200498D.xls
2021-10,P010,70,A,"Mediante Resolución SBS N° 1170-2018 (27/03/2018), se autorizó la fusión por absorción de Interseguro Compañía de Seguros con Seguros Sura.","MEDIANTE RESOLUCION SBS N 1170-2018 (27/03/2018), SE AUTORIZO LA FUSION POR ABSORCION DE INTERSEGURO COMPANIA DE SEGUROS CON SEGUROS SURA.",,sbs_S-401_2021-10_2024200498D.xls
2021-10,P010,71,A,"Mediante Resolución SBS N° 2296-2019 (22/05/2019), se autorizó el cambio de denominación social de HDI Seguros S.A. a Qualitas Compañía de Seguros S.A.","MEDIANTE RESOLUCION SBS N 2296-2019 (22/05/2019), SE AUTORIZO EL CAMBIO DE DENOMINACION SOCIAL DE HDI SEGUROS S.A. A QUALITAS COMPANIA DE SEGUROS S.A.",,sbs_S-401_2021-10_2024200498D.xls
2021-10,P010,72,A,"Mediante Resolución SBS Nº 1749-2020 (01/07/2020), se autorizó la liquidación voluntaria y posterior inicio del proceso liquidatorio de Rigel Perú S.A.","MEDIANTE RESOLUCION SBS NO 1749-2020 (01/07/2020), SE AUTORIZO LA LIQUIDACION VOLUNTARIA Y POSTERIOR INICIO DEL PROCESO LIQUIDATORIO DE RIGEL PERU S.A.",,sbs_S-401_2021-10_2024200498D.xls
2021-10,P010,73,A,"Mediante Resolución SBS Nº 3286-2020 (28/12/2020), se autorizó la liquidación voluntaria y posterior inicio del proceso liquidatorio de Coface Seguros.","MEDIANTE RESOLUCION SBS NO 3286-2020 (28/12/2020), SE AUTORIZO LA LIQUIDACION VOLUNTARIA Y POSTERIOR INICIO DEL PROCESO LIQUIDATORIO DE COFACE SEGUROS.",,sbs_S-401_2021-10_2024200498D.xls
2021-10,P010,74,A,"Mediante Resolución SBS N° 278-2021 (28/01/2021), se autorizó el cambio de denominación social de Compañía de Seguros de Vida Cámara S.A. a Vivir Seguros Compañía de Seguros de Vida S.A.","MEDIANTE RESOLUCION SBS N 278-2021 (28/01/2021), SE AUTORIZO EL CAMBIO DE DENOMINACION SOCIAL DE COMPANIA DE SEGUROS DE VIDA CAMARA S.A. A VIVIR SEGUROS COMPANIA DE SEGUROS DE VIDA S.A.",,sbs_S-401_2021-10_2024200498D.xls
2021-11,P009,65,A,"Mediante Resolución SBS N° 8551-2012 (15/11/2012), se autorizó el cambio de denominación social de InVita Seguros de Vida S.A. a Seguros Sura.","MEDIANTE RESOLUCION SBS N 8551-2012 (15/11/2012), SE AUTORIZO EL CAMBIO DE DENOMINACION SOCIAL DE INVITA SEGUROS DE VIDA S.A. A SEGUROS SURA.",,sbs_S-401_2021-11_2024200498D.xls
2021-11,P009,66,A,"Mediante Resolución SBS N° 2748-2015 (21/05/2015), se autorizó el cambio de denominación social de Aseguradora Magallanes Perú S.A. a HDI Seguros S.A.","MEDIANTE RESOLUCION SBS N 2748-2015 (21/05/2015), SE AUTORIZO EL CAMBIO DE DENOMINACION SOCIAL DE ASEGURADORA MAGALLANES PERU S.A. A HDI SEGUROS S.A.",,sbs_S-401_2021-11_2024200498D.xls
2021-11,P009,67,A,"Mediante Resolución SBS N° 1137-2016 (02/03/2016), se autorizó el cambio de denominación social de Ace Seguros S.A. a Chubb Seguros Perú S.A.","MEDIANTE RESOLUCION SBS N 1137-2016 (02/03/2016), SE AUTORIZO EL CAMBIO DE DENOMINACION SOCIAL DE ACE SEGUROS S.A. A CHUBB SEGUROS PERU S.A.",,sbs_S-401_2021-11_2024200498D.xls
2021-11,P009,68,A,"Mediante Resolución SBS N° 4961-2016 (14/09/2016), se autorizó el cambio de denominación social de AVAL Perú Compañía de Seguros S.A. a AVLA Perú Compañía de Seguros S.A.","MEDIANTE RESOLUCION SBS N 4961-2016 (14/09/2016), SE AUTORIZO EL CAMBIO DE DENOMINACION SOCIAL DE AVAL PERU COMPANIA DE SEGUROS S.A. A AVLA PERU COMPANIA DE SEGUROS S.A.",,sbs_S-401_2021-11_2024200498D.xls
2021-11,P009,69,A,"Mediante Resolución SBS N° 2836-2017 (19/07/2017), se autorizó la fusión por absorción de El Pacífico Vida con El Pacífico Peruano Suiza. A partir del 01.08.2017 esta empresa se denomina Pacífico Compañía de Seguros y Reaseguros.","MEDIANTE RESOLUCION SBS N 2836-2017 (19/07/2017), SE AUTORIZO LA FUSION POR ABSORCION DE EL PACIFICO VIDA CON EL PACIFICO PERUANO SUIZA. A PARTIR DEL 01.08.2017 ESTA EMPRESA SE DENOMINA PACIFICO COMPANIA DE SEGUROS Y REASEGUROS.",,sbs_S-401_2021-11_2024200498D.xls
2021-11,P009,70,A,"Mediante Resolución SBS N° 1170-2018 (27/03/2018), se autorizó la fusión por absorción de Interseguro Compañía de Seguros con Seguros Sura.","MEDIANTE RESOLUCION SBS N 1170-2018 (27/03/2018), SE AUTORIZO LA FUSION POR ABSORCION DE INTERSEGURO COMPANIA DE SEGUROS CON SEGUROS SURA.",,sbs_S-401_2021-11_2024200498D.xls
2021-11,P009,71,A,"Mediante Resolución SBS N° 2296-2019 (22/05/2019), se autorizó el cambio de denominación social de HDI Seguros S.A. a Qualitas Compañía de Seguros S.A.","MEDIANTE RESOLUCION SBS N 2296-2019 (22/05/2019), SE AUTORIZO EL CAMBIO DE DENOMINACION SOCIAL DE HDI SEGUROS S.A. A QUALITAS COMPANIA DE SEGUROS S.A.",,sbs_S-401_2021-11_2024200498D.xls
2021-11,P009,72,A,"Mediante Resolución SBS Nº 1749-2020 (01/07/2020), se autorizó la liquidación voluntaria y posterior inicio del proceso liquidatorio de Rigel Perú S.A.","MEDIANTE RESOLUCION SBS NO 1749-2020 (01/07/2020), SE AUTORIZO LA LIQUIDACION VOLUNTARIA Y POSTERIOR INICIO DEL PROCESO LIQUIDATORIO DE RIGEL PERU S.A.",,sbs_S-401_2021-11_2024200498D.xls
2021-11,P009,73,A,"Mediante Resolución SBS Nº 3286-2020 (28/12/2020), se autorizó la liquidación voluntaria y posterior inicio del proceso liquidatorio de Coface Seguros.","MEDIANTE RESOLUCION SBS NO 3286-2020 (28/12/2020), SE AUTORIZO LA LIQUIDACION VOLUNTARIA Y POSTERIOR INICIO DEL PROCESO LIQUIDATORIO DE COFACE SEGUROS.",,sbs_S-401_2021-11_2024200498D.xls
2021-11,P009,74,A,"Mediante Resolución SBS N° 278-2021 (28/01/2021), se autorizó el cambio de denominación social de Compañía de Seguros de Vida Cámara S.A. a Vivir Seguros Compañía de Seguros de Vida S.A.","MEDIANTE RESOLUCION SBS N 278-2021 (28/01/2021), SE AUTORIZO EL CAMBIO DE DENOMINACION SOCIAL DE COMPANIA DE SEGUROS DE VIDA CAMARA S.A. A VIVIR SEGUROS COMPANIA DE SEGUROS DE VIDA S.A.",,sbs_S-401_2021-11_2024200498D.xls
2021-11,P010,65,A,"Mediante Resolución SBS N° 8551-2012 (15/11/2012), se autorizó el cambio de denominación social de InVita Seguros de Vida S.A. a Seguros Sura.","MEDIANTE RESOLUCION SBS N 8551-2012 (15/11/2012), SE AUTORIZO EL CAMBIO DE DENOMINACION SOCIAL DE INVITA SEGUROS DE VIDA S.A. A SEGUROS SURA.",,sbs_S-401_2021-11_2024200498D.xls
2021-11,P010,66,A,"Mediante Resolución SBS N° 2748-2015 (21/05/2015), se autorizó el cambio de denominación social de Aseguradora Magallanes Perú S.A. a HDI Seguros S.A.","MEDIANTE RESOLUCION SBS N 2748-2015 (21/05/2015), SE AUTORIZO EL CAMBIO DE DENOMINACION SOCIAL DE ASEGURADORA MAGALLANES PERU S.A. A HDI SEGUROS S.A.",,sbs_S-401_2021-11_2024200498D.xls
2021-11,P010,67,A,"Mediante Resolución SBS N° 1137-2016 (02/03/2016), se autorizó el cambio de denominación social de Ace Seguros S.A. a Chubb Seguros Perú S.A.","MEDIANTE RESOLUCION SBS N 1137-2016 (02/03/2016), SE AUTORIZO EL CAMBIO DE DENOMINACION SOCIAL DE ACE SEGUROS S.A. A CHUBB SEGUROS PERU S.A.",,sbs_S-401_2021-11_2024200498D.xls
2021-11,P010,68,A,"Mediante Resolución SBS N° 4961-2016 (14/09/2016), se autorizó el cambio de denominación social de AVAL Perú Compañía de Seguros S.A. a AVLA Perú Compañía de Seguros S.A.","MEDIANTE RESOLUCION SBS N 4961-2016 (14/09/2016), SE AUTORIZO EL CAMBIO DE DENOMINACION SOCIAL DE AVAL PERU COMPANIA DE SEGUROS S.A. A AVLA PERU COMPANIA DE SEGUROS S.A.",,sbs_S-401_2021-11_2024200498D.xls
2021-11,P010,69,A,"Mediante Resolución SBS N° 2836-2017 (19/07/2017), se autorizó la fusión por absorción de El Pacífico Vida con El Pacífico Peruano Suiza. A partir del 01.08.2017 esta empresa se denomina Pacífico Compañía de Seguros y Reaseguros.","MEDIANTE RESOLUCION SBS N 2836-2017 (19/07/2017), SE AUTORIZO LA FUSION POR ABSORCION DE EL PACIFICO VIDA CON EL PACIFICO PERUANO SUIZA. A PARTIR DEL 01.08.2017 ESTA EMPRESA SE DENOMINA PACIFICO COMPANIA DE SEGUROS Y REASEGUROS.",,sbs_S-401_2021-11_2024200498D.xls
2021-11,P010,70,A,"Mediante Resolución SBS N° 1170-2018 (27/03/2018), se autorizó la fusión por absorción de Interseguro Compañía de Seguros con Seguros Sura.","MEDIANTE RESOLUCION SBS N 1170-2018 (27/03/2018), SE AUTORIZO LA FUSION POR ABSORCION DE INTERSEGURO COMPANIA DE SEGUROS CON SEGUROS SURA.",,sbs_S-401_2021-11_2024200498D.xls
2021-11,P010,71,A,"Mediante Resolución SBS N° 2296-2019 (22/05/2019), se autorizó el cambio de denominación social de HDI Seguros S.A. a Qualitas Compañía de Seguros S.A.","MEDIANTE RESOLUCION SBS N 2296-2019 (22/05/2019), SE AUTORIZO EL CAMBIO DE DENOMINACION SOCIAL DE HDI SEGUROS S.A. A QUALITAS COMPANIA DE SEGUROS S.A.",,sbs_S-401_2021-11_2024200498D.xls
2021-11,P010,72,A,"Mediante Resolución SBS Nº 1749-2020 (01/07/2020), se autorizó la liquidación voluntaria y posterior inicio del proceso liquidatorio de Rigel Perú S.A.","MEDIANTE RESOLUCION SBS NO 1749-2020 (01/07/2020), SE AUTORIZO LA LIQUIDACION VOLUNTARIA Y POSTERIOR INICIO DEL PROCESO LIQUIDATORIO DE RIGEL PERU S.A.",,sbs_S-401_2021-11_2024200498D.xls
2021-11,P010,73,A,"Mediante Resolución SBS Nº 3286-2020 (28/12/2020), se autorizó la liquidación voluntaria y posterior inicio del proceso liquidatorio de Coface Seguros.","MEDIANTE RESOLUCION SBS NO 3286-2020 (28/12/2020), SE AUTORIZO LA LIQUIDACION VOLUNTARIA Y POSTERIOR INICIO DEL PROCESO LIQUIDATORIO DE COFACE SEGUROS.",,sbs_S-401_2021-11_2024200498D.xls
2021-11,P010,74,A,"Mediante Resolución SBS N° 278-2021 (28/01/2021), se autorizó el cambio de denominación social de Compañía de Seguros de Vida Cámara S.A. a Vivir Seguros Compañía de Seguros de Vida S.A.","MEDIANTE RESOLUCION SBS N 278-2021 (28/01/2021), SE AUTORIZO EL CAMBIO DE DENOMINACION SOCIAL DE COMPANIA DE SEGUROS DE VIDA CAMARA S.A. A VIVIR SEGUROS COMPANIA DE SEGUROS DE VIDA S.A.",,sbs_S-401_2021-11_2024200498D.xls
2021-12,P009,65,A,"Mediante Resolución SBS N° 8551-2012 (15/11/2012), se autorizó el cambio de denominación social de InVita Seguros de Vida S.A. a Seguros Sura.","MEDIANTE RESOLUCION SBS N 8551-2012 (15/11/2012), SE AUTORIZO EL CAMBIO DE DENOMINACION SOCIAL DE INVITA SEGUROS DE VIDA S.A. A SEGUROS SURA.",,sbs_S-401_2021-12_2024200498D.xls
2021-12,P009,66,A,"Mediante Resolución SBS N° 2748-2015 (21/05/2015), se autorizó el cambio de denominación social de Aseguradora Magallanes Perú S.A. a HDI Seguros S.A.","MEDIANTE RESOLUCION SBS N 2748-2015 (21/05/2015), SE AUTORIZO EL CAMBIO DE DENOMINACION SOCIAL DE ASEGURADORA MAGALLANES PERU S.A. A HDI SEGUROS S.A.",,sbs_S-401_2021-12_2024200498D.xls
2021-12,P009,67,A,"Mediante Resolución SBS N° 1137-2016 (02/03/2016), se autorizó el cambio de denominación social de Ace Seguros S.A. a Chubb Seguros Perú S.A.","MEDIANTE RESOLUCION SBS N 1137-2016 (02/03/2016), SE AUTORIZO EL CAMBIO DE DENOMINACION SOCIAL DE ACE SEGUROS S.A. A CHUBB SEGUROS PERU S.A.",,sbs_S-401_2021-12_2024200498D.xls
2021-12,P009,68,A,"Mediante Resolución SBS N° 4961-2016 (14/09/2016), se autorizó el cambio de denominación social de AVAL Perú Compañía de Seguros S.A. a AVLA Perú Compañía de Seguros S.A.","MEDIANTE RESOLUCION SBS N 4961-2016 (14/09/2016), SE AUTORIZO EL CAMBIO DE DENOMINACION SOCIAL DE AVAL PERU COMPANIA DE SEGUROS S.A. A AVLA PERU COMPANIA DE SEGUROS S.A.",,sbs_S-401_2021-12_2024200498D.xls
2021-12,P009,69,A,"Mediante Resolución SBS N° 2836-2017 (19/07/2017), se autorizó la fusión por absorción de El Pacífico Vida con El Pacífico Peruano Suiza. A partir del 01.08.2017 esta empresa se denomina Pacífico Compañía de Seguros y Reaseguros.","MEDIANTE RESOLUCION SBS N 2836-2017 (19/07/2017), SE AUTORIZO LA FUSION POR ABSORCION DE EL PACIFICO VIDA CON EL PACIFICO PERUANO SUIZA. A PARTIR DEL 01.08.2017 ESTA EMPRESA SE DENOMINA PACIFICO COMPANIA DE SEGUROS Y REASEGUROS.",,sbs_S-401_2021-12_2024200498D.xls
2021-12,P009,70,A,"Mediante Resolución SBS N° 1170-2018 (27/03/2018), se autorizó la fusión por absorción de Interseguro Compañía de Seguros con Seguros Sura.","MEDIANTE RESOLUCION SBS N 1170-2018 (27/03/2018), SE AUTORIZO LA FUSION POR ABSORCION DE INTERSEGURO COMPANIA DE SEGUROS CON SEGUROS SURA.",,sbs_S-401_2021-12_2024200498D.xls
2021-12,P009,71,A,"Mediante Resolución SBS N° 2296-2019 (22/05/2019), se autorizó el cambio de denominación social de HDI Seguros S.A. a Qualitas Compañía de Seguros S.A.","MEDIANTE RESOLUCION SBS N 2296-2019 (22/05/2019), SE AUTORIZO EL CAMBIO DE DENOMINACION SOCIAL DE HDI SEGUROS S.A. A QUALITAS COMPANIA DE SEGUROS S.A.",,sbs_S-401_2021-12_2024200498D.xls
2021-12,P009,72,A,"Mediante Resolución SBS Nº 1749-2020 (01/07/2020), se autorizó la liquidación voluntaria y posterior inicio del proceso liquidatorio de Rigel Perú S.A.","MEDIANTE RESOLUCION SBS NO 1749-2020 (01/07/2020), SE AUTORIZO LA LIQUIDACION VOLUNTARIA Y POSTERIOR INICIO DEL PROCESO LIQUIDATORIO DE RIGEL PERU S.A.",,sbs_S-401_2021-12_2024200498D.xls
2021-12,P009,73,A,"Mediante Resolución SBS Nº 3286-2020 (28/12/2020), se autorizó la liquidación voluntaria y posterior inicio del proceso liquidatorio de Coface Seguros.","MEDIANTE RESOLUCION SBS NO 3286-2020 (28/12/2020), SE AUTORIZO LA LIQUIDACION VOLUNTARIA Y POSTERIOR INICIO DEL PROCESO LIQUIDATORIO DE COFACE SEGUROS.",,sbs_S-401_2021-12_2024200498D.xls
2021-12,P009,74,A,"Mediante Resolución SBS N° 278-2021 (28/01/2021), se autorizó el cambio de denominación social de Compañía de Seguros de Vida Cámara S.A. a Vivir Seguros Compañía de Seguros de Vida S.A.","MEDIANTE RESOLUCION SBS N 278-2021 (28/01/2021), SE AUTORIZO EL CAMBIO DE DENOMINACION SOCIAL DE COMPANIA DE SEGUROS DE VIDA CAMARA S.A. A VIVIR SEGUROS COMPANIA DE SEGUROS DE VIDA S.A.",,sbs_S-401_2021-12_2024200498D.xls
2021-12,P009,75,A,*Actualizado al 01/09/2022,*ACTUALIZADO AL 01/09/2022,,sbs_S-401_2021-12_2024200498D.xls
2021-12,P010,65,A,"Mediante Resolución SBS N° 8551-2012 (15/11/2012), se autorizó el cambio de denominación social de InVita Seguros de Vida S.A. a Seguros Sura.","MEDIANTE RESOLUCION SBS N 8551-2012 (15/11/2012), SE AUTORIZO EL CAMBIO DE DENOMINACION SOCIAL DE INVITA SEGUROS DE VIDA S.A. A SEGUROS SURA.",,sbs_S-401_2021-12_2024200498D.xls
2021-12,P010,66,A,"Mediante Resolución SBS N° 2748-2015 (21/05/2015), se autorizó el cambio de denominación social de Aseguradora Magallanes Perú S.A. a HDI Seguros S.A.","MEDIANTE RESOLUCION SBS N 2748-2015 (21/05/2015), SE AUTORIZO EL CAMBIO DE DENOMINACION SOCIAL DE ASEGURADORA MAGALLANES PERU S.A. A HDI SEGUROS S.A.",,sbs_S-401_2021-12_2024200498D.xls
2021-12,P010,67,A,"Mediante Resolución SBS N° 1137-2016 (02/03/2016), se autorizó el cambio de denominación social de Ace Seguros S.A. a Chubb Seguros Perú S.A.","MEDIANTE RESOLUCION SBS N 1137-2016 (02/03/2016), SE AUTORIZO EL CAMBIO DE DENOMINACION SOCIAL DE ACE SEGUROS S.A. A CHUBB SEGUROS PERU S.A.",,sbs_S-401_2021-12_2024200498D.xls
2021-12,P010,68,A,"Mediante Resolución SBS N° 4961-2016 (14/09/2016), se autorizó el cambio de denominación social de AVAL Perú Compañía de Seguros S.A. a AVLA Perú Compañía de Seguros S.A.","MEDIANTE RESOLUCION SBS N 4961-2016 (14/09/2016), SE AUTORIZO EL CAMBIO DE DENOMINACION SOCIAL DE AVAL PERU COMPANIA DE SEGUROS S.A. A AVLA PERU COMPANIA DE SEGUROS S.A.",,sbs_S-401_2021-12_2024200498D.xls
2021-12,P010,69,A,"Mediante Resolución SBS N° 2836-2017 (19/07/2017), se autorizó la fusión por absorción de El Pacífico Vida con El Pacífico Peruano Suiza. A partir del 01.08.2017 esta empresa se denomina Pacífico Compañía de Seguros y Reaseguros.","MEDIANTE RESOLUCION SBS N 2836-2017 (19/07/2017), SE AUTORIZO LA FUSION POR ABSORCION DE EL PACIFICO VIDA CON EL PACIFICO PERUANO SUIZA. A PARTIR DEL 01.08.2017 ESTA EMPRESA SE DENOMINA PACIFICO COMPANIA DE SEGUROS Y REASEGUROS.",,sbs_S-401_2021-12_2024200498D.xls
2021-12,P010,70,A,"Mediante Resolución SBS N° 1170-2018 (27/03/2018), se autorizó la fusión por absorción de Interseguro Compañía de Seguros con Seguros Sura.","MEDIANTE RESOLUCION SBS N 1170-2018 (27/03/2018), SE AUTORIZO LA FUSION POR ABSORCION DE INTERSEGURO COMPANIA DE SEGUROS CON SEGUROS SURA.",,sbs_S-401_2021-12_2024200498D.xls
2021-12,P010,71,A,"Mediante Resolución SBS N° 2296-2019 (22/05/2019), se autorizó el cambio de denominación social de HDI Seguros S.A. a Qualitas Compañía de Seguros S.A.","MEDIANTE RESOLUCION SBS N 2296-2019 (22/05/2019), SE AUTORIZO EL CAMBIO DE DENOMINACION SOCIAL DE HDI SEGUROS S.A. A QUALITAS COMPANIA DE SEGUROS S.A.",,sbs_S-401_2021-12_2024200498D.xls
2021-12,P010,72,A,"Mediante Resolución SBS Nº 1749-2020 (01/07/2020), se autorizó la liquidación voluntaria y posterior inicio del proceso liquidatorio de Rigel Perú S.A.","MEDIANTE RESOLUCION SBS NO 1749-2020 (01/07/2020), SE AUTORIZO LA LIQUIDACION VOLUNTARIA Y POSTERIOR INICIO DEL PROCESO LIQUIDATORIO DE RIGEL PERU S.A.",,sbs_S-401_2021-12_2024200498D.xls
2021-12,P010,73,A,"Mediante Resolución SBS Nº 3286-2020 (28/12/2020), se autorizó la liquidación voluntaria y posterior inicio del proceso liquidatorio de Coface Seguros.","MEDIANTE RESOLUCION SBS NO 3286-2020 (28/12/2020), SE AUTORIZO LA LIQUIDACION VOLUNTARIA Y POSTERIOR INICIO DEL PROCESO LIQUIDATORIO DE COFACE SEGUROS.",,sbs_S-401_2021-12_2024200498D.xls
2021-12,P010,74,A,"Mediante Resolución SBS N° 278-2021 (28/01/2021), se autorizó el cambio de denominación social de Compañía de Seguros de Vida Cámara S.A. a Vivir Seguros Compañía de Seguros de Vida S.A.","MEDIANTE RESOLUCION SBS N 278-2021 (28/01/2021), SE AUTORIZO EL CAMBIO DE DENOMINACION SOCIAL DE COMPANIA DE SEGUROS DE VIDA CAMARA S.A. A VIVIR SEGUROS COMPANIA DE SEGUROS DE VIDA S.A.",,sbs_S-401_2021-12_2024200498D.xls
2021-12,P010,75,A,*Actualizado al 01/09/2022,*ACTUALIZADO AL 01/09/2022,,sbs_S-401_2021-12_2024200498D.xls
2022-01,P009,65,A,"Mediante Resolución SBS N° 8551-2012 (15/11/2012), se autorizó el cambio de denominación social de InVita Seguros de Vida S.A. a Seguros Sura.","MEDIANTE RESOLUCION SBS N 8551-2012 (15/11/2012), SE AUTORIZO EL CAMBIO DE DENOMINACION SOCIAL DE INVITA SEGUROS DE VIDA S.A. A SEGUROS SURA.",,sbs_S-401_2022-01_2024200498D.xls
2022-01,P009,66,A,"Mediante Resolución SBS N° 2748-2015 (21/05/2015), se autorizó el cambio de denominación social de Aseguradora Magallanes Perú S.A. a HDI Seguros S.A.","MEDIANTE RESOLUCION SBS N 2748-2015 (21/05/2015), SE AUTORIZO EL CAMBIO DE DENOMINACION SOCIAL DE ASEGURADORA MAGALLANES PERU S.A. A HDI SEGUROS S.A.",,sbs_S-401_2022-01_2024200498D.xls
2022-01,P009,67,A,"Mediante Resolución SBS N° 1137-2016 (02/03/2016), se autorizó el cambio de denominación social de Ace Seguros S.A. a Chubb Seguros Perú S.A.","MEDIANTE RESOLUCION SBS N 1137-2016 (02/03/2016), SE AUTORIZO EL CAMBIO DE DENOMINACION SOCIAL DE ACE SEGUROS S.A. A CHUBB SEGUROS PERU S.A.",,sbs_S-401_2022-01_2024200498D.xls
2022-01,P009,68,A,"Mediante Resolución SBS N° 4961-2016 (14/09/2016), se autorizó el cambio de denominación social de AVAL Perú Compañía de Seguros S.A. a AVLA Perú Compañía de Seguros S.A.","MEDIANTE RESOLUCION SBS N 4961-2016 (14/09/2016), SE AUTORIZO EL CAMBIO DE DENOMINACION SOCIAL DE AVAL PERU COMPANIA DE SEGUROS S.A. A AVLA PERU COMPANIA DE SEGUROS S.A.",,sbs_S-401_2022-01_2024200498D.xls
2022-01,P009,69,A,"Mediante Resolución SBS N° 2836-2017 (19/07/2017), se autorizó la fusión por absorción de El Pacífico Vida con El Pacífico Peruano Suiza. A partir del 01.08.2017 esta empresa se denomina Pacífico Compañía de Seguros y Reaseguros.","MEDIANTE RESOLUCION SBS N 2836-2017 (19/07/2017), SE AUTORIZO LA FUSION POR ABSORCION DE EL PACIFICO VIDA CON EL PACIFICO PERUANO SUIZA. A PARTIR DEL 01.08.2017 ESTA EMPRESA SE DENOMINA PACIFICO COMPANIA DE SEGUROS Y REASEGUROS.",,sbs_S-401_2022-01_2024200498D.xls
2022-01,P009,70,A,"Mediante Resolución SBS N° 1170-2018 (27/03/2018), se autorizó la fusión por absorción de Interseguro Compañía de Seguros con Seguros Sura.","MEDIANTE RESOLUCION SBS N 1170-2018 (27/03/2018), SE AUTORIZO LA FUSION POR ABSORCION DE INTERSEGURO COMPANIA DE SEGUROS CON SEGUROS SURA.",,sbs_S-401_2022-01_2024200498D.xls
2022-01,P009,71,A,"Mediante Resolución SBS N° 2296-2019 (22/05/2019), se autorizó el cambio de denominación social de HDI Seguros S.A. a Qualitas Compañía de Seguros S.A.","MEDIANTE RESOLUCION SBS N 2296-2019 (22/05/2019), SE AUTORIZO EL CAMBIO DE DENOMINACION SOCIAL DE HDI SEGUROS S.A. A QUALITAS COMPANIA DE SEGUROS S.A.",,sbs_S-401_2022-01_2024200498D.xls
2022-01,P009,72,A,"Mediante Resolución SBS Nº 1749-2020 (01/07/2020), se autorizó la liquidación voluntaria y posterior inicio del proceso liquidatorio de Rigel Perú S.A.","MEDIANTE RESOLUCION SBS NO 1749-2020 (01/07/2020), SE AUTORIZO LA LIQUIDACION VOLUNTARIA Y POSTERIOR INICIO DEL PROCESO LIQUIDATORIO DE RIGEL PERU S.A.",,sbs_S-401_2022-01_2024200498D.xls
2022-01,P009,73,A,"Mediante Resolución SBS Nº 3286-2020 (28/12/2020), se autorizó la liquidación voluntaria y posterior inicio del proceso liquidatorio de Coface Seguros.","MEDIANTE RESOLUCION SBS NO 3286-2020 (28/12/2020), SE AUTORIZO LA LIQUIDACION VOLUNTARIA Y POSTERIOR INICIO DEL PROCESO LIQUIDATORIO DE COFACE SEGUROS.",,sbs_S-401_2022-01_2024200498D.xls
2022-01,P009,74,A,"Mediante Resolución SBS N° 278-2021 (28/01/2021), se autorizó el cambio de denominación social de Compañía de Seguros de Vida Cámara S.A. a Vivir Seguros Compañía de Seguros de Vida S.A.","MEDIANTE RESOLUCION SBS N 278-2021 (28/01/2021), SE AUTORIZO EL CAMBIO DE DENOMINACION SOCIAL DE COMPANIA DE SEGUROS DE VIDA CAMARA S.A. A VIVIR SEGUROS COMPANIA DE SEGUROS DE VIDA S.A.",,sbs_S-401_2022-01_2024200498D.xls
2022-01,P009,75,A,*Actualizado al 24/03/2022,*ACTUALIZADO AL 24/03/2022,,sbs_S-401_2022-01_2024200498D.xls
2022-01,P010,65,A,"Mediante Resolución SBS N° 8551-2012 (15/11/2012), se autorizó el cambio de denominación social de InVita Seguros de Vida S.A. a Seguros Sura.","MEDIANTE RESOLUCION SBS N 8551-2012 (15/11/2012), SE AUTORIZO EL CAMBIO DE DENOMINACION SOCIAL DE INVITA SEGUROS DE VIDA S.A. A SEGUROS SURA.",,sbs_S-401_2022-01_2024200498D.xls
2022-01,P010,66,A,"Mediante Resolución SBS N° 2748-2015 (21/05/2015), se autorizó el cambio de denominación social de Aseguradora Magallanes Perú S.A. a HDI Seguros S.A.","MEDIANTE RESOLUCION SBS N 2748-2015 (21/05/2015), SE AUTORIZO EL CAMBIO DE DENOMINACION SOCIAL DE ASEGURADORA MAGALLANES PERU S.A. A HDI SEGUROS S.A.",,sbs_S-401_2022-01_2024200498D.xls
2022-01,P010,67,A,"Mediante Resolución SBS N° 1137-2016 (02/03/2016), se autorizó el cambio de denominación social de Ace Seguros S.A. a Chubb Seguros Perú S.A.","MEDIANTE RESOLUCION SBS N 1137-2016 (02/03/2016), SE AUTORIZO EL CAMBIO DE DENOMINACION SOCIAL DE ACE SEGUROS S.A. A CHUBB SEGUROS PERU S.A.",,sbs_S-401_2022-01_2024200498D.xls
2022-01,P010,68,A,"Mediante Resolución SBS N° 4961-2016 (14/09/2016), se autorizó el cambio de denominación social de AVAL Perú Compañía de Seguros S.A. a AVLA Perú Compañía de Seguros S.A.","MEDIANTE RESOLUCION SBS N 4961-2016 (14/09/2016), SE AUTORIZO EL CAMBIO DE DENOMINACION SOCIAL DE AVAL PERU COMPANIA DE SEGUROS S.A. A AVLA PERU COMPANIA DE SEGUROS S.A.",,sbs_S-401_2022-01_2024200498D.xls
2022-01,P010,69,A,"Mediante Resolución SBS N° 2836-2017 (19/07/2017), se autorizó la fusión por absorción de El Pacífico Vida con El Pacífico Peruano Suiza. A partir del 01.08.2017 esta empresa se denomina Pacífico Compañía de Seguros y Reaseguros.","MEDIANTE RESOLUCION SBS N 2836-2017 (19/07/2017), SE AUTORIZO LA FUSION POR ABSORCION DE EL PACIFICO VIDA CON EL PACIFICO PERUANO SUIZA. A PARTIR DEL 01.08.2017 ESTA EMPRESA SE DENOMINA PACIFICO COMPANIA DE SEGUROS Y REASEGUROS.",,sbs_S-401_2022-01_2024200498D.xls
2022-01,P010,70,A,"Mediante Resolución SBS N° 1170-2018 (27/03/2018), se autorizó la fusión por absorción de Interseguro Compañía de Seguros con Seguros Sura.","MEDIANTE RESOLUCION SBS N 1170-2018 (27/03/2018), SE AUTORIZO LA FUSION POR ABSORCION DE INTERSEGURO COMPANIA DE SEGUROS CON SEGUROS SURA.",,sbs_S-401_2022-01_2024200498D.xls
2022-01,P010,71,A,"Mediante Resolución SBS N° 2296-2019 (22/05/2019), se autorizó el cambio de denominación social de HDI Seguros S.A. a Qualitas Compañía de Seguros S.A.","MEDIANTE RESOLUCION SBS N 2296-2019 (22/05/2019), SE AUTORIZO EL CAMBIO DE DENOMINACION SOCIAL DE HDI SEGUROS S.A. A QUALITAS COMPANIA DE SEGUROS S.A.",,sbs_S-401_2022-01_2024200498D.xls
2022-01,P010,72,A,"Mediante Resolución SBS Nº 1749-2020 (01/07/2020), se autorizó la liquidación voluntaria y posterior inicio del proceso liquidatorio de Rigel Perú S.A.","MEDIANTE RESOLUCION SBS NO 1749-2020 (01/07/2020), SE AUTORIZO LA LIQUIDACION VOLUNTARIA Y POSTERIOR INICIO DEL PROCESO LIQUIDATORIO DE RIGEL PERU S.A.",,sbs_S-401_2022-01_2024200498D.xls
2022-01,P010,73,A,"Mediante Resolución SBS Nº 3286-2020 (28/12/2020), se autorizó la liquidación voluntaria y posterior inicio del proceso liquidatorio de Coface Seguros.","MEDIANTE RESOLUCION SBS NO 3286-2020 (28/12/2020), SE AUTORIZO LA LIQUIDACION VOLUNTARIA Y POSTERIOR INICIO DEL PROCESO LIQUIDATORIO DE COFACE SEGUROS.",,sbs_S-401_2022-01_2024200498D.xls
2022-01,P010,74,A,"Mediante Resolución SBS N° 278-2021 (28/01/2021), se autorizó el cambio de denominación social de Compañía de Seguros de Vida Cámara S.A. a Vivir Seguros Compañía de Seguros de Vida S.A.","MEDIANTE RESOLUCION SBS N 278-2021 (28/01/2021), SE AUTORIZO EL CAMBIO DE DENOMINACION SOCIAL DE COMPANIA DE SEGUROS DE VIDA CAMARA S.A. A VIVIR SEGUROS COMPANIA DE SEGUROS DE VIDA S.A.",,sbs_S-401_2022-01_2024200498D.xls
2022-01,P010,75,A,*Actualizado al 24/03/2022,*ACTUALIZADO AL 24/03/2022,,sbs_S-401_2022-01_2024200498D.xls
2022-02,P009,65,A,"Mediante Resolución SBS N° 8551-2012 (15/11/2012), se autorizó el cambio de denominación social de InVita Seguros de Vida S.A. a Seguros Sura.","MEDIANTE RESOLUCION SBS N 8551-2012 (15/11/2012), SE AUTORIZO EL CAMBIO DE DENOMINACION SOCIAL DE INVITA SEGUROS DE VIDA S.A. A SEGUROS SURA.",,sbs_S-401_2022-02_2024200498D.xls
2022-02,P009,66,A,"Mediante Resolución SBS N° 2748-2015 (21/05/2015), se autorizó el cambio de denominación social de Aseguradora Magallanes Perú S.A. a HDI Seguros S.A.","MEDIANTE RESOLUCION SBS N 2748-2015 (21/05/2015), SE AUTORIZO EL CAMBIO DE DENOMINACION SOCIAL DE ASEGURADORA MAGALLANES PERU S.A. A HDI SEGUROS S.A.",,sbs_S-401_2022-02_2024200498D.xls
2022-02,P009,67,A,"Mediante Resolución SBS N° 1137-2016 (02/03/2016), se autorizó el cambio de denominación social de Ace Seguros S.A. a Chubb Seguros Perú S.A.","MEDIANTE RESOLUCION SBS N 1137-2016 (02/03/2016), SE AUTORIZO EL CAMBIO DE DENOMINACION SOCIAL DE ACE SEGUROS S.A. A CHUBB SEGUROS PERU S.A.",,sbs_S-401_2022-02_2024200498D.xls
2022-02,P009,68,A,"Mediante Resolución SBS N° 4961-2016 (14/09/2016), se autorizó el cambio de denominación social de AVAL Perú Compañía de Seguros S.A. a AVLA Perú Compañía de Seguros S.A.","MEDIANTE RESOLUCION SBS N 4961-2016 (14/09/2016), SE AUTORIZO EL CAMBIO DE DENOMINACION SOCIAL DE AVAL PERU COMPANIA DE SEGUROS S.A. A AVLA PERU COMPANIA DE SEGUROS S.A.",,sbs_S-401_2022-02_2024200498D.xls
2022-02,P009,69,A,"Mediante Resolución SBS N° 2836-2017 (19/07/2017), se autorizó la fusión por absorción de El Pacífico Vida con El Pacífico Peruano Suiza. A partir del 01.08.2017 esta empresa se denomina Pacífico Compañía de Seguros y Reaseguros.","MEDIANTE RESOLUCION SBS N 2836-2017 (19/07/2017), SE AUTORIZO LA FUSION POR ABSORCION DE EL PACIFICO VIDA CON EL PACIFICO PERUANO SUIZA. A PARTIR DEL 01.08.2017 ESTA EMPRESA SE DENOMINA PACIFICO COMPANIA DE SEGUROS Y REASEGUROS.",,sbs_S-401_2022-02_2024200498D.xls
2022-02,P009,70,A,"Mediante Resolución SBS N° 1170-2018 (27/03/2018), se autorizó la fusión por absorción de Interseguro Compañía de Seguros con Seguros Sura.","MEDIANTE RESOLUCION SBS N 1170-2018 (27/03/2018), SE AUTORIZO LA FUSION POR ABSORCION DE INTERSEGURO COMPANIA DE SEGUROS CON SEGUROS SURA.",,sbs_S-401_2022-02_2024200498D.xls
2022-02,P009,71,A,"Mediante Resolución SBS N° 2296-2019 (22/05/2019), se autorizó el cambio de denominación social de HDI Seguros S.A. a Qualitas Compañía de Seguros S.A.","MEDIANTE RESOLUCION SBS N 2296-2019 (22/05/2019), SE AUTORIZO EL CAMBIO DE DENOMINACION SOCIAL DE HDI SEGUROS S.A. A QUALITAS COMPANIA DE SEGUROS S.A.",,sbs_S-401_2022-02_2024200498D.xls
2022-02,P009,72,A,"Mediante Resolución SBS Nº 1749-2020 (01/07/2020), se autorizó la liquidación voluntaria y posterior inicio del proceso liquidatorio de Rigel Perú S.A.","MEDIANTE RESOLUCION SBS NO 1749-2020 (01/07/2020), SE AUTORIZO LA LIQUIDACION VOLUNTARIA Y POSTERIOR INICIO DEL PROCESO LIQUIDATORIO DE RIGEL PERU S.A.",,sbs_S-401_2022-02_2024200498D.xls
2022-02,P009,73,A,"Mediante Resolución SBS Nº 3286-2020 (28/12/2020), se autorizó la liquidación voluntaria y posterior inicio del proceso liquidatorio de Coface Seguros.","MEDIANTE RESOLUCION SBS NO 3286-2020 (28/12/2020), SE AUTORIZO LA LIQUIDACION VOLUNTARIA Y POSTERIOR INICIO DEL PROCESO LIQUIDATORIO DE COFACE SEGUROS.",,sbs_S-401_2022-02_2024200498D.xls
2022-02,P009,74,A,"Mediante Resolución SBS N° 278-2021 (28/01/2021), se autorizó el cambio de denominación social de Compañía de Seguros de Vida Cámara S.A. a Vivir Seguros Compañía de Seguros de Vida S.A.","MEDIANTE RESOLUCION SBS N 278-2021 (28/01/2021), SE AUTORIZO EL CAMBIO DE DENOMINACION SOCIAL DE COMPANIA DE SEGUROS DE VIDA CAMARA S.A. A VIVIR SEGUROS COMPANIA DE SEGUROS DE VIDA S.A.",,sbs_S-401_2022-02_2024200498D.xls
2022-02,P010,65,A,"Mediante Resolución SBS N° 8551-2012 (15/11/2012), se autorizó el cambio de denominación social de InVita Seguros de Vida S.A. a Seguros Sura.","MEDIANTE RESOLUCION SBS N 8551-2012 (15/11/2012), SE AUTORIZO EL CAMBIO DE DENOMINACION SOCIAL DE INVITA SEGUROS DE VIDA S.A. A SEGUROS SURA.",,sbs_S-401_2022-02_2024200498D.xls
2022-02,P010,66,A,"Mediante Resolución SBS N° 2748-2015 (21/05/2015), se autorizó el cambio de denominación social de Aseguradora Magallanes Perú S.A. a HDI Seguros S.A.","MEDIANTE RESOLUCION SBS N 2748-2015 (21/05/2015), SE AUTORIZO EL CAMBIO DE DENOMINACION SOCIAL DE ASEGURADORA MAGALLANES PERU S.A. A HDI SEGUROS S.A.",,sbs_S-401_2022-02_2024200498D.xls
2022-02,P010,67,A,"Mediante Resolución SBS N° 1137-2016 (02/03/2016), se autorizó el cambio de denominación social de Ace Seguros S.A. a Chubb Seguros Perú S.A.","MEDIANTE RESOLUCION SBS N 1137-2016 (02/03/2016), SE AUTORIZO EL CAMBIO DE DENOMINACION SOCIAL DE ACE SEGUROS S.A. A CHUBB SEGUROS PERU S.A.",,sbs_S-401_2022-02_2024200498D.xls
2022-02,P010,68,A,"Mediante Resolución SBS N° 4961-2016 (14/09/2016), se autorizó el cambio de denominación social de AVAL Perú Compañía de Seguros S.A. a AVLA Perú Compañía de Seguros S.A.","MEDIANTE RESOLUCION SBS N 4961-2016 (14/09/2016), SE AUTORIZO EL CAMBIO DE DENOMINACION SOCIAL DE AVAL PERU COMPANIA DE SEGUROS S.A. A AVLA PERU COMPANIA DE SEGUROS S.A.",,sbs_S-401_2022-02_2024200498D.xls
2022-02,P010,69,A,"Mediante Resolución SBS N° 2836-2017 (19/07/2017), se autorizó la fusión por absorción de El Pacífico Vida con El Pacífico Peruano Suiza. A partir del 01.08.2017 esta empresa se denomina Pacífico Compañía de Seguros y Reaseguros.","MEDIANTE RESOLUCION SBS N 2836-2017 (19/07/2017), SE AUTORIZO LA FUSION POR ABSORCION DE EL PACIFICO VIDA CON EL PACIFICO PERUANO SUIZA. A PARTIR DEL 01.08.2017 ESTA EMPRESA SE DENOMINA PACIFICO COMPANIA DE SEGUROS Y REASEGUROS.",,sbs_S-401_2022-02_2024200498D.xls
2022-02,P010,70,A,"Mediante Resolución SBS N° 1170-2018 (27/03/2018), se autorizó la fusión por absorción de Interseguro Compañía de Seguros con Seguros Sura.","MEDIANTE RESOLUCION SBS N 1170-2018 (27/03/2018), SE AUTORIZO LA FUSION POR ABSORCION DE INTERSEGURO COMPANIA DE SEGUROS CON SEGUROS SURA.",,sbs_S-401_2022-02_2024200498D.xls
2022-02,P010,71,A,"Mediante Resolución SBS N° 2296-2019 (22/05/2019), se autorizó el cambio de denominación social de HDI Seguros S.A. a Qualitas Compañía de Seguros S.A.","MEDIANTE RESOLUCION SBS N 2296-2019 (22/05/2019), SE AUTORIZO EL CAMBIO DE DENOMINACION SOCIAL DE HDI SEGUROS S.A. A QUALITAS COMPANIA DE SEGUROS S.A.",,sbs_S-401_2022-02_2024200498D.xls
2022-02,P010,72,A,"Mediante Resolución SBS Nº 1749-2020 (01/07/2020), se autorizó la liquidación voluntaria y posterior inicio del proceso liquidatorio de Rigel Perú S.A.","MEDIANTE RESOLUCION SBS NO 1749-2020 (01/07/2020), SE AUTORIZO LA LIQUIDACION VOLUNTARIA Y POSTERIOR INICIO DEL PROCESO LIQUIDATORIO DE RIGEL PERU S.A.",,sbs_S-401_2022-02_2024200498D.xls
2022-02,P010,73,A,"Mediante Resolución SBS Nº 3286-2020 (28/12/2020), se autorizó la liquidación voluntaria y posterior inicio del proceso liquidatorio de Coface Seguros.","MEDIANTE RESOLUCION SBS NO 3286-2020 (28/12/2020), SE AUTORIZO LA LIQUIDACION VOLUNTARIA Y POSTERIOR INICIO DEL PROCESO LIQUIDATORIO DE COFACE SEGUROS.",,sbs_S-401_2022-02_2024200498D.xls
2022-02,P010,74,A,"Mediante Resolución SBS N° 278-2021 (28/01/2021), se autorizó el cambio de denominación social de Compañía de Seguros de Vida Cámara S.A. a Vivir Seguros Compañía de Seguros de Vida S.A.","MEDIANTE RESOLUCION SBS N 278-2021 (28/01/2021), SE AUTORIZO EL CAMBIO DE DENOMINACION SOCIAL DE COMPANIA DE SEGUROS DE VIDA CAMARA S.A. A VIVIR SEGUROS COMPANIA DE SEGUROS DE VIDA S.A.",,sbs_S-401_2022-02_2024200498D.xls
2022-03,P009,65,A,"Mediante Resolución SBS N° 8551-2012 (15/11/2012), se autorizó el cambio de denominación social de InVita Seguros de Vida S.A. a Seguros Sura.","MEDIANTE RESOLUCION SBS N 8551-2012 (15/11/2012), SE AUTORIZO EL CAMBIO DE DENOMINACION SOCIAL DE INVITA SEGUROS DE VIDA S.A. A SEGUROS SURA.",,sbs_S-401_2022-03_2024200498D.xls
2022-03,P009,66,A,"Mediante Resolución SBS N° 2748-2015 (21/05/2015), se autorizó el cambio de denominación social de Aseguradora Magallanes Perú S.A. a HDI Seguros S.A.","MEDIANTE RESOLUCION SBS N 2748-2015 (21/05/2015), SE AUTORIZO EL CAMBIO DE DENOMINACION SOCIAL DE ASEGURADORA MAGALLANES PERU S.A. A HDI SEGUROS S.A.",,sbs_S-401_2022-03_2024200498D.xls
2022-03,P009,67,A,"Mediante Resolución SBS N° 1137-2016 (02/03/2016), se autorizó el cambio de denominación social de Ace Seguros S.A. a Chubb Seguros Perú S.A.","MEDIANTE RESOLUCION SBS N 1137-2016 (02/03/2016), SE AUTORIZO EL CAMBIO DE DENOMINACION SOCIAL DE ACE SEGUROS S.A. A CHUBB SEGUROS PERU S.A.",,sbs_S-401_2022-03_2024200498D.xls
2022-03,P009,68,A,"Mediante Resolución SBS N° 4961-2016 (14/09/2016), se autorizó el cambio de denominación social de AVAL Perú Compañía de Seguros S.A. a AVLA Perú Compañía de Seguros S.A.","MEDIANTE RESOLUCION SBS N 4961-2016 (14/09/2016), SE AUTORIZO EL CAMBIO DE DENOMINACION SOCIAL DE AVAL PERU COMPANIA DE SEGUROS S.A. A AVLA PERU COMPANIA DE SEGUROS S.A.",,sbs_S-401_2022-03_2024200498D.xls
2022-03,P009,69,A,"Mediante Resolución SBS N° 2836-2017 (19/07/2017), se autorizó la fusión por absorción de El Pacífico Vida con El Pacífico Peruano Suiza. A partir del 01.08.2017 esta empresa se denomina Pacífico Compañía de Seguros y Reaseguros.","MEDIANTE RESOLUCION SBS N 2836-2017 (19/07/2017), SE AUTORIZO LA FUSION POR ABSORCION DE EL PACIFICO VIDA CON EL PACIFICO PERUANO SUIZA. A PARTIR DEL 01.08.2017 ESTA EMPRESA SE DENOMINA PACIFICO COMPANIA DE SEGUROS Y REASEGUROS.",,sbs_S-401_2022-03_2024200498D.xls
2022-03,P009,70,A,"Mediante Resolución SBS N° 1170-2018 (27/03/2018), se autorizó la fusión por absorción de Interseguro Compañía de Seguros con Seguros Sura.","MEDIANTE RESOLUCION SBS N 1170-2018 (27/03/2018), SE AUTORIZO LA FUSION POR ABSORCION DE INTERSEGURO COMPANIA DE SEGUROS CON SEGUROS SURA.",,sbs_S-401_2022-03_2024200498D.xls
2022-03,P009,71,A,"Mediante Resolución SBS N° 2296-2019 (22/05/2019), se autorizó el cambio de denominación social de HDI Seguros S.A. a Qualitas Compañía de Seguros S.A.","MEDIANTE RESOLUCION SBS N 2296-2019 (22/05/2019), SE AUTORIZO EL CAMBIO DE DENOMINACION SOCIAL DE HDI SEGUROS S.A. A QUALITAS COMPANIA DE SEGUROS S.A.",,sbs_S-401_2022-03_2024200498D.xls
2022-03,P009,72,A,"Mediante Resolución SBS Nº 1749-2020 (01/07/2020), se autorizó la liquidación voluntaria y posterior inicio del proceso liquidatorio de Rigel Perú S.A.","MEDIANTE RESOLUCION SBS NO 1749-2020 (01/07/2020), SE AUTORIZO LA LIQUIDACION VOLUNTARIA Y POSTERIOR INICIO DEL PROCESO LIQUIDATORIO DE RIGEL PERU S.A.",,sbs_S-401_2022-03_2024200498D.xls
2022-03,P009,73,A,"Mediante Resolución SBS Nº 3286-2020 (28/12/2020), se autorizó la liquidación voluntaria y posterior inicio del proceso liquidatorio de Coface Seguros.","MEDIANTE RESOLUCION SBS NO 3286-2020 (28/12/2020), SE AUTORIZO LA LIQUIDACION VOLUNTARIA Y POSTERIOR INICIO DEL PROCESO LIQUIDATORIO DE COFACE SEGUROS.",,sbs_S-401_2022-03_2024200498D.xls
2022-03,P009,74,A,"Mediante Resolución SBS N° 278-2021 (28/01/2021), se autorizó el cambio de denominación social de Compañía de Seguros de Vida Cámara S.A. a Vivir Seguros Compañía de Seguros de Vida S.A.","MEDIANTE RESOLUCION SBS N 278-2021 (28/01/2021), SE AUTORIZO EL CAMBIO DE DENOMINACION SOCIAL DE COMPANIA DE SEGUROS DE VIDA CAMARA S.A. A VIVIR SEGUROS COMPANIA DE SEGUROS DE VIDA S.A.",,sbs_S-401_2022-03_2024200498D.xls
2022-03,P010,65,A,"Mediante Resolución SBS N° 8551-2012 (15/11/2012), se autorizó el cambio de denominación social de InVita Seguros de Vida S.A. a Seguros Sura.","MEDIANTE RESOLUCION SBS N 8551-2012 (15/11/2012), SE AUTORIZO EL CAMBIO DE DENOMINACION SOCIAL DE INVITA SEGUROS DE VIDA S.A. A SEGUROS SURA.",,sbs_S-401_2022-03_2024200498D.xls
2022-03,P010,66,A,"Mediante Resolución SBS N° 2748-2015 (21/05/2015), se autorizó el cambio de denominación social de Aseguradora Magallanes Perú S.A. a HDI Seguros S.A.","MEDIANTE RESOLUCION SBS N 2748-2015 (21/05/2015), SE AUTORIZO EL CAMBIO DE DENOMINACION SOCIAL DE ASEGURADORA MAGALLANES PERU S.A. A HDI SEGUROS S.A.",,sbs_S-401_2022-03_2024200498D.xls
2022-03,P010,67,A,"Mediante Resolución SBS N° 1137-2016 (02/03/2016), se autorizó el cambio de denominación social de Ace Seguros S.A. a Chubb Seguros Perú S.A.","MEDIANTE RESOLUCION SBS N 1137-2016 (02/03/2016), SE AUTORIZO EL CAMBIO DE DENOMINACION SOCIAL DE ACE SEGUROS S.A. A CHUBB SEGUROS PERU S.A.",,sbs_S-401_2022-03_2024200498D.xls
2022-03,P010,68,A,"Mediante Resolución SBS N° 4961-2016 (14/09/2016), se autorizó el cambio de denominación social de AVAL Perú Compañía de Seguros S.A. a AVLA Perú Compañía de Seguros S.A.","MEDIANTE RESOLUCION SBS N 4961-2016 (14/09/2016), SE AUTORIZO EL CAMBIO DE DENOMINACION SOCIAL DE AVAL PERU COMPANIA DE SEGUROS S.A. A AVLA PERU COMPANIA DE SEGUROS S.A.",,sbs_S-401_2022-03_2024200498D.xls
2022-03,P010,69,A,"Mediante Resolución SBS N° 2836-2017 (19/07/2017), se autorizó la fusión por absorción de El Pacífico Vida con El Pacífico Peruano Suiza. A partir del 01.08.2017 esta empresa se denomina Pacífico Compañía de Seguros y Reaseguros.","MEDIANTE RESOLUCION SBS N 2836-2017 (19/07/2017), SE AUTORIZO LA FUSION POR ABSORCION DE EL PACIFICO VIDA CON EL PACIFICO PERUANO SUIZA. A PARTIR DEL 01.08.2017 ESTA EMPRESA SE DENOMINA PACIFICO COMPANIA DE SEGUROS Y REASEGUROS.",,sbs_S-401_2022-03_2024200498D.xls
2022-03,P010,70,A,"Mediante Resolución SBS N° 1170-2018 (27/03/2018), se autorizó la fusión por absorción de Interseguro Compañía de Seguros con Seguros Sura.","MEDIANTE RESOLUCION SBS N 1170-2018 (27/03/2018), SE AUTORIZO LA FUSION POR ABSORCION DE INTERSEGURO COMPANIA DE SEGUROS CON SEGUROS SURA.",,sbs_S-401_2022-03_2024200498D.xls
2022-03,P010,71,A,"Mediante Resolución SBS N° 2296-2019 (22/05/2019), se autorizó el cambio de denominación social de HDI Seguros S.A. a Qualitas Compañía de Seguros S.A.","MEDIANTE RESOLUCION SBS N 2296-2019 (22/05/2019), SE AUTORIZO EL CAMBIO DE DENOMINACION SOCIAL DE HDI SEGUROS S.A. A QUALITAS COMPANIA DE SEGUROS S.A.",,sbs_S-401_2022-03_2024200498D.xls
2022-03,P010,72,A,"Mediante Resolución SBS Nº 1749-2020 (01/07/2020), se autorizó la liquidación voluntaria y posterior inicio del proceso liquidatorio de Rigel Perú S.A.","MEDIANTE RESOLUCION SBS NO 1749-2020 (01/07/2020), SE AUTORIZO LA LIQUIDACION VOLUNTARIA Y POSTERIOR INICIO DEL PROCESO LIQUIDATORIO DE RIGEL PERU S.A.",,sbs_S-401_2022-03_2024200498D.xls
2022-03,P010,73,A,"Mediante Resolución SBS Nº 3286-2020 (28/12/2020), se autorizó la liquidación voluntaria y posterior inicio del proceso liquidatorio de Coface Seguros.","MEDIANTE RESOLUCION SBS NO 3286-2020 (28/12/2020), SE AUTORIZO LA LIQUIDACION VOLUNTARIA Y POSTERIOR INICIO DEL PROCESO LIQUIDATORIO DE COFACE SEGUROS.",,sbs_S-401_2022-03_2024200498D.xls
2022-03,P010,74,A,"Mediante Resolución SBS N° 278-2021 (28/01/2021), se autorizó el cambio de denominación social de Compañía de Seguros de Vida Cámara S.A. a Vivir Seguros Compañía de Seguros de Vida S.A.","MEDIANTE RESOLUCION SBS N 278-2021 (28/01/2021), SE AUTORIZO EL CAMBIO DE DENOMINACION SOCIAL DE COMPANIA DE SEGUROS DE VIDA CAMARA S.A. A VIVIR SEGUROS COMPANIA DE SEGUROS DE VIDA S.A.",,sbs_S-401_2022-03_2024200498D.xls
2022-04,P009,65,A,"Mediante Resolución SBS N° 8551-2012 (15/11/2012), se autorizó el cambio de denominación social de InVita Seguros de Vida S.A. a Seguros Sura.","MEDIANTE RESOLUCION SBS N 8551-2012 (15/11/2012), SE AUTORIZO EL CAMBIO DE DENOMINACION SOCIAL DE INVITA SEGUROS DE VIDA S.A. A SEGUROS SURA.",,sbs_S-401_2022-04_2024200498D.xls
2022-04,P009,66,A,"Mediante Resolución SBS N° 2748-2015 (21/05/2015), se autorizó el cambio de denominación social de Aseguradora Magallanes Perú S.A. a HDI Seguros S.A.","MEDIANTE RESOLUCION SBS N 2748-2015 (21/05/2015), SE AUTORIZO EL CAMBIO DE DENOMINACION SOCIAL DE ASEGURADORA MAGALLANES PERU S.A. A HDI SEGUROS S.A.",,sbs_S-401_2022-04_2024200498D.xls
2022-04,P009,67,A,"Mediante Resolución SBS N° 1137-2016 (02/03/2016), se autorizó el cambio de denominación social de Ace Seguros S.A. a Chubb Seguros Perú S.A.","MEDIANTE RESOLUCION SBS N 1137-2016 (02/03/2016), SE AUTORIZO EL CAMBIO DE DENOMINACION SOCIAL DE ACE SEGUROS S.A. A CHUBB SEGUROS PERU S.A.",,sbs_S-401_2022-04_2024200498D.xls
2022-04,P009,68,A,"Mediante Resolución SBS N° 4961-2016 (14/09/2016), se autorizó el cambio de denominación social de AVAL Perú Compañía de Seguros S.A. a AVLA Perú Compañía de Seguros S.A.","MEDIANTE RESOLUCION SBS N 4961-2016 (14/09/2016), SE AUTORIZO EL CAMBIO DE DENOMINACION SOCIAL DE AVAL PERU COMPANIA DE SEGUROS S.A. A AVLA PERU COMPANIA DE SEGUROS S.A.",,sbs_S-401_2022-04_2024200498D.xls
2022-04,P009,69,A,"Mediante Resolución SBS N° 2836-2017 (19/07/2017), se autorizó la fusión por absorción de El Pacífico Vida con El Pacífico Peruano Suiza. A partir del 01.08.2017 esta empresa se denomina Pacífico Compañía de Seguros y Reaseguros.","MEDIANTE RESOLUCION SBS N 2836-2017 (19/07/2017), SE AUTORIZO LA FUSION POR ABSORCION DE EL PACIFICO VIDA CON EL PACIFICO PERUANO SUIZA. A PARTIR DEL 01.08.2017 ESTA EMPRESA SE DENOMINA PACIFICO COMPANIA DE SEGUROS Y REASEGUROS.",,sbs_S-401_2022-04_2024200498D.xls
2022-04,P009,70,A,"Mediante Resolución SBS N° 1170-2018 (27/03/2018), se autorizó la fusión por absorción de Interseguro Compañía de Seguros con Seguros Sura.","MEDIANTE RESOLUCION SBS N 1170-2018 (27/03/2018), SE AUTORIZO LA FUSION POR ABSORCION DE INTERSEGURO COMPANIA DE SEGUROS CON SEGUROS SURA.",,sbs_S-401_2022-04_2024200498D.xls
2022-04,P009,71,A,"Mediante Resolución SBS N° 2296-2019 (22/05/2019), se autorizó el cambio de denominación social de HDI Seguros S.A. a Qualitas Compañía de Seguros S.A.","MEDIANTE RESOLUCION SBS N 2296-2019 (22/05/2019), SE AUTORIZO EL CAMBIO DE DENOMINACION SOCIAL DE HDI SEGUROS S.A. A QUALITAS COMPANIA DE SEGUROS S.A.",,sbs_S-401_2022-04_2024200498D.xls
2022-04,P009,72,A,"Mediante Resolución SBS Nº 1749-2020 (01/07/2020), se autorizó la liquidación voluntaria y posterior inicio del proceso liquidatorio de Rigel Perú S.A.","MEDIANTE RESOLUCION SBS NO 1749-2020 (01/07/2020), SE AUTORIZO LA LIQUIDACION VOLUNTARIA Y POSTERIOR INICIO DEL PROCESO LIQUIDATORIO DE RIGEL PERU S.A.",,sbs_S-401_2022-04_2024200498D.xls
2022-04,P009,73,A,"Mediante Resolución SBS Nº 3286-2020 (28/12/2020), se autorizó la liquidación voluntaria y posterior inicio del proceso liquidatorio de Coface Seguros.","MEDIANTE RESOLUCION SBS NO 3286-2020 (28/12/2020), SE AUTORIZO LA LIQUIDACION VOLUNTARIA Y POSTERIOR INICIO DEL PROCESO LIQUIDATORIO DE COFACE SEGUROS.",,sbs_S-401_2022-04_2024200498D.xls
2022-04,P009,74,A,"Mediante Resolución SBS N° 278-2021 (28/01/2021), se autorizó el cambio de denominación social de Compañía de Seguros de Vida Cámara S.A. a Vivir Seguros Compañía de Seguros de Vida S.A.","MEDIANTE RESOLUCION SBS N 278-2021 (28/01/2021), SE AUTORIZO EL CAMBIO DE DENOMINACION SOCIAL DE COMPANIA DE SEGUROS DE VIDA CAMARA S.A. A VIVIR SEGUROS COMPANIA DE SEGUROS DE VIDA S.A.",,sbs_S-401_2022-04_2024200498D.xls
2022-04,P010,65,A,"Mediante Resolución SBS N° 8551-2012 (15/11/2012), se autorizó el cambio de denominación social de InVita Seguros de Vida S.A. a Seguros Sura.","MEDIANTE RESOLUCION SBS N 8551-2012 (15/11/2012), SE AUTORIZO EL CAMBIO DE DENOMINACION SOCIAL DE INVITA SEGUROS DE VIDA S.A. A SEGUROS SURA.",,sbs_S-401_2022-04_2024200498D.xls
2022-04,P010,66,A,"Mediante Resolución SBS N° 2748-2015 (21/05/2015), se autorizó el cambio de denominación social de Aseguradora Magallanes Perú S.A. a HDI Seguros S.A.","MEDIANTE RESOLUCION SBS N 2748-2015 (21/05/2015), SE AUTORIZO EL CAMBIO DE DENOMINACION SOCIAL DE ASEGURADORA MAGALLANES PERU S.A. A HDI SEGUROS S.A.",,sbs_S-401_2022-04_2024200498D.xls
2022-04,P010,67,A,"Mediante Resolución SBS N° 1137-2016 (02/03/2016), se autorizó el cambio de denominación social de Ace Seguros S.A. a Chubb Seguros Perú S.A.","MEDIANTE RESOLUCION SBS N 1137-2016 (02/03/2016), SE AUTORIZO EL CAMBIO DE DENOMINACION SOCIAL DE ACE SEGUROS S.A. A CHUBB SEGUROS PERU S.A.",,sbs_S-401_2022-04_2024200498D.xls
2022-04,P010,68,A,"Mediante Resolución SBS N° 4961-2016 (14/09/2016), se autorizó el cambio de denominación social de AVAL Perú Compañía de Seguros S.A. a AVLA Perú Compañía de Seguros S.A.","MEDIANTE RESOLUCION SBS N 4961-2016 (14/09/2016), SE AUTORIZO EL CAMBIO DE DENOMINACION SOCIAL DE AVAL PERU COMPANIA DE SEGUROS S.A. A AVLA PERU COMPANIA DE SEGUROS S.A.",,sbs_S-401_2022-04_2024200498D.xls
2022-04,P010,69,A,"Mediante Resolución SBS N° 2836-2017 (19/07/2017), se autorizó la fusión por absorción de El Pacífico Vida con El Pacífico Peruano Suiza. A partir del 01.08.2017 esta empresa se denomina Pacífico Compañía de Seguros y Reaseguros.","MEDIANTE RESOLUCION SBS N 2836-2017 (19/07/2017), SE AUTORIZO LA FUSION POR ABSORCION DE EL PACIFICO VIDA CON EL PACIFICO PERUANO SUIZA. A PARTIR DEL 01.08.2017 ESTA EMPRESA SE DENOMINA PACIFICO COMPANIA DE SEGUROS Y REASEGUROS.",,sbs_S-401_2022-04_2024200498D.xls
2022-04,P010,70,A,"Mediante Resolución SBS N° 1170-2018 (27/03/2018), se autorizó la fusión por absorción de Interseguro Compañía de Seguros con Seguros Sura.","MEDIANTE RESOLUCION SBS N 1170-2018 (27/03/2018), SE AUTORIZO LA FUSION POR ABSORCION DE INTERSEGURO COMPANIA DE SEGUROS CON SEGUROS SURA.",,sbs_S-401_2022-04_2024200498D.xls
2022-04,P010,71,A,"Mediante Resolución SBS N° 2296-2019 (22/05/2019), se autorizó el cambio de denominación social de HDI Seguros S.A. a Qualitas Compañía de Seguros S.A.","MEDIANTE RESOLUCION SBS N 2296-2019 (22/05/2019), SE AUTORIZO EL CAMBIO DE DENOMINACION SOCIAL DE HDI SEGUROS S.A. A QUALITAS COMPANIA DE SEGUROS S.A.",,sbs_S-401_2022-04_2024200498D.xls
2022-04,P010,72,A,"Mediante Resolución SBS Nº 1749-2020 (01/07/2020), se autorizó la liquidación voluntaria y posterior inicio del proceso liquidatorio de Rigel Perú S.A.","MEDIANTE RESOLUCION SBS NO 1749-2020 (01/07/2020), SE AUTORIZO LA LIQUIDACION VOLUNTARIA Y POSTERIOR INICIO DEL PROCESO LIQUIDATORIO DE RIGEL PERU S.A.",,sbs_S-401_2022-04_2024200498D.xls
2022-04,P010,73,A,"Mediante Resolución SBS Nº 3286-2020 (28/12/2020), se autorizó la liquidación voluntaria y posterior inicio del proceso liquidatorio de Coface Seguros.","MEDIANTE RESOLUCION SBS NO 3286-2020 (28/12/2020), SE AUTORIZO LA LIQUIDACION VOLUNTARIA Y POSTERIOR INICIO DEL PROCESO LIQUIDATORIO DE COFACE SEGUROS.",,sbs_S-401_2022-04_2024200498D.xls
2022-04,P010,74,A,"Mediante Resolución SBS N° 278-2021 (28/01/2021), se autorizó el cambio de denominación social de Compañía de Seguros de Vida Cámara S.A. a Vivir Seguros Compañía de Seguros de Vida S.A.","MEDIANTE RESOLUCION SBS N 278-2021 (28/01/2021), SE AUTORIZO EL CAMBIO DE DENOMINACION SOCIAL DE COMPANIA DE SEGUROS DE VIDA CAMARA S.A. A VIVIR SEGUROS COMPANIA DE SEGUROS DE VIDA S.A.",,sbs_S-401_2022-04_2024200498D.xls
2022-05,P009,65,A,"Mediante Resolución SBS N° 8551-2012 (15/11/2012), se autorizó el cambio de denominación social de InVita Seguros de Vida S.A. a Seguros Sura.","MEDIANTE RESOLUCION SBS N 8551-2012 (15/11/2012), SE AUTORIZO EL CAMBIO DE DENOMINACION SOCIAL DE INVITA SEGUROS DE VIDA S.A. A SEGUROS SURA.",,sbs_S-401_2022-05_2024200498D.xls
2022-05,P009,66,A,"Mediante Resolución SBS N° 2748-2015 (21/05/2015), se autorizó el cambio de denominación social de Aseguradora Magallanes Perú S.A. a HDI Seguros S.A.","MEDIANTE RESOLUCION SBS N 2748-2015 (21/05/2015), SE AUTORIZO EL CAMBIO DE DENOMINACION SOCIAL DE ASEGURADORA MAGALLANES PERU S.A. A HDI SEGUROS S.A.",,sbs_S-401_2022-05_2024200498D.xls
2022-05,P009,67,A,"Mediante Resolución SBS N° 1137-2016 (02/03/2016), se autorizó el cambio de denominación social de Ace Seguros S.A. a Chubb Seguros Perú S.A.","MEDIANTE RESOLUCION SBS N 1137-2016 (02/03/2016), SE AUTORIZO EL CAMBIO DE DENOMINACION SOCIAL DE ACE SEGUROS S.A. A CHUBB SEGUROS PERU S.A.",,sbs_S-401_2022-05_2024200498D.xls
2022-05,P009,68,A,"Mediante Resolución SBS N° 4961-2016 (14/09/2016), se autorizó el cambio de denominación social de AVAL Perú Compañía de Seguros S.A. a AVLA Perú Compañía de Seguros S.A.","MEDIANTE RESOLUCION SBS N 4961-2016 (14/09/2016), SE AUTORIZO EL CAMBIO DE DENOMINACION SOCIAL DE AVAL PERU COMPANIA DE SEGUROS S.A. A AVLA PERU COMPANIA DE SEGUROS S.A.",,sbs_S-401_2022-05_2024200498D.xls
2022-05,P009,69,A,"Mediante Resolución SBS N° 2836-2017 (19/07/2017), se autorizó la fusión por absorción de El Pacífico Vida con El Pacífico Peruano Suiza. A partir del 01.08.2017 esta empresa se denomina Pacífico Compañía de Seguros y Reaseguros.","MEDIANTE RESOLUCION SBS N 2836-2017 (19/07/2017), SE AUTORIZO LA FUSION POR ABSORCION DE EL PACIFICO VIDA CON EL PACIFICO PERUANO SUIZA. A PARTIR DEL 01.08.2017 ESTA EMPRESA SE DENOMINA PACIFICO COMPANIA DE SEGUROS Y REASEGUROS.",,sbs_S-401_2022-05_2024200498D.xls
2022-05,P009,70,A,"Mediante Resolución SBS N° 1170-2018 (27/03/2018), se autorizó la fusión por absorción de Interseguro Compañía de Seguros con Seguros Sura.","MEDIANTE RESOLUCION SBS N 1170-2018 (27/03/2018), SE AUTORIZO LA FUSION POR ABSORCION DE INTERSEGURO COMPANIA DE SEGUROS CON SEGUROS SURA.",,sbs_S-401_2022-05_2024200498D.xls
2022-05,P009,71,A,"Mediante Resolución SBS N° 2296-2019 (22/05/2019), se autorizó el cambio de denominación social de HDI Seguros S.A. a Qualitas Compañía de Seguros S.A.","MEDIANTE RESOLUCION SBS N 2296-2019 (22/05/2019), SE AUTORIZO EL CAMBIO DE DENOMINACION SOCIAL DE HDI SEGUROS S.A. A QUALITAS COMPANIA DE SEGUROS S.A.",,sbs_S-401_2022-05_2024200498D.xls
2022-05,P009,72,A,"Mediante Resolución SBS Nº 1749-2020 (01/07/2020), se autorizó la liquidación voluntaria y posterior inicio del proceso liquidatorio de Rigel Perú S.A.","MEDIANTE RESOLUCION SBS NO 1749-2020 (01/07/2020), SE AUTORIZO LA LIQUIDACION VOLUNTARIA Y POSTERIOR INICIO DEL PROCESO LIQUIDATORIO DE RIGEL PERU S.A.",,sbs_S-401_2022-05_2024200498D.xls
2022-05,P009,73,A,"Mediante Resolución SBS Nº 3286-2020 (28/12/2020), se autorizó la liquidación voluntaria y posterior inicio del proceso liquidatorio de Coface Seguros.","MEDIANTE RESOLUCION SBS NO 3286-2020 (28/12/2020), SE AUTORIZO LA LIQUIDACION VOLUNTARIA Y POSTERIOR INICIO DEL PROCESO LIQUIDATORIO DE COFACE SEGUROS.",,sbs_S-401_2022-05_2024200498D.xls
2022-05,P009,74,A,"Mediante Resolución SBS N° 278-2021 (28/01/2021), se autorizó el cambio de denominación social de Compañía de Seguros de Vida Cámara S.A. a Vivir Seguros Compañía de Seguros de Vida S.A.","MEDIANTE RESOLUCION SBS N 278-2021 (28/01/2021), SE AUTORIZO EL CAMBIO DE DENOMINACION SOCIAL DE COMPANIA DE SEGUROS DE VIDA CAMARA S.A. A VIVIR SEGUROS COMPANIA DE SEGUROS DE VIDA S.A.",,sbs_S-401_2022-05_2024200498D.xls
2022-05,P010,65,A,"Mediante Resolución SBS N° 8551-2012 (15/11/2012), se autorizó el cambio de denominación social de InVita Seguros de Vida S.A. a Seguros Sura.","MEDIANTE RESOLUCION SBS N 8551-2012 (15/11/2012), SE AUTORIZO EL CAMBIO DE DENOMINACION SOCIAL DE INVITA SEGUROS DE VIDA S.A. A SEGUROS SURA.",,sbs_S-401_2022-05_2024200498D.xls
2022-05,P010,66,A,"Mediante Resolución SBS N° 2748-2015 (21/05/2015), se autorizó el cambio de denominación social de Aseguradora Magallanes Perú S.A. a HDI Seguros S.A.","MEDIANTE RESOLUCION SBS N 2748-2015 (21/05/2015), SE AUTORIZO EL CAMBIO DE DENOMINACION SOCIAL DE ASEGURADORA MAGALLANES PERU S.A. A HDI SEGUROS S.A.",,sbs_S-401_2022-05_2024200498D.xls
2022-05,P010,67,A,"Mediante Resolución SBS N° 1137-2016 (02/03/2016), se autorizó el cambio de denominación social de Ace Seguros S.A. a Chubb Seguros Perú S.A.","MEDIANTE RESOLUCION SBS N 1137-2016 (02/03/2016), SE AUTORIZO EL CAMBIO DE DENOMINACION SOCIAL DE ACE SEGUROS S.A. A CHUBB SEGUROS PERU S.A.",,sbs_S-401_2022-05_2024200498D.xls
2022-05,P010,68,A,"Mediante Resolución SBS N° 4961-2016 (14/09/2016), se autorizó el cambio de denominación social de AVAL Perú Compañía de Seguros S.A. a AVLA Perú Compañía de Seguros S.A.","MEDIANTE RESOLUCION SBS N 4961-2016 (14/09/2016), SE AUTORIZO EL CAMBIO DE DENOMINACION SOCIAL DE AVAL PERU COMPANIA DE SEGUROS S.A. A AVLA PERU COMPANIA DE SEGUROS S.A.",,sbs_S-401_2022-05_2024200498D.xls
2022-05,P010,69,A,"Mediante Resolución SBS N° 2836-2017 (19/07/2017), se autorizó la fusión por absorción de El Pacífico Vida con El Pacífico Peruano Suiza. A partir del 01.08.2017 esta empresa se denomina Pacífico Compañía de Seguros y Reaseguros.","MEDIANTE RESOLUCION SBS N 2836-2017 (19/07/2017), SE AUTORIZO LA FUSION POR ABSORCION DE EL PACIFICO VIDA CON EL PACIFICO PERUANO SUIZA. A PARTIR DEL 01.08.2017 ESTA EMPRESA SE DENOMINA PACIFICO COMPANIA DE SEGUROS Y REASEGUROS.",,sbs_S-401_2022-05_2024200498D.xls
2022-05,P010,70,A,"Mediante Resolución SBS N° 1170-2018 (27/03/2018), se autorizó la fusión por absorción de Interseguro Compañía de Seguros con Seguros Sura.","MEDIANTE RESOLUCION SBS N 1170-2018 (27/03/2018), SE AUTORIZO LA FUSION POR ABSORCION DE INTERSEGURO COMPANIA DE SEGUROS CON SEGUROS SURA.",,sbs_S-401_2022-05_2024200498D.xls
2022-05,P010,71,A,"Mediante Resolución SBS N° 2296-2019 (22/05/2019), se autorizó el cambio de denominación social de HDI Seguros S.A. a Qualitas Compañía de Seguros S.A.","MEDIANTE RESOLUCION SBS N 2296-2019 (22/05/2019), SE AUTORIZO EL CAMBIO DE DENOMINACION SOCIAL DE HDI SEGUROS S.A. A QUALITAS COMPANIA DE SEGUROS S.A.",,sbs_S-401_2022-05_2024200498D.xls
2022-05,P010,72,A,"Mediante Resolución SBS Nº 1749-2020 (01/07/2020), se autorizó la liquidación voluntaria y posterior inicio del proceso liquidatorio de Rigel Perú S.A.","MEDIANTE RESOLUCION SBS NO 1749-2020 (01/07/2020), SE AUTORIZO LA LIQUIDACION VOLUNTARIA Y POSTERIOR INICIO DEL PROCESO LIQUIDATORIO DE RIGEL PERU S.A.",,sbs_S-401_2022-05_2024200498D.xls
2022-05,P010,73,A,"Mediante Resolución SBS Nº 3286-2020 (28/12/2020), se autorizó la liquidación voluntaria y posterior inicio del proceso liquidatorio de Coface Seguros.","MEDIANTE RESOLUCION SBS NO 3286-2020 (28/12/2020), SE AUTORIZO LA LIQUIDACION VOLUNTARIA Y POSTERIOR INICIO DEL PROCESO LIQUIDATORIO DE COFACE SEGUROS.",,sbs_S-401_2022-05_2024200498D.xls
2022-05,P010,74,A,"Mediante Resolución SBS N° 278-2021 (28/01/2021), se autorizó el cambio de denominación social de Compañía de Seguros de Vida Cámara S.A. a Vivir Seguros Compañía de Seguros de Vida S.A.","MEDIANTE RESOLUCION SBS N 278-2021 (28/01/2021), SE AUTORIZO EL CAMBIO DE DENOMINACION SOCIAL DE COMPANIA DE SEGUROS DE VIDA CAMARA S.A. A VIVIR SEGUROS COMPANIA DE SEGUROS DE VIDA S.A.",,sbs_S-401_2022-05_2024200498D.xls
2022-06,P009,65,A,"Mediante Resolución SBS N° 8551-2012 (15/11/2012), se autorizó el cambio de denominación social de InVita Seguros de Vida S.A. a Seguros Sura.","MEDIANTE RESOLUCION SBS N 8551-2012 (15/11/2012), SE AUTORIZO EL CAMBIO DE DENOMINACION SOCIAL DE INVITA SEGUROS DE VIDA S.A. A SEGUROS SURA.",,sbs_S-401_2022-06_2024200498D.xls
2022-06,P009,66,A,"Mediante Resolución SBS N° 2748-2015 (21/05/2015), se autorizó el cambio de denominación social de Aseguradora Magallanes Perú S.A. a HDI Seguros S.A.","MEDIANTE RESOLUCION SBS N 2748-2015 (21/05/2015), SE AUTORIZO EL CAMBIO DE DENOMINACION SOCIAL DE ASEGURADORA MAGALLANES PERU S.A. A HDI SEGUROS S.A.",,sbs_S-401_2022-06_2024200498D.xls
2022-06,P009,67,A,"Mediante Resolución SBS N° 1137-2016 (02/03/2016), se autorizó el cambio de denominación social de Ace Seguros S.A. a Chubb Seguros Perú S.A.","MEDIANTE RESOLUCION SBS N 1137-2016 (02/03/2016), SE AUTORIZO EL CAMBIO DE DENOMINACION SOCIAL DE ACE SEGUROS S.A. A CHUBB SEGUROS PERU S.A.",,sbs_S-401_2022-06_2024200498D.xls
2022-06,P009,68,A,"Mediante Resolución SBS N° 4961-2016 (14/09/2016), se autorizó el cambio de denominación social de AVAL Perú Compañía de Seguros S.A. a AVLA Perú Compañía de Seguros S.A.","MEDIANTE RESOLUCION SBS N 4961-2016 (14/09/2016), SE AUTORIZO EL CAMBIO DE DENOMINACION SOCIAL DE AVAL PERU COMPANIA DE SEGUROS S.A. A AVLA PERU COMPANIA DE SEGUROS S.A.",,sbs_S-401_2022-06_2024200498D.xls
2022-06,P009,69,A,"Mediante Resolución SBS N° 2836-2017 (19/07/2017), se autorizó la fusión por absorción de El Pacífico Vida con El Pacífico Peruano Suiza. A partir del 01.08.2017 esta empresa se denomina Pacífico Compañía de Seguros y Reaseguros.","MEDIANTE RESOLUCION SBS N 2836-2017 (19/07/2017), SE AUTORIZO LA FUSION POR ABSORCION DE EL PACIFICO VIDA CON EL PACIFICO PERUANO SUIZA. A PARTIR DEL 01.08.2017 ESTA EMPRESA SE DENOMINA PACIFICO COMPANIA DE SEGUROS Y REASEGUROS.",,sbs_S-401_2022-06_2024200498D.xls
2022-06,P009,70,A,"Mediante Resolución SBS N° 1170-2018 (27/03/2018), se autorizó la fusión por absorción de Interseguro Compañía de Seguros con Seguros Sura.","MEDIANTE RESOLUCION SBS N 1170-2018 (27/03/2018), SE AUTORIZO LA FUSION POR ABSORCION DE INTERSEGURO COMPANIA DE SEGUROS CON SEGUROS SURA.",,sbs_S-401_2022-06_2024200498D.xls
2022-06,P009,71,A,"Mediante Resolución SBS N° 2296-2019 (22/05/2019), se autorizó el cambio de denominación social de HDI Seguros S.A. a Qualitas Compañía de Seguros S.A.","MEDIANTE RESOLUCION SBS N 2296-2019 (22/05/2019), SE AUTORIZO EL CAMBIO DE DENOMINACION SOCIAL DE HDI SEGUROS S.A. A QUALITAS COMPANIA DE SEGUROS S.A.",,sbs_S-401_2022-06_2024200498D.xls
2022-06,P009,72,A,"Mediante Resolución SBS Nº 1749-2020 (01/07/2020), se autorizó la liquidación voluntaria y posterior inicio del proceso liquidatorio de Rigel Perú S.A.","MEDIANTE RESOLUCION SBS NO 1749-2020 (01/07/2020), SE AUTORIZO LA LIQUIDACION VOLUNTARIA Y POSTERIOR INICIO DEL PROCESO LIQUIDATORIO DE RIGEL PERU S.A.",,sbs_S-401_2022-06_2024200498D.xls
2022-06,P009,73,A,"Mediante Resolución SBS Nº 3286-2020 (28/12/2020), se autorizó la liquidación voluntaria y posterior inicio del proceso liquidatorio de Coface Seguros.","MEDIANTE RESOLUCION SBS NO 3286-2020 (28/12/2020), SE AUTORIZO LA LIQUIDACION VOLUNTARIA Y POSTERIOR INICIO DEL PROCESO LIQUIDATORIO DE COFACE SEGUROS.",,sbs_S-401_2022-06_2024200498D.xls
2022-06,P009,74,A,"Mediante Resolución SBS N° 278-2021 (28/01/2021), se autorizó el cambio de denominación social de Compañía de Seguros de Vida Cámara S.A. a Vivir Seguros Compañía de Seguros de Vida S.A.","MEDIANTE RESOLUCION SBS N 278-2021 (28/01/2021), SE AUTORIZO EL CAMBIO DE DENOMINACION SOCIAL DE COMPANIA DE SEGUROS DE VIDA CAMARA S.A. A VIVIR SEGUROS COMPANIA DE SEGUROS DE VIDA S.A.",,sbs_S-401_2022-06_2024200498D.xls
2022-06,P009,75,A,"Mediante Resolución SBS N° 1724-2022 (25/05/2022), se autorizó la fusión por absorción de Mapfre Perú Vida con Mapfre Perú. A partir del 01.06.2022 esta empresa se denomina Mapfre Perú Compañía de Seguros y Reaseguros S.A.","MEDIANTE RESOLUCION SBS N 1724-2022 (25/05/2022), SE AUTORIZO LA FUSION POR ABSORCION DE MAPFRE PERU VIDA CON MAPFRE PERU. A PARTIR DEL 01.06.2022 ESTA EMPRESA SE DENOMINA MAPFRE PERU COMPANIA DE SEGUROS Y REASEGUROS S.A.",,sbs_S-401_2022-06_2024200498D.xls
2022-06,P009,76,A,"(1) Las cifras de Mapfre Perú consideran los flujos de Mapfre Perú Vida, para el periodo previo a la fusión.","(1) LAS CIFRAS DE MAPFRE PERU CONSIDERAN LOS FLUJOS DE MAPFRE PERU VIDA, PARA EL PERIODO PREVIO A LA FUSION.",1,sbs_S-401_2022-06_2024200498D.xls
2022-06,P009,77,A,"(2) Flujos de Mapfre Perú (abs) de enero a mayo de 2022, antes de su fusión con Mapfre Perú Vida.","(2) FLUJOS DE MAPFRE PERU (ABS) DE ENERO A MAYO DE 2022, ANTES DE SU FUSION CON MAPFRE PERU VIDA.",2,sbs_S-401_2022-06_2024200498D.xls
2022-06,P009,78,A,"(3) Total del Sistema, considerando a los flujos de Mapfre Perú (abs) de enero a mayo de 2022.","(3) TOTAL DEL SISTEMA, CONSIDERANDO A LOS FLUJOS DE MAPFRE PERU (ABS) DE ENERO A MAYO DE 2022.",3,sbs_S-401_2022-06_2024200498D.xls
2022-06,P010,65,A,"Mediante Resolución SBS N° 8551-2012 (15/11/2012), se autorizó el cambio de denominación social de InVita Seguros de Vida S.A. a Seguros Sura.","MEDIANTE RESOLUCION SBS N 8551-2012 (15/11/2012), SE AUTORIZO EL CAMBIO DE DENOMINACION SOCIAL DE INVITA SEGUROS DE VIDA S.A. A SEGUROS SURA.",,sbs_S-401_2022-06_2024200498D.xls
2022-06,P010,66,A,"Mediante Resolución SBS N° 2748-2015 (21/05/2015), se autorizó el cambio de denominación social de Aseguradora Magallanes Perú S.A. a HDI Seguros S.A.","MEDIANTE RESOLUCION SBS N 2748-2015 (21/05/2015), SE AUTORIZO EL CAMBIO DE DENOMINACION SOCIAL DE ASEGURADORA MAGALLANES PERU S.A. A HDI SEGUROS S.A.",,sbs_S-401_2022-06_2024200498D.xls
2022-06,P010,67,A,"Mediante Resolución SBS N° 1137-2016 (02/03/2016), se autorizó el cambio de denominación social de Ace Seguros S.A. a Chubb Seguros Perú S.A.","MEDIANTE RESOLUCION SBS N 1137-2016 (02/03/2016), SE AUTORIZO EL CAMBIO DE DENOMINACION SOCIAL DE ACE SEGUROS S.A. A CHUBB SEGUROS PERU S.A.",,sbs_S-401_2022-06_2024200498D.xls
2022-06,P010,68,A,"Mediante Resolución SBS N° 4961-2016 (14/09/2016), se autorizó el cambio de denominación social de AVAL Perú Compañía de Seguros S.A. a AVLA Perú Compañía de Seguros S.A.","MEDIANTE RESOLUCION SBS N 4961-2016 (14/09/2016), SE AUTORIZO EL CAMBIO DE DENOMINACION SOCIAL DE AVAL PERU COMPANIA DE SEGUROS S.A. A AVLA PERU COMPANIA DE SEGUROS S.A.",,sbs_S-401_2022-06_2024200498D.xls
2022-06,P010,69,A,"Mediante Resolución SBS N° 2836-2017 (19/07/2017), se autorizó la fusión por absorción de El Pacífico Vida con El Pacífico Peruano Suiza. A partir del 01.08.2017 esta empresa se denomina Pacífico Compañía de Seguros y Reaseguros.","MEDIANTE RESOLUCION SBS N 2836-2017 (19/07/2017), SE AUTORIZO LA FUSION POR ABSORCION DE EL PACIFICO VIDA CON EL PACIFICO PERUANO SUIZA. A PARTIR DEL 01.08.2017 ESTA EMPRESA SE DENOMINA PACIFICO COMPANIA DE SEGUROS Y REASEGUROS.",,sbs_S-401_2022-06_2024200498D.xls
2022-06,P010,70,A,"Mediante Resolución SBS N° 1170-2018 (27/03/2018), se autorizó la fusión por absorción de Interseguro Compañía de Seguros con Seguros Sura.","MEDIANTE RESOLUCION SBS N 1170-2018 (27/03/2018), SE AUTORIZO LA FUSION POR ABSORCION DE INTERSEGURO COMPANIA DE SEGUROS CON SEGUROS SURA.",,sbs_S-401_2022-06_2024200498D.xls
2022-06,P010,71,A,"Mediante Resolución SBS N° 2296-2019 (22/05/2019), se autorizó el cambio de denominación social de HDI Seguros S.A. a Qualitas Compañía de Seguros S.A.","MEDIANTE RESOLUCION SBS N 2296-2019 (22/05/2019), SE AUTORIZO EL CAMBIO DE DENOMINACION SOCIAL DE HDI SEGUROS S.A. A QUALITAS COMPANIA DE SEGUROS S.A.",,sbs_S-401_2022-06_2024200498D.xls
2022-06,P010,72,A,"Mediante Resolución SBS Nº 1749-2020 (01/07/2020), se autorizó la liquidación voluntaria y posterior inicio del proceso liquidatorio de Rigel Perú S.A.","MEDIANTE RESOLUCION SBS NO 1749-2020 (01/07/2020), SE AUTORIZO LA LIQUIDACION VOLUNTARIA Y POSTERIOR INICIO DEL PROCESO LIQUIDATORIO DE RIGEL PERU S.A.",,sbs_S-401_2022-06_2024200498D.xls
2022-06,P010,73,A,"Mediante Resolución SBS Nº 3286-2020 (28/12/2020), se autorizó la liquidación voluntaria y posterior inicio del proceso liquidatorio de Coface Seguros.","MEDIANTE RESOLUCION SBS NO 3286-2020 (28/12/2020), SE AUTORIZO LA LIQUIDACION VOLUNTARIA Y POSTERIOR INICIO DEL PROCESO LIQUIDATORIO DE COFACE SEGUROS.",,sbs_S-401_2022-06_2024200498D.xls
2022-06,P010,74,A,"Mediante Resolución SBS N° 278-2021 (28/01/2021), se autorizó el cambio de denominación social de Compañía de Seguros de Vida Cámara S.A. a Vivir Seguros Compañía de Seguros de Vida S.A.","MEDIANTE RESOLUCION SBS N 278-2021 (28/01/2021), SE AUTORIZO EL CAMBIO DE DENOMINACION SOCIAL DE COMPANIA DE SEGUROS DE VIDA CAMARA S.A. A VIVIR SEGUROS COMPANIA DE SEGUROS DE VIDA S.A.",,sbs_S-401_2022-06_2024200498D.xls
2022-06,P010,75,A,"Mediante Resolución SBS N° 1724-2022 (25/05/2022), se autorizó la fusión por absorción de Mapfre Perú Vida con Mapfre Perú. A partir del 01.06.2022 esta empresa se denomina Mapfre Perú Compañía de Seguros y Reaseguros S.A.","MEDIANTE RESOLUCION SBS N 1724-2022 (25/05/2022), SE AUTORIZO LA FUSION POR ABSORCION DE MAPFRE PERU VIDA CON MAPFRE PERU. A PARTIR DEL 01.06.2022 ESTA EMPRESA SE DENOMINA MAPFRE PERU COMPANIA DE SEGUROS Y REASEGUROS S.A.",,sbs_S-401_2022-06_2024200498D.xls
2022-06,P010,76,A,"(1) Las cifras de Mapfre Perú consideran los flujos de Mapfre Perú Vida, para el periodo previo a la fusión.","(1) LAS CIFRAS DE MAPFRE PERU CONSIDERAN LOS FLUJOS DE MAPFRE PERU VIDA, PARA EL PERIODO PREVIO A LA FUSION.",1,sbs_S-401_2022-06_2024200498D.xls
2022-06,P010,77,A,"(2) Flujos de Mapfre Perú (abs) de enero a mayo de 2022, antes de su fusión con Mapfre Perú Vida.","(2) FLUJOS DE MAPFRE PERU (ABS) DE ENERO A MAYO DE 2022, ANTES DE SU FUSION CON MAPFRE PERU VIDA.",2,sbs_S-401_2022-06_2024200498D.xls
2022-06,P010,78,A,"(3) Total del Sistema, considerando a los flujos de Mapfre Perú (abs) de enero a mayo de 2022.","(3) TOTAL DEL SISTEMA, CONSIDERANDO A LOS FLUJOS DE MAPFRE PERU (ABS) DE ENERO A MAYO DE 2022.",3,sbs_S-401_2022-06_2024200498D.xls
2022-07,P009,65,A,"Mediante Resolución SBS N° 8551-2012 (15/11/2012), se autorizó el cambio de denominación social de InVita Seguros de Vida S.A. a Seguros Sura.","MEDIANTE RESOLUCION SBS N 8551-2012 (15/11/2012), SE AUTORIZO EL CAMBIO DE DENOMINACION SOCIAL DE INVITA SEGUROS DE VIDA S.A. A SEGUROS SURA.",,sbs_S-401_2022-07_2024200498D.xls
2022-07,P009,66,A,"Mediante Resolución SBS N° 2748-2015 (21/05/2015), se autorizó el cambio de denominación social de Aseguradora Magallanes Perú S.A. a HDI Seguros S.A.","MEDIANTE RESOLUCION SBS N 2748-2015 (21/05/2015), SE AUTORIZO EL CAMBIO DE DENOMINACION SOCIAL DE ASEGURADORA MAGALLANES PERU S.A. A HDI SEGUROS S.A.",,sbs_S-401_2022-07_2024200498D.xls
2022-07,P009,67,A,"Mediante Resolución SBS N° 1137-2016 (02/03/2016), se autorizó el cambio de denominación social de Ace Seguros S.A. a Chubb Seguros Perú S.A.","MEDIANTE RESOLUCION SBS N 1137-2016 (02/03/2016), SE AUTORIZO EL CAMBIO DE DENOMINACION SOCIAL DE ACE SEGUROS S.A. A CHUBB SEGUROS PERU S.A.",,sbs_S-401_2022-07_2024200498D.xls
2022-07,P009,68,A,"Mediante Resolución SBS N° 4961-2016 (14/09/2016), se autorizó el cambio de denominación social de AVAL Perú Compañía de Seguros S.A. a AVLA Perú Compañía de Seguros S.A.","MEDIANTE RESOLUCION SBS N 4961-2016 (14/09/2016), SE AUTORIZO EL CAMBIO DE DENOMINACION SOCIAL DE AVAL PERU COMPANIA DE SEGUROS S.A. A AVLA PERU COMPANIA DE SEGUROS S.A.",,sbs_S-401_2022-07_2024200498D.xls
2022-07,P009,69,A,"Mediante Resolución SBS N° 2836-2017 (19/07/2017), se autorizó la fusión por absorción de El Pacífico Vida con El Pacífico Peruano Suiza. A partir del 01.08.2017 esta empresa se denomina Pacífico Compañía de Seguros y Reaseguros.","MEDIANTE RESOLUCION SBS N 2836-2017 (19/07/2017), SE AUTORIZO LA FUSION POR ABSORCION DE EL PACIFICO VIDA CON EL PACIFICO PERUANO SUIZA. A PARTIR DEL 01.08.2017 ESTA EMPRESA SE DENOMINA PACIFICO COMPANIA DE SEGUROS Y REASEGUROS.",,sbs_S-401_2022-07_2024200498D.xls
2022-07,P009,70,A,"Mediante Resolución SBS N° 1170-2018 (27/03/2018), se autorizó la fusión por absorción de Interseguro Compañía de Seguros con Seguros Sura.","MEDIANTE RESOLUCION SBS N 1170-2018 (27/03/2018), SE AUTORIZO LA FUSION POR ABSORCION DE INTERSEGURO COMPANIA DE SEGUROS CON SEGUROS SURA.",,sbs_S-401_2022-07_2024200498D.xls
2022-07,P009,71,A,"Mediante Resolución SBS N° 2296-2019 (22/05/2019), se autorizó el cambio de denominación social de HDI Seguros S.A. a Qualitas Compañía de Seguros S.A.","MEDIANTE RESOLUCION SBS N 2296-2019 (22/05/2019), SE AUTORIZO EL CAMBIO DE DENOMINACION SOCIAL DE HDI SEGUROS S.A. A QUALITAS COMPANIA DE SEGUROS S.A.",,sbs_S-401_2022-07_2024200498D.xls
2022-07,P009,72,A,"Mediante Resolución SBS Nº 1749-2020 (01/07/2020), se autorizó la liquidación voluntaria y posterior inicio del proceso liquidatorio de Rigel Perú S.A.","MEDIANTE RESOLUCION SBS NO 1749-2020 (01/07/2020), SE AUTORIZO LA LIQUIDACION VOLUNTARIA Y POSTERIOR INICIO DEL PROCESO LIQUIDATORIO DE RIGEL PERU S.A.",,sbs_S-401_2022-07_2024200498D.xls
2022-07,P009,73,A,"Mediante Resolución SBS Nº 3286-2020 (28/12/2020), se autorizó la liquidación voluntaria y posterior inicio del proceso liquidatorio de Coface Seguros.","MEDIANTE RESOLUCION SBS NO 3286-2020 (28/12/2020), SE AUTORIZO LA LIQUIDACION VOLUNTARIA Y POSTERIOR INICIO DEL PROCESO LIQUIDATORIO DE COFACE SEGUROS.",,sbs_S-401_2022-07_2024200498D.xls
2022-07,P009,74,A,"Mediante Resolución SBS N° 278-2021 (28/01/2021), se autorizó el cambio de denominación social de Compañía de Seguros de Vida Cámara S.A. a Vivir Seguros Compañía de Seguros de Vida S.A.","MEDIANTE RESOLUCION SBS N 278-2021 (28/01/2021), SE AUTORIZO EL CAMBIO DE DENOMINACION SOCIAL DE COMPANIA DE SEGUROS DE VIDA CAMARA S.A. A VIVIR SEGUROS COMPANIA DE SEGUROS DE VIDA S.A.",,sbs_S-401_2022-07_2024200498D.xls
2022-07,P009,75,A,"Mediante Resolución SBS N° 1724-2022 (25/05/2022), se autorizó la fusión por absorción de Mapfre Perú Vida con Mapfre Perú. A partir del 01.06.2022 esta empresa se denomina Mapfre Perú Compañía de Seguros y Reaseguros S.A.","MEDIANTE RESOLUCION SBS N 1724-2022 (25/05/2022), SE AUTORIZO LA FUSION POR ABSORCION DE MAPFRE PERU VIDA CON MAPFRE PERU. A PARTIR DEL 01.06.2022 ESTA EMPRESA SE DENOMINA MAPFRE PERU COMPANIA DE SEGUROS Y REASEGUROS S.A.",,sbs_S-401_2022-07_2024200498D.xls
2022-07,P009,76,A,"(1) Las cifras de Mapfre Perú consideran los flujos de Mapfre Perú Vida, para el periodo previo a la fusión.","(1) LAS CIFRAS DE MAPFRE PERU CONSIDERAN LOS FLUJOS DE MAPFRE PERU VIDA, PARA EL PERIODO PREVIO A LA FUSION.",1,sbs_S-401_2022-07_2024200498D.xls
2022-07,P009,77,A,"(2) Flujos de Mapfre Perú (abs) de enero a mayo de 2022, antes de su fusión con Mapfre Perú Vida.","(2) FLUJOS DE MAPFRE PERU (ABS) DE ENERO A MAYO DE 2022, ANTES DE SU FUSION CON MAPFRE PERU VIDA.",2,sbs_S-401_2022-07_2024200498D.xls
2022-07,P009,78,A,"(3) Total del Sistema, considerando a los flujos de Mapfre Perú (abs) de enero a mayo de 2022.","(3) TOTAL DEL SISTEMA, CONSIDERANDO A LOS FLUJOS DE MAPFRE PERU (ABS) DE ENERO A MAYO DE 2022.",3,sbs_S-401_2022-07_2024200498D.xls
2022-07,P010,65,A,"Mediante Resolución SBS N° 8551-2012 (15/11/2012), se autorizó el cambio de denominación social de InVita Seguros de Vida S.A. a Seguros Sura.","MEDIANTE RESOLUCION SBS N 8551-2012 (15/11/2012), SE AUTORIZO EL CAMBIO DE DENOMINACION SOCIAL DE INVITA SEGUROS DE VIDA S.A. A SEGUROS SURA.",,sbs_S-401_2022-07_2024200498D.xls
2022-07,P010,66,A,"Mediante Resolución SBS N° 2748-2015 (21/05/2015), se autorizó el cambio de denominación social de Aseguradora Magallanes Perú S.A. a HDI Seguros S.A.","MEDIANTE RESOLUCION SBS N 2748-2015 (21/05/2015), SE AUTORIZO EL CAMBIO DE DENOMINACION SOCIAL DE ASEGURADORA MAGALLANES PERU S.A. A HDI SEGUROS S.A.",,sbs_S-401_2022-07_2024200498D.xls
2022-07,P010,67,A,"Mediante Resolución SBS N° 1137-2016 (02/03/2016), se autorizó el cambio de denominación social de Ace Seguros S.A. a Chubb Seguros Perú S.A.","MEDIANTE RESOLUCION SBS N 1137-2016 (02/03/2016), SE AUTORIZO EL CAMBIO DE DENOMINACION SOCIAL DE ACE SEGUROS S.A. A CHUBB SEGUROS PERU S.A.",,sbs_S-401_2022-07_2024200498D.xls
2022-07,P010,68,A,"Mediante Resolución SBS N° 4961-2016 (14/09/2016), se autorizó el cambio de denominación social de AVAL Perú Compañía de Seguros S.A. a AVLA Perú Compañía de Seguros S.A.","MEDIANTE RESOLUCION SBS N 4961-2016 (14/09/2016), SE AUTORIZO EL CAMBIO DE DENOMINACION SOCIAL DE AVAL PERU COMPANIA DE SEGUROS S.A. A AVLA PERU COMPANIA DE SEGUROS S.A.",,sbs_S-401_2022-07_2024200498D.xls
2022-07,P010,69,A,"Mediante Resolución SBS N° 2836-2017 (19/07/2017), se autorizó la fusión por absorción de El Pacífico Vida con El Pacífico Peruano Suiza. A partir del 01.08.2017 esta empresa se denomina Pacífico Compañía de Seguros y Reaseguros.","MEDIANTE RESOLUCION SBS N 2836-2017 (19/07/2017), SE AUTORIZO LA FUSION POR ABSORCION DE EL PACIFICO VIDA CON EL PACIFICO PERUANO SUIZA. A PARTIR DEL 01.08.2017 ESTA EMPRESA SE DENOMINA PACIFICO COMPANIA DE SEGUROS Y REASEGUROS.",,sbs_S-401_2022-07_2024200498D.xls
2022-07,P010,70,A,"Mediante Resolución SBS N° 1170-2018 (27/03/2018), se autorizó la fusión por absorción de Interseguro Compañía de Seguros con Seguros Sura.","MEDIANTE RESOLUCION SBS N 1170-2018 (27/03/2018), SE AUTORIZO LA FUSION POR ABSORCION DE INTERSEGURO COMPANIA DE SEGUROS CON SEGUROS SURA.",,sbs_S-401_2022-07_2024200498D.xls
2022-07,P010,71,A,"Mediante Resolución SBS N° 2296-2019 (22/05/2019), se autorizó el cambio de denominación social de HDI Seguros S.A. a Qualitas Compañía de Seguros S.A.","MEDIANTE RESOLUCION SBS N 2296-2019 (22/05/2019), SE AUTORIZO EL CAMBIO DE DENOMINACION SOCIAL DE HDI SEGUROS S.A. A QUALITAS COMPANIA DE SEGUROS S.A.",,sbs_S-401_2022-07_2024200498D.xls
2022-07,P010,72,A,"Mediante Resolución SBS Nº 1749-2020 (01/07/2020), se autorizó la liquidación voluntaria y posterior inicio del proceso liquidatorio de Rigel Perú S.A.","MEDIANTE RESOLUCION SBS NO 1749-2020 (01/07/2020), SE AUTORIZO LA LIQUIDACION VOLUNTARIA Y POSTERIOR INICIO DEL PROCESO LIQUIDATORIO DE RIGEL PERU S.A.",,sbs_S-401_2022-07_2024200498D.xls
2022-07,P010,73,A,"Mediante Resolución SBS Nº 3286-2020 (28/12/2020), se autorizó la liquidación voluntaria y posterior inicio del proceso liquidatorio de Coface Seguros.","MEDIANTE RESOLUCION SBS NO 3286-2020 (28/12/2020), SE AUTORIZO LA LIQUIDACION VOLUNTARIA Y POSTERIOR INICIO DEL PROCESO LIQUIDATORIO DE COFACE SEGUROS.",,sbs_S-401_2022-07_2024200498D.xls
2022-07,P010,74,A,"Mediante Resolución SBS N° 278-2021 (28/01/2021), se autorizó el cambio de denominación social de Compañía de Seguros de Vida Cámara S.A. a Vivir Seguros Compañía de Seguros de Vida S.A.","MEDIANTE RESOLUCION SBS N 278-2021 (28/01/2021), SE AUTORIZO EL CAMBIO DE DENOMINACION SOCIAL DE COMPANIA DE SEGUROS DE VIDA CAMARA S.A. A VIVIR SEGUROS COMPANIA DE SEGUROS DE VIDA S.A.",,sbs_S-401_2022-07_2024200498D.xls
2022-07,P010,75,A,"Mediante Resolución SBS N° 1724-2022 (25/05/2022), se autorizó la fusión por absorción de Mapfre Perú Vida con Mapfre Perú. A partir del 01.06.2022 esta empresa se denomina Mapfre Perú Compañía de Seguros y Reaseguros S.A.","MEDIANTE RESOLUCION SBS N 1724-2022 (25/05/2022), SE AUTORIZO LA FUSION POR ABSORCION DE MAPFRE PERU VIDA CON MAPFRE PERU. A PARTIR DEL 01.06.2022 ESTA EMPRESA SE DENOMINA MAPFRE PERU COMPANIA DE SEGUROS Y REASEGUROS S.A.",,sbs_S-401_2022-07_2024200498D.xls
2022-07,P010,76,A,"(1) Las cifras de Mapfre Perú consideran los flujos de Mapfre Perú Vida, para el periodo previo a la fusión.","(1) LAS CIFRAS DE MAPFRE PERU CONSIDERAN LOS FLUJOS DE MAPFRE PERU VIDA, PARA EL PERIODO PREVIO A LA FUSION.",1,sbs_S-401_2022-07_2024200498D.xls
2022-07,P010,77,A,"(2) Flujos de Mapfre Perú (abs) de enero a mayo de 2022, antes de su fusión con Mapfre Perú Vida.","(2) FLUJOS DE MAPFRE PERU (ABS) DE ENERO A MAYO DE 2022, ANTES DE SU FUSION CON MAPFRE PERU VIDA.",2,sbs_S-401_2022-07_2024200498D.xls
2022-07,P010,78,A,"(3) Total del Sistema, considerando a los flujos de Mapfre Perú (abs) de enero a mayo de 2022.","(3) TOTAL DEL SISTEMA, CONSIDERANDO A LOS FLUJOS DE MAPFRE PERU (ABS) DE ENERO A MAYO DE 2022.",3,sbs_S-401_2022-07_2024200498D.xls
2022-08,P009,65,A,"Mediante Resolución SBS N° 8551-2012 (15/11/2012), se autorizó el cambio de denominación social de InVita Seguros de Vida S.A. a Seguros Sura.","MEDIANTE RESOLUCION SBS N 8551-2012 (15/11/2012), SE AUTORIZO EL CAMBIO DE DENOMINACION SOCIAL DE INVITA SEGUROS DE VIDA S.A. A SEGUROS SURA.",,sbs_S-401_2022-08_2024200498D.xls
2022-08,P009,66,A,"Mediante Resolución SBS N° 2748-2015 (21/05/2015), se autorizó el cambio de denominación social de Aseguradora Magallanes Perú S.A. a HDI Seguros S.A.","MEDIANTE RESOLUCION SBS N 2748-2015 (21/05/2015), SE AUTORIZO EL CAMBIO DE DENOMINACION SOCIAL DE ASEGURADORA MAGALLANES PERU S.A. A HDI SEGUROS S.A.",,sbs_S-401_2022-08_2024200498D.xls
2022-08,P009,67,A,"Mediante Resolución SBS N° 1137-2016 (02/03/2016), se autorizó el cambio de denominación social de Ace Seguros S.A. a Chubb Seguros Perú S.A.","MEDIANTE RESOLUCION SBS N 1137-2016 (02/03/2016), SE AUTORIZO EL CAMBIO DE DENOMINACION SOCIAL DE ACE SEGUROS S.A. A CHUBB SEGUROS PERU S.A.",,sbs_S-401_2022-08_2024200498D.xls
2022-08,P009,68,A,"Mediante Resolución SBS N° 4961-2016 (14/09/2016), se autorizó el cambio de denominación social de AVAL Perú Compañía de Seguros S.A. a AVLA Perú Compañía de Seguros S.A.","MEDIANTE RESOLUCION SBS N 4961-2016 (14/09/2016), SE AUTORIZO EL CAMBIO DE DENOMINACION SOCIAL DE AVAL PERU COMPANIA DE SEGUROS S.A. A AVLA PERU COMPANIA DE SEGUROS S.A.",,sbs_S-401_2022-08_2024200498D.xls
2022-08,P009,69,A,"Mediante Resolución SBS N° 2836-2017 (19/07/2017), se autorizó la fusión por absorción de El Pacífico Vida con El Pacífico Peruano Suiza. A partir del 01.08.2017 esta empresa se denomina Pacífico Compañía de Seguros y Reaseguros.","MEDIANTE RESOLUCION SBS N 2836-2017 (19/07/2017), SE AUTORIZO LA FUSION POR ABSORCION DE EL PACIFICO VIDA CON EL PACIFICO PERUANO SUIZA. A PARTIR DEL 01.08.2017 ESTA EMPRESA SE DENOMINA PACIFICO COMPANIA DE SEGUROS Y REASEGUROS.",,sbs_S-401_2022-08_2024200498D.xls
2022-08,P009,70,A,"Mediante Resolución SBS N° 1170-2018 (27/03/2018), se autorizó la fusión por absorción de Interseguro Compañía de Seguros con Seguros Sura.","MEDIANTE RESOLUCION SBS N 1170-2018 (27/03/2018), SE AUTORIZO LA FUSION POR ABSORCION DE INTERSEGURO COMPANIA DE SEGUROS CON SEGUROS SURA.",,sbs_S-401_2022-08_2024200498D.xls
2022-08,P009,71,A,"Mediante Resolución SBS N° 2296-2019 (22/05/2019), se autorizó el cambio de denominación social de HDI Seguros S.A. a Qualitas Compañía de Seguros S.A.","MEDIANTE RESOLUCION SBS N 2296-2019 (22/05/2019), SE AUTORIZO EL CAMBIO DE DENOMINACION SOCIAL DE HDI SEGUROS S.A. A QUALITAS COMPANIA DE SEGUROS S.A.",,sbs_S-401_2022-08_2024200498D.xls
2022-08,P009,72,A,"Mediante Resolución SBS Nº 1749-2020 (01/07/2020), se autorizó la liquidación voluntaria y posterior inicio del proceso liquidatorio de Rigel Perú S.A.","MEDIANTE RESOLUCION SBS NO 1749-2020 (01/07/2020), SE AUTORIZO LA LIQUIDACION VOLUNTARIA Y POSTERIOR INICIO DEL PROCESO LIQUIDATORIO DE RIGEL PERU S.A.",,sbs_S-401_2022-08_2024200498D.xls
2022-08,P009,73,A,"Mediante Resolución SBS Nº 3286-2020 (28/12/2020), se autorizó la liquidación voluntaria y posterior inicio del proceso liquidatorio de Coface Seguros.","MEDIANTE RESOLUCION SBS NO 3286-2020 (28/12/2020), SE AUTORIZO LA LIQUIDACION VOLUNTARIA Y POSTERIOR INICIO DEL PROCESO LIQUIDATORIO DE COFACE SEGUROS.",,sbs_S-401_2022-08_2024200498D.xls
2022-08,P009,74,A,"Mediante Resolución SBS N° 278-2021 (28/01/2021), se autorizó el cambio de denominación social de Compañía de Seguros de Vida Cámara S.A. a Vivir Seguros Compañía de Seguros de Vida S.A.","MEDIANTE RESOLUCION SBS N 278-2021 (28/01/2021), SE AUTORIZO EL CAMBIO DE DENOMINACION SOCIAL DE COMPANIA DE SEGUROS DE VIDA CAMARA S.A. A VIVIR SEGUROS COMPANIA DE SEGUROS DE VIDA S.A.",,sbs_S-401_2022-08_2024200498D.xls
2022-08,P009,75,A,"Mediante Resolución SBS N° 1724-2022 (25/05/2022), se autorizó la fusión por absorción de Mapfre Perú Vida con Mapfre Perú. A partir del 01.06.2022 esta empresa se denomina Mapfre Perú Compañía de Seguros y Reaseguros S.A.","MEDIANTE RESOLUCION SBS N 1724-2022 (25/05/2022), SE AUTORIZO LA FUSION POR ABSORCION DE MAPFRE PERU VIDA CON MAPFRE PERU. A PARTIR DEL 01.06.2022 ESTA EMPRESA SE DENOMINA MAPFRE PERU COMPANIA DE SEGUROS Y REASEGUROS S.A.",,sbs_S-401_2022-08_2024200498D.xls
2022-08,P009,76,A,"(1) Las cifras de Mapfre Perú consideran los flujos de Mapfre Perú Vida, para el periodo previo a la fusión.","(1) LAS CIFRAS DE MAPFRE PERU CONSIDERAN LOS FLUJOS DE MAPFRE PERU VIDA, PARA EL PERIODO PREVIO A LA FUSION.",1,sbs_S-401_2022-08_2024200498D.xls
2022-08,P009,77,A,"(2) Flujos de Mapfre Perú (abs) de enero a mayo de 2022, antes de su fusión con Mapfre Perú Vida.","(2) FLUJOS DE MAPFRE PERU (ABS) DE ENERO A MAYO DE 2022, ANTES DE SU FUSION CON MAPFRE PERU VIDA.",2,sbs_S-401_2022-08_2024200498D.xls
2022-08,P009,78,A,"(3) Total del Sistema, considerando a los flujos de Mapfre Perú (abs) de enero a mayo de 2022.","(3) TOTAL DEL SISTEMA, CONSIDERANDO A LOS FLUJOS DE MAPFRE PERU (ABS) DE ENERO A MAYO DE 2022.",3,sbs_S-401_2022-08_2024200498D.xls
2022-08,P010,65,A,"Mediante Resolución SBS N° 8551-2012 (15/11/2012), se autorizó el cambio de denominación social de InVita Seguros de Vida S.A. a Seguros Sura.","MEDIANTE RESOLUCION SBS N 8551-2012 (15/11/2012), SE AUTORIZO EL CAMBIO DE DENOMINACION SOCIAL DE INVITA SEGUROS DE VIDA S.A. A SEGUROS SURA.",,sbs_S-401_2022-08_2024200498D.xls
2022-08,P010,66,A,"Mediante Resolución SBS N° 2748-2015 (21/05/2015), se autorizó el cambio de denominación social de Aseguradora Magallanes Perú S.A. a HDI Seguros S.A.","MEDIANTE RESOLUCION SBS N 2748-2015 (21/05/2015), SE AUTORIZO EL CAMBIO DE DENOMINACION SOCIAL DE ASEGURADORA MAGALLANES PERU S.A. A HDI SEGUROS S.A.",,sbs_S-401_2022-08_2024200498D.xls
2022-08,P010,67,A,"Mediante Resolución SBS N° 1137-2016 (02/03/2016), se autorizó el cambio de denominación social de Ace Seguros S.A. a Chubb Seguros Perú S.A.","MEDIANTE RESOLUCION SBS N 1137-2016 (02/03/2016), SE AUTORIZO EL CAMBIO DE DENOMINACION SOCIAL DE ACE SEGUROS S.A. A CHUBB SEGUROS PERU S.A.",,sbs_S-401_2022-08_2024200498D.xls
2022-08,P010,68,A,"Mediante Resolución SBS N° 4961-2016 (14/09/2016), se autorizó el cambio de denominación social de AVAL Perú Compañía de Seguros S.A. a AVLA Perú Compañía de Seguros S.A.","MEDIANTE RESOLUCION SBS N 4961-2016 (14/09/2016), SE AUTORIZO EL CAMBIO DE DENOMINACION SOCIAL DE AVAL PERU COMPANIA DE SEGUROS S.A. A AVLA PERU COMPANIA DE SEGUROS S.A.",,sbs_S-401_2022-08_2024200498D.xls
2022-08,P010,69,A,"Mediante Resolución SBS N° 2836-2017 (19/07/2017), se autorizó la fusión por absorción de El Pacífico Vida con El Pacífico Peruano Suiza. A partir del 01.08.2017 esta empresa se denomina Pacífico Compañía de Seguros y Reaseguros.","MEDIANTE RESOLUCION SBS N 2836-2017 (19/07/2017), SE AUTORIZO LA FUSION POR ABSORCION DE EL PACIFICO VIDA CON EL PACIFICO PERUANO SUIZA. A PARTIR DEL 01.08.2017 ESTA EMPRESA SE DENOMINA PACIFICO COMPANIA DE SEGUROS Y REASEGUROS.",,sbs_S-401_2022-08_2024200498D.xls
2022-08,P010,70,A,"Mediante Resolución SBS N° 1170-2018 (27/03/2018), se autorizó la fusión por absorción de Interseguro Compañía de Seguros con Seguros Sura.","MEDIANTE RESOLUCION SBS N 1170-2018 (27/03/2018), SE AUTORIZO LA FUSION POR ABSORCION DE INTERSEGURO COMPANIA DE SEGUROS CON SEGUROS SURA.",,sbs_S-401_2022-08_2024200498D.xls
2022-08,P010,71,A,"Mediante Resolución SBS N° 2296-2019 (22/05/2019), se autorizó el cambio de denominación social de HDI Seguros S.A. a Qualitas Compañía de Seguros S.A.","MEDIANTE RESOLUCION SBS N 2296-2019 (22/05/2019), SE AUTORIZO EL CAMBIO DE DENOMINACION SOCIAL DE HDI SEGUROS S.A. A QUALITAS COMPANIA DE SEGUROS S.A.",,sbs_S-401_2022-08_2024200498D.xls
2022-08,P010,72,A,"Mediante Resolución SBS Nº 1749-2020 (01/07/2020), se autorizó la liquidación voluntaria y posterior inicio del proceso liquidatorio de Rigel Perú S.A.","MEDIANTE RESOLUCION SBS NO 1749-2020 (01/07/2020), SE AUTORIZO LA LIQUIDACION VOLUNTARIA Y POSTERIOR INICIO DEL PROCESO LIQUIDATORIO DE RIGEL PERU S.A.",,sbs_S-401_2022-08_2024200498D.xls
2022-08,P010,73,A,"Mediante Resolución SBS Nº 3286-2020 (28/12/2020), se autorizó la liquidación voluntaria y posterior inicio del proceso liquidatorio de Coface Seguros.","MEDIANTE RESOLUCION SBS NO 3286-2020 (28/12/2020), SE AUTORIZO LA LIQUIDACION VOLUNTARIA Y POSTERIOR INICIO DEL PROCESO LIQUIDATORIO DE COFACE SEGUROS.",,sbs_S-401_2022-08_2024200498D.xls
2022-08,P010,74,A,"Mediante Resolución SBS N° 278-2021 (28/01/2021), se autorizó el cambio de denominación social de Compañía de Seguros de Vida Cámara S.A. a Vivir Seguros Compañía de Seguros de Vida S.A.","MEDIANTE RESOLUCION SBS N 278-2021 (28/01/2021), SE AUTORIZO EL CAMBIO DE DENOMINACION SOCIAL DE COMPANIA DE SEGUROS DE VIDA CAMARA S.A. A VIVIR SEGUROS COMPANIA DE SEGUROS DE VIDA S.A.",,sbs_S-401_2022-08_2024200498D.xls
2022-08,P010,75,A,"Mediante Resolución SBS N° 1724-2022 (25/05/2022), se autorizó la fusión por absorción de Mapfre Perú Vida con Mapfre Perú. A partir del 01.06.2022 esta empresa se denomina Mapfre Perú Compañía de Seguros y Reaseguros S.A.","MEDIANTE RESOLUCION SBS N 1724-2022 (25/05/2022), SE AUTORIZO LA FUSION POR ABSORCION DE MAPFRE PERU VIDA CON MAPFRE PERU. A PARTIR DEL 01.06.2022 ESTA EMPRESA SE DENOMINA MAPFRE PERU COMPANIA DE SEGUROS Y REASEGUROS S.A.",,sbs_S-401_2022-08_2024200498D.xls
2022-08,P010,76,A,"(1) Las cifras de Mapfre Perú consideran los flujos de Mapfre Perú Vida, para el periodo previo a la fusión.","(1) LAS CIFRAS DE MAPFRE PERU CONSIDERAN LOS FLUJOS DE MAPFRE PERU VIDA, PARA EL PERIODO PREVIO A LA FUSION.",1,sbs_S-401_2022-08_2024200498D.xls
2022-08,P010,77,A,"(2) Flujos de Mapfre Perú (abs) de enero a mayo de 2022, antes de su fusión con Mapfre Perú Vida.","(2) FLUJOS DE MAPFRE PERU (ABS) DE ENERO A MAYO DE 2022, ANTES DE SU FUSION CON MAPFRE PERU VIDA.",2,sbs_S-401_2022-08_2024200498D.xls
2022-08,P010,78,A,"(3) Total del Sistema, considerando a los flujos de Mapfre Perú (abs) de enero a mayo de 2022.","(3) TOTAL DEL SISTEMA, CONSIDERANDO A LOS FLUJOS DE MAPFRE PERU (ABS) DE ENERO A MAYO DE 2022.",3,sbs_S-401_2022-08_2024200498D.xls
2022-09,P009,65,A,"Mediante Resolución SBS N° 8551-2012 (15/11/2012), se autorizó el cambio de denominación social de InVita Seguros de Vida S.A. a Seguros Sura.","MEDIANTE RESOLUCION SBS N 8551-2012 (15/11/2012), SE AUTORIZO EL CAMBIO DE DENOMINACION SOCIAL DE INVITA SEGUROS DE VIDA S.A. A SEGUROS SURA.",,sbs_S-401_2022-09_2024200498D.xls
2022-09,P009,66,A,"Mediante Resolución SBS N° 2748-2015 (21/05/2015), se autorizó el cambio de denominación social de Aseguradora Magallanes Perú S.A. a HDI Seguros S.A.","MEDIANTE RESOLUCION SBS N 2748-2015 (21/05/2015), SE AUTORIZO EL CAMBIO DE DENOMINACION SOCIAL DE ASEGURADORA MAGALLANES PERU S.A. A HDI SEGUROS S.A.",,sbs_S-401_2022-09_2024200498D.xls
2022-09,P009,67,A,"Mediante Resolución SBS N° 1137-2016 (02/03/2016), se autorizó el cambio de denominación social de Ace Seguros S.A. a Chubb Seguros Perú S.A.","MEDIANTE RESOLUCION SBS N 1137-2016 (02/03/2016), SE AUTORIZO EL CAMBIO DE DENOMINACION SOCIAL DE ACE SEGUROS S.A. A CHUBB SEGUROS PERU S.A.",,sbs_S-401_2022-09_2024200498D.xls
2022-09,P009,68,A,"Mediante Resolución SBS N° 4961-2016 (14/09/2016), se autorizó el cambio de denominación social de AVAL Perú Compañía de Seguros S.A. a AVLA Perú Compañía de Seguros S.A.","MEDIANTE RESOLUCION SBS N 4961-2016 (14/09/2016), SE AUTORIZO EL CAMBIO DE DENOMINACION SOCIAL DE AVAL PERU COMPANIA DE SEGUROS S.A. A AVLA PERU COMPANIA DE SEGUROS S.A.",,sbs_S-401_2022-09_2024200498D.xls
2022-09,P009,69,A,"Mediante Resolución SBS N° 2836-2017 (19/07/2017), se autorizó la fusión por absorción de El Pacífico Vida con El Pacífico Peruano Suiza. A partir del 01.08.2017 esta empresa se denomina Pacífico Compañía de Seguros y Reaseguros.","MEDIANTE RESOLUCION SBS N 2836-2017 (19/07/2017), SE AUTORIZO LA FUSION POR ABSORCION DE EL PACIFICO VIDA CON EL PACIFICO PERUANO SUIZA. A PARTIR DEL 01.08.2017 ESTA EMPRESA SE DENOMINA PACIFICO COMPANIA DE SEGUROS Y REASEGUROS.",,sbs_S-401_2022-09_2024200498D.xls
2022-09,P009,70,A,"Mediante Resolución SBS N° 1170-2018 (27/03/2018), se autorizó la fusión por absorción de Interseguro Compañía de Seguros con Seguros Sura.","MEDIANTE RESOLUCION SBS N 1170-2018 (27/03/2018), SE AUTORIZO LA FUSION POR ABSORCION DE INTERSEGURO COMPANIA DE SEGUROS CON SEGUROS SURA.",,sbs_S-401_2022-09_2024200498D.xls
2022-09,P009,71,A,"Mediante Resolución SBS N° 2296-2019 (22/05/2019), se autorizó el cambio de denominación social de HDI Seguros S.A. a Qualitas Compañía de Seguros S.A.","MEDIANTE RESOLUCION SBS N 2296-2019 (22/05/2019), SE AUTORIZO EL CAMBIO DE DENOMINACION SOCIAL DE HDI SEGUROS S.A. A QUALITAS COMPANIA DE SEGUROS S.A.",,sbs_S-401_2022-09_2024200498D.xls
2022-09,P009,72,A,"Mediante Resolución SBS Nº 1749-2020 (01/07/2020), se autorizó la liquidación voluntaria y posterior inicio del proceso liquidatorio de Rigel Perú S.A.","MEDIANTE RESOLUCION SBS NO 1749-2020 (01/07/2020), SE AUTORIZO LA LIQUIDACION VOLUNTARIA Y POSTERIOR INICIO DEL PROCESO LIQUIDATORIO DE RIGEL PERU S.A.",,sbs_S-401_2022-09_2024200498D.xls
2022-09,P009,73,A,"Mediante Resolución SBS Nº 3286-2020 (28/12/2020), se autorizó la liquidación voluntaria y posterior inicio del proceso liquidatorio de Coface Seguros.","MEDIANTE RESOLUCION SBS NO 3286-2020 (28/12/2020), SE AUTORIZO LA LIQUIDACION VOLUNTARIA Y POSTERIOR INICIO DEL PROCESO LIQUIDATORIO DE COFACE SEGUROS.",,sbs_S-401_2022-09_2024200498D.xls
2022-09,P009,74,A,"Mediante Resolución SBS N° 278-2021 (28/01/2021), se autorizó el cambio de denominación social de Compañía de Seguros de Vida Cámara S.A. a Vivir Seguros Compañía de Seguros de Vida S.A.","MEDIANTE RESOLUCION SBS N 278-2021 (28/01/2021), SE AUTORIZO EL CAMBIO DE DENOMINACION SOCIAL DE COMPANIA DE SEGUROS DE VIDA CAMARA S.A. A VIVIR SEGUROS COMPANIA DE SEGUROS DE VIDA S.A.",,sbs_S-401_2022-09_2024200498D.xls
2022-09,P009,75,A,"Mediante Resolución SBS N° 1724-2022 (25/05/2022), se autorizó la fusión por absorción de Mapfre Perú Vida con Mapfre Perú. A partir del 01.06.2022 esta empresa se denomina Mapfre Perú Compañía de Seguros y Reaseguros S.A.","MEDIANTE RESOLUCION SBS N 1724-2022 (25/05/2022), SE AUTORIZO LA FUSION POR ABSORCION DE MAPFRE PERU VIDA CON MAPFRE PERU. A PARTIR DEL 01.06.2022 ESTA EMPRESA SE DENOMINA MAPFRE PERU COMPANIA DE SEGUROS Y REASEGUROS S.A.",,sbs_S-401_2022-09_2024200498D.xls
2022-09,P009,76,A,"(1) Las cifras de Mapfre Perú consideran los flujos de Mapfre Perú Vida, para el periodo previo a la fusión.","(1) LAS CIFRAS DE MAPFRE PERU CONSIDERAN LOS FLUJOS DE MAPFRE PERU VIDA, PARA EL PERIODO PREVIO A LA FUSION.",1,sbs_S-401_2022-09_2024200498D.xls
2022-09,P009,77,A,"(2) Flujos de Mapfre Perú (abs) de enero a mayo de 2022, antes de su fusión con Mapfre Perú Vida.","(2) FLUJOS DE MAPFRE PERU (ABS) DE ENERO A MAYO DE 2022, ANTES DE SU FUSION CON MAPFRE PERU VIDA.",2,sbs_S-401_2022-09_2024200498D.xls
2022-09,P009,78,A,"(3) Total del Sistema, considerando a los flujos de Mapfre Perú (abs) de enero a mayo de 2022.","(3) TOTAL DEL SISTEMA, CONSIDERANDO A LOS FLUJOS DE MAPFRE PERU (ABS) DE ENERO A MAYO DE 2022.",3,sbs_S-401_2022-09_2024200498D.xls
2022-09,P010,65,A,"Mediante Resolución SBS N° 8551-2012 (15/11/2012), se autorizó el cambio de denominación social de InVita Seguros de Vida S.A. a Seguros Sura.","MEDIANTE RESOLUCION SBS N 8551-2012 (15/11/2012), SE AUTORIZO EL CAMBIO DE DENOMINACION SOCIAL DE INVITA SEGUROS DE VIDA S.A. A SEGUROS SURA.",,sbs_S-401_2022-09_2024200498D.xls
2022-09,P010,66,A,"Mediante Resolución SBS N° 2748-2015 (21/05/2015), se autorizó el cambio de denominación social de Aseguradora Magallanes Perú S.A. a HDI Seguros S.A.","MEDIANTE RESOLUCION SBS N 2748-2015 (21/05/2015), SE AUTORIZO EL CAMBIO DE DENOMINACION SOCIAL DE ASEGURADORA MAGALLANES PERU S.A. A HDI SEGUROS S.A.",,sbs_S-401_2022-09_2024200498D.xls
2022-09,P010,67,A,"Mediante Resolución SBS N° 1137-2016 (02/03/2016), se autorizó el cambio de denominación social de Ace Seguros S.A. a Chubb Seguros Perú S.A.","MEDIANTE RESOLUCION SBS N 1137-2016 (02/03/2016), SE AUTORIZO EL CAMBIO DE DENOMINACION SOCIAL DE ACE SEGUROS S.A. A CHUBB SEGUROS PERU S.A.",,sbs_S-401_2022-09_2024200498D.xls
2022-09,P010,68,A,"Mediante Resolución SBS N° 4961-2016 (14/09/2016), se autorizó el cambio de denominación social de AVAL Perú Compañía de Seguros S.A. a AVLA Perú Compañía de Seguros S.A.","MEDIANTE RESOLUCION SBS N 4961-2016 (14/09/2016), SE AUTORIZO EL CAMBIO DE DENOMINACION SOCIAL DE AVAL PERU COMPANIA DE SEGUROS S.A. A AVLA PERU COMPANIA DE SEGUROS S.A.",,sbs_S-401_2022-09_2024200498D.xls
2022-09,P010,69,A,"Mediante Resolución SBS N° 2836-2017 (19/07/2017), se autorizó la fusión por absorción de El Pacífico Vida con El Pacífico Peruano Suiza. A partir del 01.08.2017 esta empresa se denomina Pacífico Compañía de Seguros y Reaseguros.","MEDIANTE RESOLUCION SBS N 2836-2017 (19/07/2017), SE AUTORIZO LA FUSION POR ABSORCION DE EL PACIFICO VIDA CON EL PACIFICO PERUANO SUIZA. A PARTIR DEL 01.08.2017 ESTA EMPRESA SE DENOMINA PACIFICO COMPANIA DE SEGUROS Y REASEGUROS.",,sbs_S-401_2022-09_2024200498D.xls
2022-09,P010,70,A,"Mediante Resolución SBS N° 1170-2018 (27/03/2018), se autorizó la fusión por absorción de Interseguro Compañía de Seguros con Seguros Sura.","MEDIANTE RESOLUCION SBS N 1170-2018 (27/03/2018), SE AUTORIZO LA FUSION POR ABSORCION DE INTERSEGURO COMPANIA DE SEGUROS CON SEGUROS SURA.",,sbs_S-401_2022-09_2024200498D.xls
2022-09,P010,71,A,"Mediante Resolución SBS N° 2296-2019 (22/05/2019), se autorizó el cambio de denominación social de HDI Seguros S.A. a Qualitas Compañía de Seguros S.A.","MEDIANTE RESOLUCION SBS N 2296-2019 (22/05/2019), SE AUTORIZO EL CAMBIO DE DENOMINACION SOCIAL DE HDI SEGUROS S.A. A QUALITAS COMPANIA DE SEGUROS S.A.",,sbs_S-401_2022-09_2024200498D.xls
2022-09,P010,72,A,"Mediante Resolución SBS Nº 1749-2020 (01/07/2020), se autorizó la liquidación voluntaria y posterior inicio del proceso liquidatorio de Rigel Perú S.A.","MEDIANTE RESOLUCION SBS NO 1749-2020 (01/07/2020), SE AUTORIZO LA LIQUIDACION VOLUNTARIA Y POSTERIOR INICIO DEL PROCESO LIQUIDATORIO DE RIGEL PERU S.A.",,sbs_S-401_2022-09_2024200498D.xls
2022-09,P010,73,A,"Mediante Resolución SBS Nº 3286-2020 (28/12/2020), se autorizó la liquidación voluntaria y posterior inicio del proceso liquidatorio de Coface Seguros.","MEDIANTE RESOLUCION SBS NO 3286-2020 (28/12/2020), SE AUTORIZO LA LIQUIDACION VOLUNTARIA Y POSTERIOR INICIO DEL PROCESO LIQUIDATORIO DE COFACE SEGUROS.",,sbs_S-401_2022-09_2024200498D.xls
2022-09,P010,74,A,"Mediante Resolución SBS N° 278-2021 (28/01/2021), se autorizó el cambio de denominación social de Compañía de Seguros de Vida Cámara S.A. a Vivir Seguros Compañía de Seguros de Vida S.A.","MEDIANTE RESOLUCION SBS N 278-2021 (28/01/2021), SE AUTORIZO EL CAMBIO DE DENOMINACION SOCIAL DE COMPANIA DE SEGUROS DE VIDA CAMARA S.A. A VIVIR SEGUROS COMPANIA DE SEGUROS DE VIDA S.A.",,sbs_S-401_2022-09_2024200498D.xls
2022-09,P010,75,A,"Mediante Resolución SBS N° 1724-2022 (25/05/2022), se autorizó la fusión por absorción de Mapfre Perú Vida con Mapfre Perú. A partir del 01.06.2022 esta empresa se denomina Mapfre Perú Compañía de Seguros y Reaseguros S.A.","MEDIANTE RESOLUCION SBS N 1724-2022 (25/05/2022), SE AUTORIZO LA FUSION POR ABSORCION DE MAPFRE PERU VIDA CON MAPFRE PERU. A PARTIR DEL 01.06.2022 ESTA EMPRESA SE DENOMINA MAPFRE PERU COMPANIA DE SEGUROS Y REASEGUROS S.A.",,sbs_S-401_2022-09_2024200498D.xls
2022-09,P010,76,A,"(1) Las cifras de Mapfre Perú consideran los flujos de Mapfre Perú Vida, para el periodo previo a la fusión.","(1) LAS CIFRAS DE MAPFRE PERU CONSIDERAN LOS FLUJOS DE MAPFRE PERU VIDA, PARA EL PERIODO PREVIO A LA FUSION.",1,sbs_S-401_2022-09_2024200498D.xls
2022-09,P010,77,A,"(2) Flujos de Mapfre Perú (abs) de enero a mayo de 2022, antes de su fusión con Mapfre Perú Vida.","(2) FLUJOS DE MAPFRE PERU (ABS) DE ENERO A MAYO DE 2022, ANTES DE SU FUSION CON MAPFRE PERU VIDA.",2,sbs_S-401_2022-09_2024200498D.xls
2022-09,P010,78,A,"(3) Total del Sistema, considerando a los flujos de Mapfre Perú (abs) de enero a mayo de 2022.","(3) TOTAL DEL SISTEMA, CONSIDERANDO A LOS FLUJOS DE MAPFRE PERU (ABS) DE ENERO A MAYO DE 2022.",3,sbs_S-401_2022-09_2024200498D.xls
2022-10,P009,65,A,"Mediante Resolución SBS N° 8551-2012 (15/11/2012), se autorizó el cambio de denominación social de InVita Seguros de Vida S.A. a Seguros Sura.","MEDIANTE RESOLUCION SBS N 8551-2012 (15/11/2012), SE AUTORIZO EL CAMBIO DE DENOMINACION SOCIAL DE INVITA SEGUROS DE VIDA S.A. A SEGUROS SURA.",,sbs_S-401_2022-10_2024200498D.xls
2022-10,P009,66,A,"Mediante Resolución SBS N° 2748-2015 (21/05/2015), se autorizó el cambio de denominación social de Aseguradora Magallanes Perú S.A. a HDI Seguros S.A.","MEDIANTE RESOLUCION SBS N 2748-2015 (21/05/2015), SE AUTORIZO EL CAMBIO DE DENOMINACION SOCIAL DE ASEGURADORA MAGALLANES PERU S.A. A HDI SEGUROS S.A.",,sbs_S-401_2022-10_2024200498D.xls
2022-10,P009,67,A,"Mediante Resolución SBS N° 1137-2016 (02/03/2016), se autorizó el cambio de denominación social de Ace Seguros S.A. a Chubb Seguros Perú S.A.","MEDIANTE RESOLUCION SBS N 1137-2016 (02/03/2016), SE AUTORIZO EL CAMBIO DE DENOMINACION SOCIAL DE ACE SEGUROS S.A. A CHUBB SEGUROS PERU S.A.",,sbs_S-401_2022-10_2024200498D.xls
2022-10,P009,68,A,"Mediante Resolución SBS N° 4961-2016 (14/09/2016), se autorizó el cambio de denominación social de AVAL Perú Compañía de Seguros S.A. a AVLA Perú Compañía de Seguros S.A.","MEDIANTE RESOLUCION SBS N 4961-2016 (14/09/2016), SE AUTORIZO EL CAMBIO DE DENOMINACION SOCIAL DE AVAL PERU COMPANIA DE SEGUROS S.A. A AVLA PERU COMPANIA DE SEGUROS S.A.",,sbs_S-401_2022-10_2024200498D.xls
2022-10,P009,69,A,"Mediante Resolución SBS N° 2836-2017 (19/07/2017), se autorizó la fusión por absorción de El Pacífico Vida con El Pacífico Peruano Suiza. A partir del 01.08.2017 esta empresa se denomina Pacífico Compañía de Seguros y Reaseguros.","MEDIANTE RESOLUCION SBS N 2836-2017 (19/07/2017), SE AUTORIZO LA FUSION POR ABSORCION DE EL PACIFICO VIDA CON EL PACIFICO PERUANO SUIZA. A PARTIR DEL 01.08.2017 ESTA EMPRESA SE DENOMINA PACIFICO COMPANIA DE SEGUROS Y REASEGUROS.",,sbs_S-401_2022-10_2024200498D.xls
2022-10,P009,70,A,"Mediante Resolución SBS N° 1170-2018 (27/03/2018), se autorizó la fusión por absorción de Interseguro Compañía de Seguros con Seguros Sura.","MEDIANTE RESOLUCION SBS N 1170-2018 (27/03/2018), SE AUTORIZO LA FUSION POR ABSORCION DE INTERSEGURO COMPANIA DE SEGUROS CON SEGUROS SURA.",,sbs_S-401_2022-10_2024200498D.xls
2022-10,P009,71,A,"Mediante Resolución SBS N° 2296-2019 (22/05/2019), se autorizó el cambio de denominación social de HDI Seguros S.A. a Qualitas Compañía de Seguros S.A.","MEDIANTE RESOLUCION SBS N 2296-2019 (22/05/2019), SE AUTORIZO EL CAMBIO DE DENOMINACION SOCIAL DE HDI SEGUROS S.A. A QUALITAS COMPANIA DE SEGUROS S.A.",,sbs_S-401_2022-10_2024200498D.xls
2022-10,P009,72,A,"Mediante Resolución SBS Nº 1749-2020 (01/07/2020), se autorizó la liquidación voluntaria y posterior inicio del proceso liquidatorio de Rigel Perú S.A.","MEDIANTE RESOLUCION SBS NO 1749-2020 (01/07/2020), SE AUTORIZO LA LIQUIDACION VOLUNTARIA Y POSTERIOR INICIO DEL PROCESO LIQUIDATORIO DE RIGEL PERU S.A.",,sbs_S-401_2022-10_2024200498D.xls
2022-10,P009,73,A,"Mediante Resolución SBS Nº 3286-2020 (28/12/2020), se autorizó la liquidación voluntaria y posterior inicio del proceso liquidatorio de Coface Seguros.","MEDIANTE RESOLUCION SBS NO 3286-2020 (28/12/2020), SE AUTORIZO LA LIQUIDACION VOLUNTARIA Y POSTERIOR INICIO DEL PROCESO LIQUIDATORIO DE COFACE SEGUROS.",,sbs_S-401_2022-10_2024200498D.xls
2022-10,P009,74,A,"Mediante Resolución SBS N° 278-2021 (28/01/2021), se autorizó el cambio de denominación social de Compañía de Seguros de Vida Cámara S.A. a Vivir Seguros Compañía de Seguros de Vida S.A.","MEDIANTE RESOLUCION SBS N 278-2021 (28/01/2021), SE AUTORIZO EL CAMBIO DE DENOMINACION SOCIAL DE COMPANIA DE SEGUROS DE VIDA CAMARA S.A. A VIVIR SEGUROS COMPANIA DE SEGUROS DE VIDA S.A.",,sbs_S-401_2022-10_2024200498D.xls
2022-10,P009,75,A,"Mediante Resolución SBS N° 1724-2022 (25/05/2022), se autorizó la fusión por absorción de Mapfre Perú Vida con Mapfre Perú. A partir del 01.06.2022 esta empresa se denomina Mapfre Perú Compañía de Seguros y Reaseguros S.A.","MEDIANTE RESOLUCION SBS N 1724-2022 (25/05/2022), SE AUTORIZO LA FUSION POR ABSORCION DE MAPFRE PERU VIDA CON MAPFRE PERU. A PARTIR DEL 01.06.2022 ESTA EMPRESA SE DENOMINA MAPFRE PERU COMPANIA DE SEGUROS Y REASEGUROS S.A.",,sbs_S-401_2022-10_2024200498D.xls
2022-10,P009,76,A,"(1) Las cifras de Mapfre Perú consideran los flujos de Mapfre Perú Vida, para el periodo previo a la fusión.","(1) LAS CIFRAS DE MAPFRE PERU CONSIDERAN LOS FLUJOS DE MAPFRE PERU VIDA, PARA EL PERIODO PREVIO A LA FUSION.",1,sbs_S-401_2022-10_2024200498D.xls
2022-10,P009,77,A,"(2) Flujos de Mapfre Perú (abs) de enero a mayo de 2022, antes de su fusión con Mapfre Perú Vida.","(2) FLUJOS DE MAPFRE PERU (ABS) DE ENERO A MAYO DE 2022, ANTES DE SU FUSION CON MAPFRE PERU VIDA.",2,sbs_S-401_2022-10_2024200498D.xls
2022-10,P009,78,A,"(3) Total del Sistema, considerando a los flujos de Mapfre Perú (abs) de enero a mayo de 2022.","(3) TOTAL DEL SISTEMA, CONSIDERANDO A LOS FLUJOS DE MAPFRE PERU (ABS) DE ENERO A MAYO DE 2022.",3,sbs_S-401_2022-10_2024200498D.xls
2022-10,P010,65,A,"Mediante Resolución SBS N° 8551-2012 (15/11/2012), se autorizó el cambio de denominación social de InVita Seguros de Vida S.A. a Seguros Sura.","MEDIANTE RESOLUCION SBS N 8551-2012 (15/11/2012), SE AUTORIZO EL CAMBIO DE DENOMINACION SOCIAL DE INVITA SEGUROS DE VIDA S.A. A SEGUROS SURA.",,sbs_S-401_2022-10_2024200498D.xls
2022-10,P010,66,A,"Mediante Resolución SBS N° 2748-2015 (21/05/2015), se autorizó el cambio de denominación social de Aseguradora Magallanes Perú S.A. a HDI Seguros S.A.","MEDIANTE RESOLUCION SBS N 2748-2015 (21/05/2015), SE AUTORIZO EL CAMBIO DE DENOMINACION SOCIAL DE ASEGURADORA MAGALLANES PERU S.A. A HDI SEGUROS S.A.",,sbs_S-401_2022-10_2024200498D.xls
2022-10,P010,67,A,"Mediante Resolución SBS N° 1137-2016 (02/03/2016), se autorizó el cambio de denominación social de Ace Seguros S.A. a Chubb Seguros Perú S.A.","MEDIANTE RESOLUCION SBS N 1137-2016 (02/03/2016), SE AUTORIZO EL CAMBIO DE DENOMINACION SOCIAL DE ACE SEGUROS S.A. A CHUBB SEGUROS PERU S.A.",,sbs_S-401_2022-10_2024200498D.xls
2022-10,P010,68,A,"Mediante Resolución SBS N° 4961-2016 (14/09/2016), se autorizó el cambio de denominación social de AVAL Perú Compañía de Seguros S.A. a AVLA Perú Compañía de Seguros S.A.","MEDIANTE RESOLUCION SBS N 4961-2016 (14/09/2016), SE AUTORIZO EL CAMBIO DE DENOMINACION SOCIAL DE AVAL PERU COMPANIA DE SEGUROS S.A. A AVLA PERU COMPANIA DE SEGUROS S.A.",,sbs_S-401_2022-10_2024200498D.xls
2022-10,P010,69,A,"Mediante Resolución SBS N° 2836-2017 (19/07/2017), se autorizó la fusión por absorción de El Pacífico Vida con El Pacífico Peruano Suiza. A partir del 01.08.2017 esta empresa se denomina Pacífico Compañía de Seguros y Reaseguros.","MEDIANTE RESOLUCION SBS N 2836-2017 (19/07/2017), SE AUTORIZO LA FUSION POR ABSORCION DE EL PACIFICO VIDA CON EL PACIFICO PERUANO SUIZA. A PARTIR DEL 01.08.2017 ESTA EMPRESA SE DENOMINA PACIFICO COMPANIA DE SEGUROS Y REASEGUROS.",,sbs_S-401_2022-10_2024200498D.xls
2022-10,P010,70,A,"Mediante Resolución SBS N° 1170-2018 (27/03/2018), se autorizó la fusión por absorción de Interseguro Compañía de Seguros con Seguros Sura.","MEDIANTE RESOLUCION SBS N 1170-2018 (27/03/2018), SE AUTORIZO LA FUSION POR ABSORCION DE INTERSEGURO COMPANIA DE SEGUROS CON SEGUROS SURA.",,sbs_S-401_2022-10_2024200498D.xls
2022-10,P010,71,A,"Mediante Resolución SBS N° 2296-2019 (22/05/2019), se autorizó el cambio de denominación social de HDI Seguros S.A. a Qualitas Compañía de Seguros S.A.","MEDIANTE RESOLUCION SBS N 2296-2019 (22/05/2019), SE AUTORIZO EL CAMBIO DE DENOMINACION SOCIAL DE HDI SEGUROS S.A. A QUALITAS COMPANIA DE SEGUROS S.A.",,sbs_S-401_2022-10_2024200498D.xls
2022-10,P010,72,A,"Mediante Resolución SBS Nº 1749-2020 (01/07/2020), se autorizó la liquidación voluntaria y posterior inicio del proceso liquidatorio de Rigel Perú S.A.","MEDIANTE RESOLUCION SBS NO 1749-2020 (01/07/2020), SE AUTORIZO LA LIQUIDACION VOLUNTARIA Y POSTERIOR INICIO DEL PROCESO LIQUIDATORIO DE RIGEL PERU S.A.",,sbs_S-401_2022-10_2024200498D.xls
2022-10,P010,73,A,"Mediante Resolución SBS Nº 3286-2020 (28/12/2020), se autorizó la liquidación voluntaria y posterior inicio del proceso liquidatorio de Coface Seguros.","MEDIANTE RESOLUCION SBS NO 3286-2020 (28/12/2020), SE AUTORIZO LA LIQUIDACION VOLUNTARIA Y POSTERIOR INICIO DEL PROCESO LIQUIDATORIO DE COFACE SEGUROS.",,sbs_S-401_2022-10_2024200498D.xls
2022-10,P010,74,A,"Mediante Resolución SBS N° 278-2021 (28/01/2021), se autorizó el cambio de denominación social de Compañía de Seguros de Vida Cámara S.A. a Vivir Seguros Compañía de Seguros de Vida S.A.","MEDIANTE RESOLUCION SBS N 278-2021 (28/01/2021), SE AUTORIZO EL CAMBIO DE DENOMINACION SOCIAL DE COMPANIA DE SEGUROS DE VIDA CAMARA S.A. A VIVIR SEGUROS COMPANIA DE SEGUROS DE VIDA S.A.",,sbs_S-401_2022-10_2024200498D.xls
2022-10,P010,75,A,"Mediante Resolución SBS N° 1724-2022 (25/05/2022), se autorizó la fusión por absorción de Mapfre Perú Vida con Mapfre Perú. A partir del 01.06.2022 esta empresa se denomina Mapfre Perú Compañía de Seguros y Reaseguros S.A.","MEDIANTE RESOLUCION SBS N 1724-2022 (25/05/2022), SE AUTORIZO LA FUSION POR ABSORCION DE MAPFRE PERU VIDA CON MAPFRE PERU. A PARTIR DEL 01.06.2022 ESTA EMPRESA SE DENOMINA MAPFRE PERU COMPANIA DE SEGUROS Y REASEGUROS S.A.",,sbs_S-401_2022-10_2024200498D.xls
2022-10,P010,76,A,"(1) Las cifras de Mapfre Perú consideran los flujos de Mapfre Perú Vida, para el periodo previo a la fusión.","(1) LAS CIFRAS DE MAPFRE PERU CONSIDERAN LOS FLUJOS DE MAPFRE PERU VIDA, PARA EL PERIODO PREVIO A LA FUSION.",1,sbs_S-401_2022-10_2024200498D.xls
2022-10,P010,77,A,"(2) Flujos de Mapfre Perú (abs) de enero a mayo de 2022, antes de su fusión con Mapfre Perú Vida.","(2) FLUJOS DE MAPFRE PERU (ABS) DE ENERO A MAYO DE 2022, ANTES DE SU FUSION CON MAPFRE PERU VIDA.",2,sbs_S-401_2022-10_2024200498D.xls
2022-10,P010,78,A,"(3) Total del Sistema, considerando a los flujos de Mapfre Perú (abs) de enero a mayo de 2022.","(3) TOTAL DEL SISTEMA, CONSIDERANDO A LOS FLUJOS DE MAPFRE PERU (ABS) DE ENERO A MAYO DE 2022.",3,sbs_S-401_2022-10_2024200498D.xls
2022-11,P009,65,A,"Mediante Resolución SBS N° 8551-2012 (15/11/2012), se autorizó el cambio de denominación social de InVita Seguros de Vida S.A. a Seguros Sura.","MEDIANTE RESOLUCION SBS N 8551-2012 (15/11/2012), SE AUTORIZO EL CAMBIO DE DENOMINACION SOCIAL DE INVITA SEGUROS DE VIDA S.A. A SEGUROS SURA.",,sbs_S-401_2022-11_2024200498D.xls
2022-11,P009,66,A,"Mediante Resolución SBS N° 2748-2015 (21/05/2015), se autorizó el cambio de denominación social de Aseguradora Magallanes Perú S.A. a HDI Seguros S.A.","MEDIANTE RESOLUCION SBS N 2748-2015 (21/05/2015), SE AUTORIZO EL CAMBIO DE DENOMINACION SOCIAL DE ASEGURADORA MAGALLANES PERU S.A. A HDI SEGUROS S.A.",,sbs_S-401_2022-11_2024200498D.xls
2022-11,P009,67,A,"Mediante Resolución SBS N° 1137-2016 (02/03/2016), se autorizó el cambio de denominación social de Ace Seguros S.A. a Chubb Seguros Perú S.A.","MEDIANTE RESOLUCION SBS N 1137-2016 (02/03/2016), SE AUTORIZO EL CAMBIO DE DENOMINACION SOCIAL DE ACE SEGUROS S.A. A CHUBB SEGUROS PERU S.A.",,sbs_S-401_2022-11_2024200498D.xls
2022-11,P009,68,A,"Mediante Resolución SBS N° 4961-2016 (14/09/2016), se autorizó el cambio de denominación social de AVAL Perú Compañía de Seguros S.A. a AVLA Perú Compañía de Seguros S.A.","MEDIANTE RESOLUCION SBS N 4961-2016 (14/09/2016), SE AUTORIZO EL CAMBIO DE DENOMINACION SOCIAL DE AVAL PERU COMPANIA DE SEGUROS S.A. A AVLA PERU COMPANIA DE SEGUROS S.A.",,sbs_S-401_2022-11_2024200498D.xls
2022-11,P009,69,A,"Mediante Resolución SBS N° 2836-2017 (19/07/2017), se autorizó la fusión por absorción de El Pacífico Vida con El Pacífico Peruano Suiza. A partir del 01.08.2017 esta empresa se denomina Pacífico Compañía de Seguros y Reaseguros.","MEDIANTE RESOLUCION SBS N 2836-2017 (19/07/2017), SE AUTORIZO LA FUSION POR ABSORCION DE EL PACIFICO VIDA CON EL PACIFICO PERUANO SUIZA. A PARTIR DEL 01.08.2017 ESTA EMPRESA SE DENOMINA PACIFICO COMPANIA DE SEGUROS Y REASEGUROS.",,sbs_S-401_2022-11_2024200498D.xls
2022-11,P009,70,A,"Mediante Resolución SBS N° 1170-2018 (27/03/2018), se autorizó la fusión por absorción de Interseguro Compañía de Seguros con Seguros Sura.","MEDIANTE RESOLUCION SBS N 1170-2018 (27/03/2018), SE AUTORIZO LA FUSION POR ABSORCION DE INTERSEGURO COMPANIA DE SEGUROS CON SEGUROS SURA.",,sbs_S-401_2022-11_2024200498D.xls
2022-11,P009,71,A,"Mediante Resolución SBS N° 2296-2019 (22/05/2019), se autorizó el cambio de denominación social de HDI Seguros S.A. a Qualitas Compañía de Seguros S.A.","MEDIANTE RESOLUCION SBS N 2296-2019 (22/05/2019), SE AUTORIZO EL CAMBIO DE DENOMINACION SOCIAL DE HDI SEGUROS S.A. A QUALITAS COMPANIA DE SEGUROS S.A.",,sbs_S-401_2022-11_2024200498D.xls
2022-11,P009,72,A,"Mediante Resolución SBS Nº 1749-2020 (01/07/2020), se autorizó la liquidación voluntaria y posterior inicio del proceso liquidatorio de Rigel Perú S.A.","MEDIANTE RESOLUCION SBS NO 1749-2020 (01/07/2020), SE AUTORIZO LA LIQUIDACION VOLUNTARIA Y POSTERIOR INICIO DEL PROCESO LIQUIDATORIO DE RIGEL PERU S.A.",,sbs_S-401_2022-11_2024200498D.xls
2022-11,P009,73,A,"Mediante Resolución SBS Nº 3286-2020 (28/12/2020), se autorizó la liquidación voluntaria y posterior inicio del proceso liquidatorio de Coface Seguros.","MEDIANTE RESOLUCION SBS NO 3286-2020 (28/12/2020), SE AUTORIZO LA LIQUIDACION VOLUNTARIA Y POSTERIOR INICIO DEL PROCESO LIQUIDATORIO DE COFACE SEGUROS.",,sbs_S-401_2022-11_2024200498D.xls
2022-11,P009,74,A,"Mediante Resolución SBS N° 278-2021 (28/01/2021), se autorizó el cambio de denominación social de Compañía de Seguros de Vida Cámara S.A. a Vivir Seguros Compañía de Seguros de Vida S.A.","MEDIANTE RESOLUCION SBS N 278-2021 (28/01/2021), SE AUTORIZO EL CAMBIO DE DENOMINACION SOCIAL DE COMPANIA DE SEGUROS DE VIDA CAMARA S.A. A VIVIR SEGUROS COMPANIA DE SEGUROS DE VIDA S.A.",,sbs_S-401_2022-11_2024200498D.xls
2022-11,P009,75,A,"Mediante Resolución SBS N° 1724-2022 (25/05/2022), se autorizó la fusión por absorción de Mapfre Perú Vida con Mapfre Perú. A partir del 01.06.2022 esta empresa se denomina Mapfre Perú Compañía de Seguros y Reaseguros S.A.","MEDIANTE RESOLUCION SBS N 1724-2022 (25/05/2022), SE AUTORIZO LA FUSION POR ABSORCION DE MAPFRE PERU VIDA CON MAPFRE PERU. A PARTIR DEL 01.06.2022 ESTA EMPRESA SE DENOMINA MAPFRE PERU COMPANIA DE SEGUROS Y REASEGUROS S.A.",,sbs_S-401_2022-11_2024200498D.xls
2022-11,P009,76,A,"(1) Las cifras de Mapfre Perú consideran los flujos de Mapfre Perú Vida, para el periodo previo a la fusión.","(1) LAS CIFRAS DE MAPFRE PERU CONSIDERAN LOS FLUJOS DE MAPFRE PERU VIDA, PARA EL PERIODO PREVIO A LA FUSION.",1,sbs_S-401_2022-11_2024200498D.xls
2022-11,P009,77,A,"(2) Flujos de Mapfre Perú (abs) de enero a mayo de 2022, antes de su fusión con Mapfre Perú Vida.","(2) FLUJOS DE MAPFRE PERU (ABS) DE ENERO A MAYO DE 2022, ANTES DE SU FUSION CON MAPFRE PERU VIDA.",2,sbs_S-401_2022-11_2024200498D.xls
2022-11,P009,78,A,"(3) Total del Sistema, considerando a los flujos de Mapfre Perú (abs) de enero a mayo de 2022.","(3) TOTAL DEL SISTEMA, CONSIDERANDO A LOS FLUJOS DE MAPFRE PERU (ABS) DE ENERO A MAYO DE 2022.",3,sbs_S-401_2022-11_2024200498D.xls
2022-11,P010,65,A,"Mediante Resolución SBS N° 8551-2012 (15/11/2012), se autorizó el cambio de denominación social de InVita Seguros de Vida S.A. a Seguros Sura.","MEDIANTE RESOLUCION SBS N 8551-2012 (15/11/2012), SE AUTORIZO EL CAMBIO DE DENOMINACION SOCIAL DE INVITA SEGUROS DE VIDA S.A. A SEGUROS SURA.",,sbs_S-401_2022-11_2024200498D.xls
2022-11,P010,66,A,"Mediante Resolución SBS N° 2748-2015 (21/05/2015), se autorizó el cambio de denominación social de Aseguradora Magallanes Perú S.A. a HDI Seguros S.A.","MEDIANTE RESOLUCION SBS N 2748-2015 (21/05/2015), SE AUTORIZO EL CAMBIO DE DENOMINACION SOCIAL DE ASEGURADORA MAGALLANES PERU S.A. A HDI SEGUROS S.A.",,sbs_S-401_2022-11_2024200498D.xls
2022-11,P010,67,A,"Mediante Resolución SBS N° 1137-2016 (02/03/2016), se autorizó el cambio de denominación social de Ace Seguros S.A. a Chubb Seguros Perú S.A.","MEDIANTE RESOLUCION SBS N 1137-2016 (02/03/2016), SE AUTORIZO EL CAMBIO DE DENOMINACION SOCIAL DE ACE SEGUROS S.A. A CHUBB SEGUROS PERU S.A.",,sbs_S-401_2022-11_2024200498D.xls
2022-11,P010,68,A,"Mediante Resolución SBS N° 4961-2016 (14/09/2016), se autorizó el cambio de denominación social de AVAL Perú Compañía de Seguros S.A. a AVLA Perú Compañía de Seguros S.A.","MEDIANTE RESOLUCION SBS N 4961-2016 (14/09/2016), SE AUTORIZO EL CAMBIO DE DENOMINACION SOCIAL DE AVAL PERU COMPANIA DE SEGUROS S.A. A AVLA PERU COMPANIA DE SEGUROS S.A.",,sbs_S-401_2022-11_2024200498D.xls
2022-11,P010,69,A,"Mediante Resolución SBS N° 2836-2017 (19/07/2017), se autorizó la fusión por absorción de El Pacífico Vida con El Pacífico Peruano Suiza. A partir del 01.08.2017 esta empresa se denomina Pacífico Compañía de Seguros y Reaseguros.","MEDIANTE RESOLUCION SBS N 2836-2017 (19/07/2017), SE AUTORIZO LA FUSION POR ABSORCION DE EL PACIFICO VIDA CON EL PACIFICO PERUANO SUIZA. A PARTIR DEL 01.08.2017 ESTA EMPRESA SE DENOMINA PACIFICO COMPANIA DE SEGUROS Y REASEGUROS.",,sbs_S-401_2022-11_2024200498D.xls
2022-11,P010,70,A,"Mediante Resolución SBS N° 1170-2018 (27/03/2018), se autorizó la fusión por absorción de Interseguro Compañía de Seguros con Seguros Sura.","MEDIANTE RESOLUCION SBS N 1170-2018 (27/03/2018), SE AUTORIZO LA FUSION POR ABSORCION DE INTERSEGURO COMPANIA DE SEGUROS CON SEGUROS SURA.",,sbs_S-401_2022-11_2024200498D.xls
2022-11,P010,71,A,"Mediante Resolución SBS N° 2296-2019 (22/05/2019), se autorizó el cambio de denominación social de HDI Seguros S.A. a Qualitas Compañía de Seguros S.A.","MEDIANTE RESOLUCION SBS N 2296-2019 (22/05/2019), SE AUTORIZO EL CAMBIO DE DENOMINACION SOCIAL DE HDI SEGUROS S.A. A QUALITAS COMPANIA DE SEGUROS S.A.",,sbs_S-401_2022-11_2024200498D.xls
2022-11,P010,72,A,"Mediante Resolución SBS Nº 1749-2020 (01/07/2020), se autorizó la liquidación voluntaria y posterior inicio del proceso liquidatorio de Rigel Perú S.A.","MEDIANTE RESOLUCION SBS NO 1749-2020 (01/07/2020), SE AUTORIZO LA LIQUIDACION VOLUNTARIA Y POSTERIOR INICIO DEL PROCESO LIQUIDATORIO DE RIGEL PERU S.A.",,sbs_S-401_2022-11_2024200498D.xls
2022-11,P010,73,A,"Mediante Resolución SBS Nº 3286-2020 (28/12/2020), se autorizó la liquidación voluntaria y posterior inicio del proceso liquidatorio de Coface Seguros.","MEDIANTE RESOLUCION SBS NO 3286-2020 (28/12/2020), SE AUTORIZO LA LIQUIDACION VOLUNTARIA Y POSTERIOR INICIO DEL PROCESO LIQUIDATORIO DE COFACE SEGUROS.",,sbs_S-401_2022-11_2024200498D.xls
2022-11,P010,74,A,"Mediante Resolución SBS N° 278-2021 (28/01/2021), se autorizó el cambio de denominación social de Compañía de Seguros de Vida Cámara S.A. a Vivir Seguros Compañía de Seguros de Vida S.A.","MEDIANTE RESOLUCION SBS N 278-2021 (28/01/2021), SE AUTORIZO EL CAMBIO DE DENOMINACION SOCIAL DE COMPANIA DE SEGUROS DE VIDA CAMARA S.A. A VIVIR SEGUROS COMPANIA DE SEGUROS DE VIDA S.A.",,sbs_S-401_2022-11_2024200498D.xls
2022-11,P010,75,A,"Mediante Resolución SBS N° 1724-2022 (25/05/2022), se autorizó la fusión por absorción de Mapfre Perú Vida con Mapfre Perú. A partir del 01.06.2022 esta empresa se denomina Mapfre Perú Compañía de Seguros y Reaseguros S.A.","MEDIANTE RESOLUCION SBS N 1724-2022 (25/05/2022), SE AUTORIZO LA FUSION POR ABSORCION DE MAPFRE PERU VIDA CON MAPFRE PERU. A PARTIR DEL 01.06.2022 ESTA EMPRESA SE DENOMINA MAPFRE PERU COMPANIA DE SEGUROS Y REASEGUROS S.A.",,sbs_S-401_2022-11_2024200498D.xls
2022-11,P010,76,A,"(1) Las cifras de Mapfre Perú consideran los flujos de Mapfre Perú Vida, para el periodo previo a la fusión.","(1) LAS CIFRAS DE MAPFRE PERU CONSIDERAN LOS FLUJOS DE MAPFRE PERU VIDA, PARA EL PERIODO PREVIO A LA FUSION.",1,sbs_S-401_2022-11_2024200498D.xls
2022-11,P010,77,A,"(2) Flujos de Mapfre Perú (abs) de enero a mayo de 2022, antes de su fusión con Mapfre Perú Vida.","(2) FLUJOS DE MAPFRE PERU (ABS) DE ENERO A MAYO DE 2022, ANTES DE SU FUSION CON MAPFRE PERU VIDA.",2,sbs_S-401_2022-11_2024200498D.xls
2022-11,P010,78,A,"(3) Total del Sistema, considerando a los flujos de Mapfre Perú (abs) de enero a mayo de 2022.","(3) TOTAL DEL SISTEMA, CONSIDERANDO A LOS FLUJOS DE MAPFRE PERU (ABS) DE ENERO A MAYO DE 2022.",3,sbs_S-401_2022-11_2024200498D.xls
2022-12,P009,65,A,"Mediante Resolución SBS N° 8551-2012 (15/11/2012), se autorizó el cambio de denominación social de InVita Seguros de Vida S.A. a Seguros Sura.","MEDIANTE RESOLUCION SBS N 8551-2012 (15/11/2012), SE AUTORIZO EL CAMBIO DE DENOMINACION SOCIAL DE INVITA SEGUROS DE VIDA S.A. A SEGUROS SURA.",,sbs_S-401_2022-12_2024200498D.xls
2022-12,P009,66,A,"Mediante Resolución SBS N° 2748-2015 (21/05/2015), se autorizó el cambio de denominación social de Aseguradora Magallanes Perú S.A. a HDI Seguros S.A.","MEDIANTE RESOLUCION SBS N 2748-2015 (21/05/2015), SE AUTORIZO EL CAMBIO DE DENOMINACION SOCIAL DE ASEGURADORA MAGALLANES PERU S.A. A HDI SEGUROS S.A.",,sbs_S-401_2022-12_2024200498D.xls
2022-12,P009,67,A,"Mediante Resolución SBS N° 1137-2016 (02/03/2016), se autorizó el cambio de denominación social de Ace Seguros S.A. a Chubb Seguros Perú S.A.","MEDIANTE RESOLUCION SBS N 1137-2016 (02/03/2016), SE AUTORIZO EL CAMBIO DE DENOMINACION SOCIAL DE ACE SEGUROS S.A. A CHUBB SEGUROS PERU S.A.",,sbs_S-401_2022-12_2024200498D.xls
2022-12,P009,68,A,"Mediante Resolución SBS N° 4961-2016 (14/09/2016), se autorizó el cambio de denominación social de AVAL Perú Compañía de Seguros S.A. a AVLA Perú Compañía de Seguros S.A.","MEDIANTE RESOLUCION SBS N 4961-2016 (14/09/2016), SE AUTORIZO EL CAMBIO DE DENOMINACION SOCIAL DE AVAL PERU COMPANIA DE SEGUROS S.A. A AVLA PERU COMPANIA DE SEGUROS S.A.",,sbs_S-401_2022-12_2024200498D.xls
2022-12,P009,69,A,"Mediante Resolución SBS N° 2836-2017 (19/07/2017), se autorizó la fusión por absorción de El Pacífico Vida con El Pacífico Peruano Suiza. A partir del 01.08.2017 esta empresa se denomina Pacífico Compañía de Seguros y Reaseguros.","MEDIANTE RESOLUCION SBS N 2836-2017 (19/07/2017), SE AUTORIZO LA FUSION POR ABSORCION DE EL PACIFICO VIDA CON EL PACIFICO PERUANO SUIZA. A PARTIR DEL 01.08.2017 ESTA EMPRESA SE DENOMINA PACIFICO COMPANIA DE SEGUROS Y REASEGUROS.",,sbs_S-401_2022-12_2024200498D.xls
2022-12,P009,70,A,"Mediante Resolución SBS N° 1170-2018 (27/03/2018), se autorizó la fusión por absorción de Interseguro Compañía de Seguros con Seguros Sura.","MEDIANTE RESOLUCION SBS N 1170-2018 (27/03/2018), SE AUTORIZO LA FUSION POR ABSORCION DE INTERSEGURO COMPANIA DE SEGUROS CON SEGUROS SURA.",,sbs_S-401_2022-12_2024200498D.xls
2022-12,P009,71,A,"Mediante Resolución SBS N° 2296-2019 (22/05/2019), se autorizó el cambio de denominación social de HDI Seguros S.A. a Qualitas Compañía de Seguros S.A.","MEDIANTE RESOLUCION SBS N 2296-2019 (22/05/2019), SE AUTORIZO EL CAMBIO DE DENOMINACION SOCIAL DE HDI SEGUROS S.A. A QUALITAS COMPANIA DE SEGUROS S.A.",,sbs_S-401_2022-12_2024200498D.xls
2022-12,P009,72,A,"Mediante Resolución SBS Nº 1749-2020 (01/07/2020), se autorizó la liquidación voluntaria y posterior inicio del proceso liquidatorio de Rigel Perú S.A.","MEDIANTE RESOLUCION SBS NO 1749-2020 (01/07/2020), SE AUTORIZO LA LIQUIDACION VOLUNTARIA Y POSTERIOR INICIO DEL PROCESO LIQUIDATORIO DE RIGEL PERU S.A.",,sbs_S-401_2022-12_2024200498D.xls
2022-12,P009,73,A,"Mediante Resolución SBS Nº 3286-2020 (28/12/2020), se autorizó la liquidación voluntaria y posterior inicio del proceso liquidatorio de Coface Seguros.","MEDIANTE RESOLUCION SBS NO 3286-2020 (28/12/2020), SE AUTORIZO LA LIQUIDACION VOLUNTARIA Y POSTERIOR INICIO DEL PROCESO LIQUIDATORIO DE COFACE SEGUROS.",,sbs_S-401_2022-12_2024200498D.xls
2022-12,P009,74,A,"Mediante Resolución SBS N° 278-2021 (28/01/2021), se autorizó el cambio de denominación social de Compañía de Seguros de Vida Cámara S.A. a Vivir Seguros Compañía de Seguros de Vida S.A.","MEDIANTE RESOLUCION SBS N 278-2021 (28/01/2021), SE AUTORIZO EL CAMBIO DE DENOMINACION SOCIAL DE COMPANIA DE SEGUROS DE VIDA CAMARA S.A. A VIVIR SEGUROS COMPANIA DE SEGUROS DE VIDA S.A.",,sbs_S-401_2022-12_2024200498D.xls
2022-12,P009,75,A,"Mediante Resolución SBS N° 1724-2022 (25/05/2022), se autorizó la fusión por absorción de Mapfre Perú Vida con Mapfre Perú. A partir del 01.06.2022 esta empresa se denomina Mapfre Perú Compañía de Seguros y Reaseguros S.A.","MEDIANTE RESOLUCION SBS N 1724-2022 (25/05/2022), SE AUTORIZO LA FUSION POR ABSORCION DE MAPFRE PERU VIDA CON MAPFRE PERU. A PARTIR DEL 01.06.2022 ESTA EMPRESA SE DENOMINA MAPFRE PERU COMPANIA DE SEGUROS Y REASEGUROS S.A.",,sbs_S-401_2022-12_2024200498D.xls
2022-12,P009,76,A,"(1) Las cifras de Mapfre Perú consideran los flujos de Mapfre Perú Vida, para el periodo previo a la fusión.","(1) LAS CIFRAS DE MAPFRE PERU CONSIDERAN LOS FLUJOS DE MAPFRE PERU VIDA, PARA EL PERIODO PREVIO A LA FUSION.",1,sbs_S-401_2022-12_2024200498D.xls
2022-12,P009,77,A,"(2) Flujos de Mapfre Perú (abs) de enero a mayo de 2022, antes de su fusión con Mapfre Perú Vida.","(2) FLUJOS DE MAPFRE PERU (ABS) DE ENERO A MAYO DE 2022, ANTES DE SU FUSION CON MAPFRE PERU VIDA.",2,sbs_S-401_2022-12_2024200498D.xls
2022-12,P009,78,A,"(3) Total del Sistema, considerando a los flujos de Mapfre Perú (abs) de enero a mayo de 2022.","(3) TOTAL DEL SISTEMA, CONSIDERANDO A LOS FLUJOS DE MAPFRE PERU (ABS) DE ENERO A MAYO DE 2022.",3,sbs_S-401_2022-12_2024200498D.xls
2022-12,P010,65,A,"Mediante Resolución SBS N° 8551-2012 (15/11/2012), se autorizó el cambio de denominación social de InVita Seguros de Vida S.A. a Seguros Sura.","MEDIANTE RESOLUCION SBS N 8551-2012 (15/11/2012), SE AUTORIZO EL CAMBIO DE DENOMINACION SOCIAL DE INVITA SEGUROS DE VIDA S.A. A SEGUROS SURA.",,sbs_S-401_2022-12_2024200498D.xls
2022-12,P010,66,A,"Mediante Resolución SBS N° 2748-2015 (21/05/2015), se autorizó el cambio de denominación social de Aseguradora Magallanes Perú S.A. a HDI Seguros S.A.","MEDIANTE RESOLUCION SBS N 2748-2015 (21/05/2015), SE AUTORIZO EL CAMBIO DE DENOMINACION SOCIAL DE ASEGURADORA MAGALLANES PERU S.A. A HDI SEGUROS S.A.",,sbs_S-401_2022-12_2024200498D.xls
2022-12,P010,67,A,"Mediante Resolución SBS N° 1137-2016 (02/03/2016), se autorizó el cambio de denominación social de Ace Seguros S.A. a Chubb Seguros Perú S.A.","MEDIANTE RESOLUCION SBS N 1137-2016 (02/03/2016), SE AUTORIZO EL CAMBIO DE DENOMINACION SOCIAL DE ACE SEGUROS S.A. A CHUBB SEGUROS PERU S.A.",,sbs_S-401_2022-12_2024200498D.xls
2022-12,P010,68,A,"Mediante Resolución SBS N° 4961-2016 (14/09/2016), se autorizó el cambio de denominación social de AVAL Perú Compañía de Seguros S.A. a AVLA Perú Compañía de Seguros S.A.","MEDIANTE RESOLUCION SBS N 4961-2016 (14/09/2016), SE AUTORIZO EL CAMBIO DE DENOMINACION SOCIAL DE AVAL PERU COMPANIA DE SEGUROS S.A. A AVLA PERU COMPANIA DE SEGUROS S.A.",,sbs_S-401_2022-12_2024200498D.xls
2022-12,P010,69,A,"Mediante Resolución SBS N° 2836-2017 (19/07/2017), se autorizó la fusión por absorción de El Pacífico Vida con El Pacífico Peruano Suiza. A partir del 01.08.2017 esta empresa se denomina Pacífico Compañía de Seguros y Reaseguros.","MEDIANTE RESOLUCION SBS N 2836-2017 (19/07/2017), SE AUTORIZO LA FUSION POR ABSORCION DE EL PACIFICO VIDA CON EL PACIFICO PERUANO SUIZA. A PARTIR DEL 01.08.2017 ESTA EMPRESA SE DENOMINA PACIFICO COMPANIA DE SEGUROS Y REASEGUROS.",,sbs_S-401_2022-12_2024200498D.xls
2022-12,P010,70,A,"Mediante Resolución SBS N° 1170-2018 (27/03/2018), se autorizó la fusión por absorción de Interseguro Compañía de Seguros con Seguros Sura.","MEDIANTE RESOLUCION SBS N 1170-2018 (27/03/2018), SE AUTORIZO LA FUSION POR ABSORCION DE INTERSEGURO COMPANIA DE SEGUROS CON SEGUROS SURA.",,sbs_S-401_2022-12_2024200498D.xls
2022-12,P010,71,A,"Mediante Resolución SBS N° 2296-2019 (22/05/2019), se autorizó el cambio de denominación social de HDI Seguros S.A. a Qualitas Compañía de Seguros S.A.","MEDIANTE RESOLUCION SBS N 2296-2019 (22/05/2019), SE AUTORIZO EL CAMBIO DE DENOMINACION SOCIAL DE HDI SEGUROS S.A. A QUALITAS COMPANIA DE SEGUROS S.A.",,sbs_S-401_2022-12_2024200498D.xls
2022-12,P010,72,A,"Mediante Resolución SBS Nº 1749-2020 (01/07/2020), se autorizó la liquidación voluntaria y posterior inicio del proceso liquidatorio de Rigel Perú S.A.","MEDIANTE RESOLUCION SBS NO 1749-2020 (01/07/2020), SE AUTORIZO LA LIQUIDACION VOLUNTARIA Y POSTERIOR INICIO DEL PROCESO LIQUIDATORIO DE RIGEL PERU S.A.",,sbs_S-401_2022-12_2024200498D.xls
2022-12,P010,73,A,"Mediante Resolución SBS Nº 3286-2020 (28/12/2020), se autorizó la liquidación voluntaria y posterior inicio del proceso liquidatorio de Coface Seguros.","MEDIANTE RESOLUCION SBS NO 3286-2020 (28/12/2020), SE AUTORIZO LA LIQUIDACION VOLUNTARIA Y POSTERIOR INICIO DEL PROCESO LIQUIDATORIO DE COFACE SEGUROS.",,sbs_S-401_2022-12_2024200498D.xls
2022-12,P010,74,A,"Mediante Resolución SBS N° 278-2021 (28/01/2021), se autorizó el cambio de denominación social de Compañía de Seguros de Vida Cámara S.A. a Vivir Seguros Compañía de Seguros de Vida S.A.","MEDIANTE RESOLUCION SBS N 278-2021 (28/01/2021), SE AUTORIZO EL CAMBIO DE DENOMINACION SOCIAL DE COMPANIA DE SEGUROS DE VIDA CAMARA S.A. A VIVIR SEGUROS COMPANIA DE SEGUROS DE VIDA S.A.",,sbs_S-401_2022-12_2024200498D.xls
2022-12,P010,75,A,"Mediante Resolución SBS N° 1724-2022 (25/05/2022), se autorizó la fusión por absorción de Mapfre Perú Vida con Mapfre Perú. A partir del 01.06.2022 esta empresa se denomina Mapfre Perú Compañía de Seguros y Reaseguros S.A.","MEDIANTE RESOLUCION SBS N 1724-2022 (25/05/2022), SE AUTORIZO LA FUSION POR ABSORCION DE MAPFRE PERU VIDA CON MAPFRE PERU. A PARTIR DEL 01.06.2022 ESTA EMPRESA SE DENOMINA MAPFRE PERU COMPANIA DE SEGUROS Y REASEGUROS S.A.",,sbs_S-401_2022-12_2024200498D.xls
2022-12,P010,76,A,"(1) Las cifras de Mapfre Perú consideran los flujos de Mapfre Perú Vida, para el periodo previo a la fusión.","(1) LAS CIFRAS DE MAPFRE PERU CONSIDERAN LOS FLUJOS DE MAPFRE PERU VIDA, PARA EL PERIODO PREVIO A LA FUSION.",1,sbs_S-401_2022-12_2024200498D.xls
2022-12,P010,77,A,"(2) Flujos de Mapfre Perú (abs) de enero a mayo de 2022, antes de su fusión con Mapfre Perú Vida.","(2) FLUJOS DE MAPFRE PERU (ABS) DE ENERO A MAYO DE 2022, ANTES DE SU FUSION CON MAPFRE PERU VIDA.",2,sbs_S-401_2022-12_2024200498D.xls
2022-12,P010,78,A,"(3) Total del Sistema, considerando a los flujos de Mapfre Perú (abs) de enero a mayo de 2022.","(3) TOTAL DEL SISTEMA, CONSIDERANDO A LOS FLUJOS DE MAPFRE PERU (ABS) DE ENERO A MAYO DE 2022.",3,sbs_S-401_2022-12_2024200498D.xls
2023-01,P009,65,A,"Mediante Resolución SBS N° 8551-2012 (15/11/2012), se autorizó el cambio de denominación social de InVita Seguros de Vida S.A. a Seguros Sura.","MEDIANTE RESOLUCION SBS N 8551-2012 (15/11/2012), SE AUTORIZO EL CAMBIO DE DENOMINACION SOCIAL DE INVITA SEGUROS DE VIDA S.A. A SEGUROS SURA.",,sbs_S-401_2023-01_2024200498D.xls
2023-01,P009,66,A,"Mediante Resolución SBS N° 2748-2015 (21/05/2015), se autorizó el cambio de denominación social de Aseguradora Magallanes Perú S.A. a HDI Seguros S.A.","MEDIANTE RESOLUCION SBS N 2748-2015 (21/05/2015), SE AUTORIZO EL CAMBIO DE DENOMINACION SOCIAL DE ASEGURADORA MAGALLANES PERU S.A. A HDI SEGUROS S.A.",,sbs_S-401_2023-01_2024200498D.xls
2023-01,P009,67,A,"Mediante Resolución SBS N° 1137-2016 (02/03/2016), se autorizó el cambio de denominación social de Ace Seguros S.A. a Chubb Seguros Perú S.A.","MEDIANTE RESOLUCION SBS N 1137-2016 (02/03/2016), SE AUTORIZO EL CAMBIO DE DENOMINACION SOCIAL DE ACE SEGUROS S.A. A CHUBB SEGUROS PERU S.A.",,sbs_S-401_2023-01_2024200498D.xls
2023-01,P009,68,A,"Mediante Resolución SBS N° 4961-2016 (14/09/2016), se autorizó el cambio de denominación social de AVAL Perú Compañía de Seguros S.A. a AVLA Perú Compañía de Seguros S.A.","MEDIANTE RESOLUCION SBS N 4961-2016 (14/09/2016), SE AUTORIZO EL CAMBIO DE DENOMINACION SOCIAL DE AVAL PERU COMPANIA DE SEGUROS S.A. A AVLA PERU COMPANIA DE SEGUROS S.A.",,sbs_S-401_2023-01_2024200498D.xls
2023-01,P009,69,A,"Mediante Resolución SBS N° 2836-2017 (19/07/2017), se autorizó la fusión por absorción de El Pacífico Vida con El Pacífico Peruano Suiza. A partir del 01.08.2017 esta empresa se denomina Pacífico Compañía de Seguros y Reaseguros.","MEDIANTE RESOLUCION SBS N 2836-2017 (19/07/2017), SE AUTORIZO LA FUSION POR ABSORCION DE EL PACIFICO VIDA CON EL PACIFICO PERUANO SUIZA. A PARTIR DEL 01.08.2017 ESTA EMPRESA SE DENOMINA PACIFICO COMPANIA DE SEGUROS Y REASEGUROS.",,sbs_S-401_2023-01_2024200498D.xls
2023-01,P009,70,A,"Mediante Resolución SBS N° 1170-2018 (27/03/2018), se autorizó la fusión por absorción de Interseguro Compañía de Seguros con Seguros Sura.","MEDIANTE RESOLUCION SBS N 1170-2018 (27/03/2018), SE AUTORIZO LA FUSION POR ABSORCION DE INTERSEGURO COMPANIA DE SEGUROS CON SEGUROS SURA.",,sbs_S-401_2023-01_2024200498D.xls
2023-01,P009,71,A,"Mediante Resolución SBS N° 2296-2019 (22/05/2019), se autorizó el cambio de denominación social de HDI Seguros S.A. a Qualitas Compañía de Seguros S.A.","MEDIANTE RESOLUCION SBS N 2296-2019 (22/05/2019), SE AUTORIZO EL CAMBIO DE DENOMINACION SOCIAL DE HDI SEGUROS S.A. A QUALITAS COMPANIA DE SEGUROS S.A.",,sbs_S-401_2023-01_2024200498D.xls
2023-01,P009,72,A,"Mediante Resolución SBS Nº 1749-2020 (01/07/2020), se autorizó la liquidación voluntaria y posterior inicio del proceso liquidatorio de Rigel Perú S.A.","MEDIANTE RESOLUCION SBS NO 1749-2020 (01/07/2020), SE AUTORIZO LA LIQUIDACION VOLUNTARIA Y POSTERIOR INICIO DEL PROCESO LIQUIDATORIO DE RIGEL PERU S.A.",,sbs_S-401_2023-01_2024200498D.xls
2023-01,P009,73,A,"Mediante Resolución SBS Nº 3286-2020 (28/12/2020), se autorizó la liquidación voluntaria y posterior inicio del proceso liquidatorio de Coface Seguros.","MEDIANTE RESOLUCION SBS NO 3286-2020 (28/12/2020), SE AUTORIZO LA LIQUIDACION VOLUNTARIA Y POSTERIOR INICIO DEL PROCESO LIQUIDATORIO DE COFACE SEGUROS.",,sbs_S-401_2023-01_2024200498D.xls
2023-01,P009,74,A,"Mediante Resolución SBS N° 278-2021 (28/01/2021), se autorizó el cambio de denominación social de Compañía de Seguros de Vida Cámara S.A. a Vivir Seguros Compañía de Seguros de Vida S.A.","MEDIANTE RESOLUCION SBS N 278-2021 (28/01/2021), SE AUTORIZO EL CAMBIO DE DENOMINACION SOCIAL DE COMPANIA DE SEGUROS DE VIDA CAMARA S.A. A VIVIR SEGUROS COMPANIA DE SEGUROS DE VIDA S.A.",,sbs_S-401_2023-01_2024200498D.xls
2023-01,P009,75,A,"Mediante Resolución SBS N° 1724-2022 (25/05/2022), se autorizó la fusión por absorción de Mapfre Perú Vida con Mapfre Perú. A partir del 01.06.2022 esta empresa se denomina Mapfre Perú Compañía de Seguros y Reaseguros S.A.","MEDIANTE RESOLUCION SBS N 1724-2022 (25/05/2022), SE AUTORIZO LA FUSION POR ABSORCION DE MAPFRE PERU VIDA CON MAPFRE PERU. A PARTIR DEL 01.06.2022 ESTA EMPRESA SE DENOMINA MAPFRE PERU COMPANIA DE SEGUROS Y REASEGUROS S.A.",,sbs_S-401_2023-01_2024200498D.xls
2023-01,P010,65,A,"Mediante Resolución SBS N° 8551-2012 (15/11/2012), se autorizó el cambio de denominación social de InVita Seguros de Vida S.A. a Seguros Sura.","MEDIANTE RESOLUCION SBS N 8551-2012 (15/11/2012), SE AUTORIZO EL CAMBIO DE DENOMINACION SOCIAL DE INVITA SEGUROS DE VIDA S.A. A SEGUROS SURA.",,sbs_S-401_2023-01_2024200498D.xls
2023-01,P010,66,A,"Mediante Resolución SBS N° 2748-2015 (21/05/2015), se autorizó el cambio de denominación social de Aseguradora Magallanes Perú S.A. a HDI Seguros S.A.","MEDIANTE RESOLUCION SBS N 2748-2015 (21/05/2015), SE AUTORIZO EL CAMBIO DE DENOMINACION SOCIAL DE ASEGURADORA MAGALLANES PERU S.A. A HDI SEGUROS S.A.",,sbs_S-401_2023-01_2024200498D.xls
2023-01,P010,67,A,"Mediante Resolución SBS N° 1137-2016 (02/03/2016), se autorizó el cambio de denominación social de Ace Seguros S.A. a Chubb Seguros Perú S.A.","MEDIANTE RESOLUCION SBS N 1137-2016 (02/03/2016), SE AUTORIZO EL CAMBIO DE DENOMINACION SOCIAL DE ACE SEGUROS S.A. A CHUBB SEGUROS PERU S.A.",,sbs_S-401_2023-01_2024200498D.xls
2023-01,P010,68,A,"Mediante Resolución SBS N° 4961-2016 (14/09/2016), se autorizó el cambio de denominación social de AVAL Perú Compañía de Seguros S.A. a AVLA Perú Compañía de Seguros S.A.","MEDIANTE RESOLUCION SBS N 4961-2016 (14/09/2016), SE AUTORIZO EL CAMBIO DE DENOMINACION SOCIAL DE AVAL PERU COMPANIA DE SEGUROS S.A. A AVLA PERU COMPANIA DE SEGUROS S.A.",,sbs_S-401_2023-01_2024200498D.xls
2023-01,P010,69,A,"Mediante Resolución SBS N° 2836-2017 (19/07/2017), se autorizó la fusión por absorción de El Pacífico Vida con El Pacífico Peruano Suiza. A partir del 01.08.2017 esta empresa se denomina Pacífico Compañía de Seguros y Reaseguros.","MEDIANTE RESOLUCION SBS N 2836-2017 (19/07/2017), SE AUTORIZO LA FUSION POR ABSORCION DE EL PACIFICO VIDA CON EL PACIFICO PERUANO SUIZA. A PARTIR DEL 01.08.2017 ESTA EMPRESA SE DENOMINA PACIFICO COMPANIA DE SEGUROS Y REASEGUROS.",,sbs_S-401_2023-01_2024200498D.xls
2023-01,P010,70,A,"Mediante Resolución SBS N° 1170-2018 (27/03/2018), se autorizó la fusión por absorción de Interseguro Compañía de Seguros con Seguros Sura.","MEDIANTE RESOLUCION SBS N 1170-2018 (27/03/2018), SE AUTORIZO LA FUSION POR ABSORCION DE INTERSEGURO COMPANIA DE SEGUROS CON SEGUROS SURA.",,sbs_S-401_2023-01_2024200498D.xls
2023-01,P010,71,A,"Mediante Resolución SBS N° 2296-2019 (22/05/2019), se autorizó el cambio de denominación social de HDI Seguros S.A. a Qualitas Compañía de Seguros S.A.","MEDIANTE RESOLUCION SBS N 2296-2019 (22/05/2019), SE AUTORIZO EL CAMBIO DE DENOMINACION SOCIAL DE HDI SEGUROS S.A. A QUALITAS COMPANIA DE SEGUROS S.A.",,sbs_S-401_2023-01_2024200498D.xls
2023-01,P010,72,A,"Mediante Resolución SBS Nº 1749-2020 (01/07/2020), se autorizó la liquidación voluntaria y posterior inicio del proceso liquidatorio de Rigel Perú S.A.","MEDIANTE RESOLUCION SBS NO 1749-2020 (01/07/2020), SE AUTORIZO LA LIQUIDACION VOLUNTARIA Y POSTERIOR INICIO DEL PROCESO LIQUIDATORIO DE RIGEL PERU S.A.",,sbs_S-401_2023-01_2024200498D.xls
2023-01,P010,73,A,"Mediante Resolución SBS Nº 3286-2020 (28/12/2020), se autorizó la liquidación voluntaria y posterior inicio del proceso liquidatorio de Coface Seguros.","MEDIANTE RESOLUCION SBS NO 3286-2020 (28/12/2020), SE AUTORIZO LA LIQUIDACION VOLUNTARIA Y POSTERIOR INICIO DEL PROCESO LIQUIDATORIO DE COFACE SEGUROS.",,sbs_S-401_2023-01_2024200498D.xls
2023-01,P010,74,A,"Mediante Resolución SBS N° 278-2021 (28/01/2021), se autorizó el cambio de denominación social de Compañía de Seguros de Vida Cámara S.A. a Vivir Seguros Compañía de Seguros de Vida S.A.","MEDIANTE RESOLUCION SBS N 278-2021 (28/01/2021), SE AUTORIZO EL CAMBIO DE DENOMINACION SOCIAL DE COMPANIA DE SEGUROS DE VIDA CAMARA S.A. A VIVIR SEGUROS COMPANIA DE SEGUROS DE VIDA S.A.",,sbs_S-401_2023-01_2024200498D.xls
2023-01,P010,75,A,"Mediante Resolución SBS N° 1724-2022 (25/05/2022), se autorizó la fusión por absorción de Mapfre Perú Vida con Mapfre Perú. A partir del 01.06.2022 esta empresa se denomina Mapfre Perú Compañía de Seguros y Reaseguros S.A.","MEDIANTE RESOLUCION SBS N 1724-2022 (25/05/2022), SE AUTORIZO LA FUSION POR ABSORCION DE MAPFRE PERU VIDA CON MAPFRE PERU. A PARTIR DEL 01.06.2022 ESTA EMPRESA SE DENOMINA MAPFRE PERU COMPANIA DE SEGUROS Y REASEGUROS S.A.",,sbs_S-401_2023-01_2024200498D.xls
2023-02,P009,65,A,"Mediante Resolución SBS N° 8551-2012 (15/11/2012), se autorizó el cambio de denominación social de InVita Seguros de Vida S.A. a Seguros Sura.","MEDIANTE RESOLUCION SBS N 8551-2012 (15/11/2012), SE AUTORIZO EL CAMBIO DE DENOMINACION SOCIAL DE INVITA SEGUROS DE VIDA S.A. A SEGUROS SURA.",,sbs_S-401_2023-02_2024200498D.xls
2023-02,P009,66,A,"Mediante Resolución SBS N° 2748-2015 (21/05/2015), se autorizó el cambio de denominación social de Aseguradora Magallanes Perú S.A. a HDI Seguros S.A.","MEDIANTE RESOLUCION SBS N 2748-2015 (21/05/2015), SE AUTORIZO EL CAMBIO DE DENOMINACION SOCIAL DE ASEGURADORA MAGALLANES PERU S.A. A HDI SEGUROS S.A.",,sbs_S-401_2023-02_2024200498D.xls
2023-02,P009,67,A,"Mediante Resolución SBS N° 1137-2016 (02/03/2016), se autorizó el cambio de denominación social de Ace Seguros S.A. a Chubb Seguros Perú S.A.","MEDIANTE RESOLUCION SBS N 1137-2016 (02/03/2016), SE AUTORIZO EL CAMBIO DE DENOMINACION SOCIAL DE ACE SEGUROS S.A. A CHUBB SEGUROS PERU S.A.",,sbs_S-401_2023-02_2024200498D.xls
2023-02,P009,68,A,"Mediante Resolución SBS N° 4961-2016 (14/09/2016), se autorizó el cambio de denominación social de AVAL Perú Compañía de Seguros S.A. a AVLA Perú Compañía de Seguros S.A.","MEDIANTE RESOLUCION SBS N 4961-2016 (14/09/2016), SE AUTORIZO EL CAMBIO DE DENOMINACION SOCIAL DE AVAL PERU COMPANIA DE SEGUROS S.A. A AVLA PERU COMPANIA DE SEGUROS S.A.",,sbs_S-401_2023-02_2024200498D.xls
2023-02,P009,69,A,"Mediante Resolución SBS N° 2836-2017 (19/07/2017), se autorizó la fusión por absorción de El Pacífico Vida con El Pacífico Peruano Suiza. A partir del 01.08.2017 esta empresa se denomina Pacífico Compañía de Seguros y Reaseguros.","MEDIANTE RESOLUCION SBS N 2836-2017 (19/07/2017), SE AUTORIZO LA FUSION POR ABSORCION DE EL PACIFICO VIDA CON EL PACIFICO PERUANO SUIZA. A PARTIR DEL 01.08.2017 ESTA EMPRESA SE DENOMINA PACIFICO COMPANIA DE SEGUROS Y REASEGUROS.",,sbs_S-401_2023-02_2024200498D.xls
2023-02,P009,70,A,"Mediante Resolución SBS N° 1170-2018 (27/03/2018), se autorizó la fusión por absorción de Interseguro Compañía de Seguros con Seguros Sura.","MEDIANTE RESOLUCION SBS N 1170-2018 (27/03/2018), SE AUTORIZO LA FUSION POR ABSORCION DE INTERSEGURO COMPANIA DE SEGUROS CON SEGUROS SURA.",,sbs_S-401_2023-02_2024200498D.xls
2023-02,P009,71,A,"Mediante Resolución SBS N° 2296-2019 (22/05/2019), se autorizó el cambio de denominación social de HDI Seguros S.A. a Qualitas Compañía de Seguros S.A.","MEDIANTE RESOLUCION SBS N 2296-2019 (22/05/2019), SE AUTORIZO EL CAMBIO DE DENOMINACION SOCIAL DE HDI SEGUROS S.A. A QUALITAS COMPANIA DE SEGUROS S.A.",,sbs_S-401_2023-02_2024200498D.xls
2023-02,P009,72,A,"Mediante Resolución SBS Nº 1749-2020 (01/07/2020), se autorizó la liquidación voluntaria y posterior inicio del proceso liquidatorio de Rigel Perú S.A.","MEDIANTE RESOLUCION SBS NO 1749-2020 (01/07/2020), SE AUTORIZO LA LIQUIDACION VOLUNTARIA Y POSTERIOR INICIO DEL PROCESO LIQUIDATORIO DE RIGEL PERU S.A.",,sbs_S-401_2023-02_2024200498D.xls
2023-02,P009,73,A,"Mediante Resolución SBS Nº 3286-2020 (28/12/2020), se autorizó la liquidación voluntaria y posterior inicio del proceso liquidatorio de Coface Seguros.","MEDIANTE RESOLUCION SBS NO 3286-2020 (28/12/2020), SE AUTORIZO LA LIQUIDACION VOLUNTARIA Y POSTERIOR INICIO DEL PROCESO LIQUIDATORIO DE COFACE SEGUROS.",,sbs_S-401_2023-02_2024200498D.xls
2023-02,P009,74,A,"Mediante Resolución SBS N° 278-2021 (28/01/2021), se autorizó el cambio de denominación social de Compañía de Seguros de Vida Cámara S.A. a Vivir Seguros Compañía de Seguros de Vida S.A.","MEDIANTE RESOLUCION SBS N 278-2021 (28/01/2021), SE AUTORIZO EL CAMBIO DE DENOMINACION SOCIAL DE COMPANIA DE SEGUROS DE VIDA CAMARA S.A. A VIVIR SEGUROS COMPANIA DE SEGUROS DE VIDA S.A.",,sbs_S-401_2023-02_2024200498D.xls
2023-02,P009,75,A,"Mediante Resolución SBS N° 1724-2022 (25/05/2022), se autorizó la fusión por absorción de Mapfre Perú Vida con Mapfre Perú. A partir del 01.06.2022 esta empresa se denomina Mapfre Perú Compañía de Seguros y Reaseguros S.A.","MEDIANTE RESOLUCION SBS N 1724-2022 (25/05/2022), SE AUTORIZO LA FUSION POR ABSORCION DE MAPFRE PERU VIDA CON MAPFRE PERU. A PARTIR DEL 01.06.2022 ESTA EMPRESA SE DENOMINA MAPFRE PERU COMPANIA DE SEGUROS Y REASEGUROS S.A.",,sbs_S-401_2023-02_2024200498D.xls
2023-02,P010,65,A,"Mediante Resolución SBS N° 8551-2012 (15/11/2012), se autorizó el cambio de denominación social de InVita Seguros de Vida S.A. a Seguros Sura.","MEDIANTE RESOLUCION SBS N 8551-2012 (15/11/2012), SE AUTORIZO EL CAMBIO DE DENOMINACION SOCIAL DE INVITA SEGUROS DE VIDA S.A. A SEGUROS SURA.",,sbs_S-401_2023-02_2024200498D.xls
2023-02,P010,66,A,"Mediante Resolución SBS N° 2748-2015 (21/05/2015), se autorizó el cambio de denominación social de Aseguradora Magallanes Perú S.A. a HDI Seguros S.A.","MEDIANTE RESOLUCION SBS N 2748-2015 (21/05/2015), SE AUTORIZO EL CAMBIO DE DENOMINACION SOCIAL DE ASEGURADORA MAGALLANES PERU S.A. A HDI SEGUROS S.A.",,sbs_S-401_2023-02_2024200498D.xls
2023-02,P010,67,A,"Mediante Resolución SBS N° 1137-2016 (02/03/2016), se autorizó el cambio de denominación social de Ace Seguros S.A. a Chubb Seguros Perú S.A.","MEDIANTE RESOLUCION SBS N 1137-2016 (02/03/2016), SE AUTORIZO EL CAMBIO DE DENOMINACION SOCIAL DE ACE SEGUROS S.A. A CHUBB SEGUROS PERU S.A.",,sbs_S-401_2023-02_2024200498D.xls
2023-02,P010,68,A,"Mediante Resolución SBS N° 4961-2016 (14/09/2016), se autorizó el cambio de denominación social de AVAL Perú Compañía de Seguros S.A. a AVLA Perú Compañía de Seguros S.A.","MEDIANTE RESOLUCION SBS N 4961-2016 (14/09/2016), SE AUTORIZO EL CAMBIO DE DENOMINACION SOCIAL DE AVAL PERU COMPANIA DE SEGUROS S.A. A AVLA PERU COMPANIA DE SEGUROS S.A.",,sbs_S-401_2023-02_2024200498D.xls
2023-02,P010,69,A,"Mediante Resolución SBS N° 2836-2017 (19/07/2017), se autorizó la fusión por absorción de El Pacífico Vida con El Pacífico Peruano Suiza. A partir del 01.08.2017 esta empresa se denomina Pacífico Compañía de Seguros y Reaseguros.","MEDIANTE RESOLUCION SBS N 2836-2017 (19/07/2017), SE AUTORIZO LA FUSION POR ABSORCION DE EL PACIFICO VIDA CON EL PACIFICO PERUANO SUIZA. A PARTIR DEL 01.08.2017 ESTA EMPRESA SE DENOMINA PACIFICO COMPANIA DE SEGUROS Y REASEGUROS.",,sbs_S-401_2023-02_2024200498D.xls
2023-02,P010,70,A,"Mediante Resolución SBS N° 1170-2018 (27/03/2018), se autorizó la fusión por absorción de Interseguro Compañía de Seguros con Seguros Sura.","MEDIANTE RESOLUCION SBS N 1170-2018 (27/03/2018), SE AUTORIZO LA FUSION POR ABSORCION DE INTERSEGURO COMPANIA DE SEGUROS CON SEGUROS SURA.",,sbs_S-401_2023-02_2024200498D.xls
2023-02,P010,71,A,"Mediante Resolución SBS N° 2296-2019 (22/05/2019), se autorizó el cambio de denominación social de HDI Seguros S.A. a Qualitas Compañía de Seguros S.A.","MEDIANTE RESOLUCION SBS N 2296-2019 (22/05/2019), SE AUTORIZO EL CAMBIO DE DENOMINACION SOCIAL DE HDI SEGUROS S.A. A QUALITAS COMPANIA DE SEGUROS S.A.",,sbs_S-401_2023-02_2024200498D.xls
2023-02,P010,72,A,"Mediante Resolución SBS Nº 1749-2020 (01/07/2020), se autorizó la liquidación voluntaria y posterior inicio del proceso liquidatorio de Rigel Perú S.A.","MEDIANTE RESOLUCION SBS NO 1749-2020 (01/07/2020), SE AUTORIZO LA LIQUIDACION VOLUNTARIA Y POSTERIOR INICIO DEL PROCESO LIQUIDATORIO DE RIGEL PERU S.A.",,sbs_S-401_2023-02_2024200498D.xls
2023-02,P010,73,A,"Mediante Resolución SBS Nº 3286-2020 (28/12/2020), se autorizó la liquidación voluntaria y posterior inicio del proceso liquidatorio de Coface Seguros.","MEDIANTE RESOLUCION SBS NO 3286-2020 (28/12/2020), SE AUTORIZO LA LIQUIDACION VOLUNTARIA Y POSTERIOR INICIO DEL PROCESO LIQUIDATORIO DE COFACE SEGUROS.",,sbs_S-401_2023-02_2024200498D.xls
2023-02,P010,74,A,"Mediante Resolución SBS N° 278-2021 (28/01/2021), se autorizó el cambio de denominación social de Compañía de Seguros de Vida Cámara S.A. a Vivir Seguros Compañía de Seguros de Vida S.A.","MEDIANTE RESOLUCION SBS N 278-2021 (28/01/2021), SE AUTORIZO EL CAMBIO DE DENOMINACION SOCIAL DE COMPANIA DE SEGUROS DE VIDA CAMARA S.A. A VIVIR SEGUROS COMPANIA DE SEGUROS DE VIDA S.A.",,sbs_S-401_2023-02_2024200498D.xls
2023-02,P010,75,A,"Mediante Resolución SBS N° 1724-2022 (25/05/2022), se autorizó la fusión por absorción de Mapfre Perú Vida con Mapfre Perú. A partir del 01.06.2022 esta empresa se denomina Mapfre Perú Compañía de Seguros y Reaseguros S.A.","MEDIANTE RESOLUCION SBS N 1724-2022 (25/05/2022), SE AUTORIZO LA FUSION POR ABSORCION DE MAPFRE PERU VIDA CON MAPFRE PERU. A PARTIR DEL 01.06.2022 ESTA EMPRESA SE DENOMINA MAPFRE PERU COMPANIA DE SEGUROS Y REASEGUROS S.A.",,sbs_S-401_2023-02_2024200498D.xls
2023-03,P009,65,A,"Mediante Resolución SBS N° 8551-2012 (15/11/2012), se autorizó el cambio de denominación social de InVita Seguros de Vida S.A. a Seguros Sura.","MEDIANTE RESOLUCION SBS N 8551-2012 (15/11/2012), SE AUTORIZO EL CAMBIO DE DENOMINACION SOCIAL DE INVITA SEGUROS DE VIDA S.A. A SEGUROS SURA.",,sbs_S-401_2023-03_2024200498D.xls
2023-03,P009,66,A,"Mediante Resolución SBS N° 2748-2015 (21/05/2015), se autorizó el cambio de denominación social de Aseguradora Magallanes Perú S.A. a HDI Seguros S.A.","MEDIANTE RESOLUCION SBS N 2748-2015 (21/05/2015), SE AUTORIZO EL CAMBIO DE DENOMINACION SOCIAL DE ASEGURADORA MAGALLANES PERU S.A. A HDI SEGUROS S.A.",,sbs_S-401_2023-03_2024200498D.xls
2023-03,P009,67,A,"Mediante Resolución SBS N° 1137-2016 (02/03/2016), se autorizó el cambio de denominación social de Ace Seguros S.A. a Chubb Seguros Perú S.A.","MEDIANTE RESOLUCION SBS N 1137-2016 (02/03/2016), SE AUTORIZO EL CAMBIO DE DENOMINACION SOCIAL DE ACE SEGUROS S.A. A CHUBB SEGUROS PERU S.A.",,sbs_S-401_2023-03_2024200498D.xls
2023-03,P009,68,A,"Mediante Resolución SBS N° 4961-2016 (14/09/2016), se autorizó el cambio de denominación social de AVAL Perú Compañía de Seguros S.A. a AVLA Perú Compañía de Seguros S.A.","MEDIANTE RESOLUCION SBS N 4961-2016 (14/09/2016), SE AUTORIZO EL CAMBIO DE DENOMINACION SOCIAL DE AVAL PERU COMPANIA DE SEGUROS S.A. A AVLA PERU COMPANIA DE SEGUROS S.A.",,sbs_S-401_2023-03_2024200498D.xls
2023-03,P009,69,A,"Mediante Resolución SBS N° 2836-2017 (19/07/2017), se autorizó la fusión por absorción de El Pacífico Vida con El Pacífico Peruano Suiza. A partir del 01.08.2017 esta empresa se denomina Pacífico Compañía de Seguros y Reaseguros.","MEDIANTE RESOLUCION SBS N 2836-2017 (19/07/2017), SE AUTORIZO LA FUSION POR ABSORCION DE EL PACIFICO VIDA CON EL PACIFICO PERUANO SUIZA. A PARTIR DEL 01.08.2017 ESTA EMPRESA SE DENOMINA PACIFICO COMPANIA DE SEGUROS Y REASEGUROS.",,sbs_S-401_2023-03_2024200498D.xls
2023-03,P009,70,A,"Mediante Resolución SBS N° 1170-2018 (27/03/2018), se autorizó la fusión por absorción de Interseguro Compañía de Seguros con Seguros Sura.","MEDIANTE RESOLUCION SBS N 1170-2018 (27/03/2018), SE AUTORIZO LA FUSION POR ABSORCION DE INTERSEGURO COMPANIA DE SEGUROS CON SEGUROS SURA.",,sbs_S-401_2023-03_2024200498D.xls
2023-03,P009,71,A,"Mediante Resolución SBS N° 2296-2019 (22/05/2019), se autorizó el cambio de denominación social de HDI Seguros S.A. a Qualitas Compañía de Seguros S.A.","MEDIANTE RESOLUCION SBS N 2296-2019 (22/05/2019), SE AUTORIZO EL CAMBIO DE DENOMINACION SOCIAL DE HDI SEGUROS S.A. A QUALITAS COMPANIA DE SEGUROS S.A.",,sbs_S-401_2023-03_2024200498D.xls
2023-03,P009,72,A,"Mediante Resolución SBS Nº 1749-2020 (01/07/2020), se autorizó la liquidación voluntaria y posterior inicio del proceso liquidatorio de Rigel Perú S.A.","MEDIANTE RESOLUCION SBS NO 1749-2020 (01/07/2020), SE AUTORIZO LA LIQUIDACION VOLUNTARIA Y POSTERIOR INICIO DEL PROCESO LIQUIDATORIO DE RIGEL PERU S.A.",,sbs_S-401_2023-03_2024200498D.xls
2023-03,P009,73,A,"Mediante Resolución SBS Nº 3286-2020 (28/12/2020), se autorizó la liquidación voluntaria y posterior inicio del proceso liquidatorio de Coface Seguros.","MEDIANTE RESOLUCION SBS NO 3286-2020 (28/12/2020), SE AUTORIZO LA LIQUIDACION VOLUNTARIA Y POSTERIOR INICIO DEL PROCESO LIQUIDATORIO DE COFACE SEGUROS.",,sbs_S-401_2023-03_2024200498D.xls
2023-03,P009,74,A,"Mediante Resolución SBS N° 278-2021 (28/01/2021), se autorizó el cambio de denominación social de Compañía de Seguros de Vida Cámara S.A. a Vivir Seguros Compañía de Seguros de Vida S.A.","MEDIANTE RESOLUCION SBS N 278-2021 (28/01/2021), SE AUTORIZO EL CAMBIO DE DENOMINACION SOCIAL DE COMPANIA DE SEGUROS DE VIDA CAMARA S.A. A VIVIR SEGUROS COMPANIA DE SEGUROS DE VIDA S.A.",,sbs_S-401_2023-03_2024200498D.xls
2023-03,P009,75,A,"Mediante Resolución SBS N° 1724-2022 (25/05/2022), se autorizó la fusión por absorción de Mapfre Perú Vida con Mapfre Perú. A partir del 01.06.2022 esta empresa se denomina Mapfre Perú Compañía de Seguros y Reaseguros S.A.","MEDIANTE RESOLUCION SBS N 1724-2022 (25/05/2022), SE AUTORIZO LA FUSION POR ABSORCION DE MAPFRE PERU VIDA CON MAPFRE PERU. A PARTIR DEL 01.06.2022 ESTA EMPRESA SE DENOMINA MAPFRE PERU COMPANIA DE SEGUROS Y REASEGUROS S.A.",,sbs_S-401_2023-03_2024200498D.xls
2023-03,P010,65,A,"Mediante Resolución SBS N° 8551-2012 (15/11/2012), se autorizó el cambio de denominación social de InVita Seguros de Vida S.A. a Seguros Sura.","MEDIANTE RESOLUCION SBS N 8551-2012 (15/11/2012), SE AUTORIZO EL CAMBIO DE DENOMINACION SOCIAL DE INVITA SEGUROS DE VIDA S.A. A SEGUROS SURA.",,sbs_S-401_2023-03_2024200498D.xls
2023-03,P010,66,A,"Mediante Resolución SBS N° 2748-2015 (21/05/2015), se autorizó el cambio de denominación social de Aseguradora Magallanes Perú S.A. a HDI Seguros S.A.","MEDIANTE RESOLUCION SBS N 2748-2015 (21/05/2015), SE AUTORIZO EL CAMBIO DE DENOMINACION SOCIAL DE ASEGURADORA MAGALLANES PERU S.A. A HDI SEGUROS S.A.",,sbs_S-401_2023-03_2024200498D.xls
2023-03,P010,67,A,"Mediante Resolución SBS N° 1137-2016 (02/03/2016), se autorizó el cambio de denominación social de Ace Seguros S.A. a Chubb Seguros Perú S.A.","MEDIANTE RESOLUCION SBS N 1137-2016 (02/03/2016), SE AUTORIZO EL CAMBIO DE DENOMINACION SOCIAL DE ACE SEGUROS S.A. A CHUBB SEGUROS PERU S.A.",,sbs_S-401_2023-03_2024200498D.xls
2023-03,P010,68,A,"Mediante Resolución SBS N° 4961-2016 (14/09/2016), se autorizó el cambio de denominación social de AVAL Perú Compañía de Seguros S.A. a AVLA Perú Compañía de Seguros S.A.","MEDIANTE RESOLUCION SBS N 4961-2016 (14/09/2016), SE AUTORIZO EL CAMBIO DE DENOMINACION SOCIAL DE AVAL PERU COMPANIA DE SEGUROS S.A. A AVLA PERU COMPANIA DE SEGUROS S.A.",,sbs_S-401_2023-03_2024200498D.xls
2023-03,P010,69,A,"Mediante Resolución SBS N° 2836-2017 (19/07/2017), se autorizó la fusión por absorción de El Pacífico Vida con El Pacífico Peruano Suiza. A partir del 01.08.2017 esta empresa se denomina Pacífico Compañía de Seguros y Reaseguros.","MEDIANTE RESOLUCION SBS N 2836-2017 (19/07/2017), SE AUTORIZO LA FUSION POR ABSORCION DE EL PACIFICO VIDA CON EL PACIFICO PERUANO SUIZA. A PARTIR DEL 01.08.2017 ESTA EMPRESA SE DENOMINA PACIFICO COMPANIA DE SEGUROS Y REASEGUROS.",,sbs_S-401_2023-03_2024200498D.xls
2023-03,P010,70,A,"Mediante Resolución SBS N° 1170-2018 (27/03/2018), se autorizó la fusión por absorción de Interseguro Compañía de Seguros con Seguros Sura.","MEDIANTE RESOLUCION SBS N 1170-2018 (27/03/2018), SE AUTORIZO LA FUSION POR ABSORCION DE INTERSEGURO COMPANIA DE SEGUROS CON SEGUROS SURA.",,sbs_S-401_2023-03_2024200498D.xls
2023-03,P010,71,A,"Mediante Resolución SBS N° 2296-2019 (22/05/2019), se autorizó el cambio de denominación social de HDI Seguros S.A. a Qualitas Compañía de Seguros S.A.","MEDIANTE RESOLUCION SBS N 2296-2019 (22/05/2019), SE AUTORIZO EL CAMBIO DE DENOMINACION SOCIAL DE HDI SEGUROS S.A. A QUALITAS COMPANIA DE SEGUROS S.A.",,sbs_S-401_2023-03_2024200498D.xls
2023-03,P010,72,A,"Mediante Resolución SBS Nº 1749-2020 (01/07/2020), se autorizó la liquidación voluntaria y posterior inicio del proceso liquidatorio de Rigel Perú S.A.","MEDIANTE RESOLUCION SBS NO 1749-2020 (01/07/2020), SE AUTORIZO LA LIQUIDACION VOLUNTARIA Y POSTERIOR INICIO DEL PROCESO LIQUIDATORIO DE RIGEL PERU S.A.",,sbs_S-401_2023-03_2024200498D.xls
2023-03,P010,73,A,"Mediante Resolución SBS Nº 3286-2020 (28/12/2020), se autorizó la liquidación voluntaria y posterior inicio del proceso liquidatorio de Coface Seguros.","MEDIANTE RESOLUCION SBS NO 3286-2020 (28/12/2020), SE AUTORIZO LA LIQUIDACION VOLUNTARIA Y POSTERIOR INICIO DEL PROCESO LIQUIDATORIO DE COFACE SEGUROS.",,sbs_S-401_2023-03_2024200498D.xls
2023-03,P010,74,A,"Mediante Resolución SBS N° 278-2021 (28/01/2021), se autorizó el cambio de denominación social de Compañía de Seguros de Vida Cámara S.A. a Vivir Seguros Compañía de Seguros de Vida S.A.","MEDIANTE RESOLUCION SBS N 278-2021 (28/01/2021), SE AUTORIZO EL CAMBIO DE DENOMINACION SOCIAL DE COMPANIA DE SEGUROS DE VIDA CAMARA S.A. A VIVIR SEGUROS COMPANIA DE SEGUROS DE VIDA S.A.",,sbs_S-401_2023-03_2024200498D.xls
2023-03,P010,75,A,"Mediante Resolución SBS N° 1724-2022 (25/05/2022), se autorizó la fusión por absorción de Mapfre Perú Vida con Mapfre Perú. A partir del 01.06.2022 esta empresa se denomina Mapfre Perú Compañía de Seguros y Reaseguros S.A.","MEDIANTE RESOLUCION SBS N 1724-2022 (25/05/2022), SE AUTORIZO LA FUSION POR ABSORCION DE MAPFRE PERU VIDA CON MAPFRE PERU. A PARTIR DEL 01.06.2022 ESTA EMPRESA SE DENOMINA MAPFRE PERU COMPANIA DE SEGUROS Y REASEGUROS S.A.",,sbs_S-401_2023-03_2024200498D.xls
2023-04,P009,65,A,"Mediante Resolución SBS N° 8551-2012 (15/11/2012), se autorizó el cambio de denominación social de InVita Seguros de Vida S.A. a Seguros Sura.","MEDIANTE RESOLUCION SBS N 8551-2012 (15/11/2012), SE AUTORIZO EL CAMBIO DE DENOMINACION SOCIAL DE INVITA SEGUROS DE VIDA S.A. A SEGUROS SURA.",,sbs_S-401_2023-04_2024200498D.xls
2023-04,P009,66,A,"Mediante Resolución SBS N° 2748-2015 (21/05/2015), se autorizó el cambio de denominación social de Aseguradora Magallanes Perú S.A. a HDI Seguros S.A.","MEDIANTE RESOLUCION SBS N 2748-2015 (21/05/2015), SE AUTORIZO EL CAMBIO DE DENOMINACION SOCIAL DE ASEGURADORA MAGALLANES PERU S.A. A HDI SEGUROS S.A.",,sbs_S-401_2023-04_2024200498D.xls
2023-04,P009,67,A,"Mediante Resolución SBS N° 1137-2016 (02/03/2016), se autorizó el cambio de denominación social de Ace Seguros S.A. a Chubb Seguros Perú S.A.","MEDIANTE RESOLUCION SBS N 1137-2016 (02/03/2016), SE AUTORIZO EL CAMBIO DE DENOMINACION SOCIAL DE ACE SEGUROS S.A. A CHUBB SEGUROS PERU S.A.",,sbs_S-401_2023-04_2024200498D.xls
2023-04,P009,68,A,"Mediante Resolución SBS N° 4961-2016 (14/09/2016), se autorizó el cambio de denominación social de AVAL Perú Compañía de Seguros S.A. a AVLA Perú Compañía de Seguros S.A.","MEDIANTE RESOLUCION SBS N 4961-2016 (14/09/2016), SE AUTORIZO EL CAMBIO DE DENOMINACION SOCIAL DE AVAL PERU COMPANIA DE SEGUROS S.A. A AVLA PERU COMPANIA DE SEGUROS S.A.",,sbs_S-401_2023-04_2024200498D.xls
2023-04,P009,69,A,"Mediante Resolución SBS N° 2836-2017 (19/07/2017), se autorizó la fusión por absorción de El Pacífico Vida con El Pacífico Peruano Suiza. A partir del 01.08.2017 esta empresa se denomina Pacífico Compañía de Seguros y Reaseguros.","MEDIANTE RESOLUCION SBS N 2836-2017 (19/07/2017), SE AUTORIZO LA FUSION POR ABSORCION DE EL PACIFICO VIDA CON EL PACIFICO PERUANO SUIZA. A PARTIR DEL 01.08.2017 ESTA EMPRESA SE DENOMINA PACIFICO COMPANIA DE SEGUROS Y REASEGUROS.",,sbs_S-401_2023-04_2024200498D.xls
2023-04,P009,70,A,"Mediante Resolución SBS N° 1170-2018 (27/03/2018), se autorizó la fusión por absorción de Interseguro Compañía de Seguros con Seguros Sura.","MEDIANTE RESOLUCION SBS N 1170-2018 (27/03/2018), SE AUTORIZO LA FUSION POR ABSORCION DE INTERSEGURO COMPANIA DE SEGUROS CON SEGUROS SURA.",,sbs_S-401_2023-04_2024200498D.xls
2023-04,P009,71,A,"Mediante Resolución SBS N° 2296-2019 (22/05/2019), se autorizó el cambio de denominación social de HDI Seguros S.A. a Qualitas Compañía de Seguros S.A.","MEDIANTE RESOLUCION SBS N 2296-2019 (22/05/2019), SE AUTORIZO EL CAMBIO DE DENOMINACION SOCIAL DE HDI SEGUROS S.A. A QUALITAS COMPANIA DE SEGUROS S.A.",,sbs_S-401_2023-04_2024200498D.xls
2023-04,P009,72,A,"Mediante Resolución SBS Nº 1749-2020 (01/07/2020), se autorizó la liquidación voluntaria y posterior inicio del proceso liquidatorio de Rigel Perú S.A.","MEDIANTE RESOLUCION SBS NO 1749-2020 (01/07/2020), SE AUTORIZO LA LIQUIDACION VOLUNTARIA Y POSTERIOR INICIO DEL PROCESO LIQUIDATORIO DE RIGEL PERU S.A.",,sbs_S-401_2023-04_2024200498D.xls
2023-04,P009,73,A,"Mediante Resolución SBS Nº 3286-2020 (28/12/2020), se autorizó la liquidación voluntaria y posterior inicio del proceso liquidatorio de Coface Seguros.","MEDIANTE RESOLUCION SBS NO 3286-2020 (28/12/2020), SE AUTORIZO LA LIQUIDACION VOLUNTARIA Y POSTERIOR INICIO DEL PROCESO LIQUIDATORIO DE COFACE SEGUROS.",,sbs_S-401_2023-04_2024200498D.xls
2023-04,P009,74,A,"Mediante Resolución SBS N° 278-2021 (28/01/2021), se autorizó el cambio de denominación social de Compañía de Seguros de Vida Cámara S.A. a Vivir Seguros Compañía de Seguros de Vida S.A.","MEDIANTE RESOLUCION SBS N 278-2021 (28/01/2021), SE AUTORIZO EL CAMBIO DE DENOMINACION SOCIAL DE COMPANIA DE SEGUROS DE VIDA CAMARA S.A. A VIVIR SEGUROS COMPANIA DE SEGUROS DE VIDA S.A.",,sbs_S-401_2023-04_2024200498D.xls
2023-04,P009,75,A,"Mediante Resolución SBS N° 1724-2022 (25/05/2022), se autorizó la fusión por absorción de Mapfre Perú Vida con Mapfre Perú. A partir del 01.06.2022 esta empresa se denomina Mapfre Perú Compañía de Seguros y Reaseguros S.A.","MEDIANTE RESOLUCION SBS N 1724-2022 (25/05/2022), SE AUTORIZO LA FUSION POR ABSORCION DE MAPFRE PERU VIDA CON MAPFRE PERU. A PARTIR DEL 01.06.2022 ESTA EMPRESA SE DENOMINA MAPFRE PERU COMPANIA DE SEGUROS Y REASEGUROS S.A.",,sbs_S-401_2023-04_2024200498D.xls
2023-04,P010,65,A,"Mediante Resolución SBS N° 8551-2012 (15/11/2012), se autorizó el cambio de denominación social de InVita Seguros de Vida S.A. a Seguros Sura.","MEDIANTE RESOLUCION SBS N 8551-2012 (15/11/2012), SE AUTORIZO EL CAMBIO DE DENOMINACION SOCIAL DE INVITA SEGUROS DE VIDA S.A. A SEGUROS SURA.",,sbs_S-401_2023-04_2024200498D.xls
2023-04,P010,66,A,"Mediante Resolución SBS N° 2748-2015 (21/05/2015), se autorizó el cambio de denominación social de Aseguradora Magallanes Perú S.A. a HDI Seguros S.A.","MEDIANTE RESOLUCION SBS N 2748-2015 (21/05/2015), SE AUTORIZO EL CAMBIO DE DENOMINACION SOCIAL DE ASEGURADORA MAGALLANES PERU S.A. A HDI SEGUROS S.A.",,sbs_S-401_2023-04_2024200498D.xls
2023-04,P010,67,A,"Mediante Resolución SBS N° 1137-2016 (02/03/2016), se autorizó el cambio de denominación social de Ace Seguros S.A. a Chubb Seguros Perú S.A.","MEDIANTE RESOLUCION SBS N 1137-2016 (02/03/2016), SE AUTORIZO EL CAMBIO DE DENOMINACION SOCIAL DE ACE SEGUROS S.A. A CHUBB SEGUROS PERU S.A.",,sbs_S-401_2023-04_2024200498D.xls
2023-04,P010,68,A,"Mediante Resolución SBS N° 4961-2016 (14/09/2016), se autorizó el cambio de denominación social de AVAL Perú Compañía de Seguros S.A. a AVLA Perú Compañía de Seguros S.A.","MEDIANTE RESOLUCION SBS N 4961-2016 (14/09/2016), SE AUTORIZO EL CAMBIO DE DENOMINACION SOCIAL DE AVAL PERU COMPANIA DE SEGUROS S.A. A AVLA PERU COMPANIA DE SEGUROS S.A.",,sbs_S-401_2023-04_2024200498D.xls
2023-04,P010,69,A,"Mediante Resolución SBS N° 2836-2017 (19/07/2017), se autorizó la fusión por absorción de El Pacífico Vida con El Pacífico Peruano Suiza. A partir del 01.08.2017 esta empresa se denomina Pacífico Compañía de Seguros y Reaseguros.","MEDIANTE RESOLUCION SBS N 2836-2017 (19/07/2017), SE AUTORIZO LA FUSION POR ABSORCION DE EL PACIFICO VIDA CON EL PACIFICO PERUANO SUIZA. A PARTIR DEL 01.08.2017 ESTA EMPRESA SE DENOMINA PACIFICO COMPANIA DE SEGUROS Y REASEGUROS.",,sbs_S-401_2023-04_2024200498D.xls
2023-04,P010,70,A,"Mediante Resolución SBS N° 1170-2018 (27/03/2018), se autorizó la fusión por absorción de Interseguro Compañía de Seguros con Seguros Sura.","MEDIANTE RESOLUCION SBS N 1170-2018 (27/03/2018), SE AUTORIZO LA FUSION POR ABSORCION DE INTERSEGURO COMPANIA DE SEGUROS CON SEGUROS SURA.",,sbs_S-401_2023-04_2024200498D.xls
2023-04,P010,71,A,"Mediante Resolución SBS N° 2296-2019 (22/05/2019), se autorizó el cambio de denominación social de HDI Seguros S.A. a Qualitas Compañía de Seguros S.A.","MEDIANTE RESOLUCION SBS N 2296-2019 (22/05/2019), SE AUTORIZO EL CAMBIO DE DENOMINACION SOCIAL DE HDI SEGUROS S.A. A QUALITAS COMPANIA DE SEGUROS S.A.",,sbs_S-401_2023-04_2024200498D.xls
2023-04,P010,72,A,"Mediante Resolución SBS Nº 1749-2020 (01/07/2020), se autorizó la liquidación voluntaria y posterior inicio del proceso liquidatorio de Rigel Perú S.A.","MEDIANTE RESOLUCION SBS NO 1749-2020 (01/07/2020), SE AUTORIZO LA LIQUIDACION VOLUNTARIA Y POSTERIOR INICIO DEL PROCESO LIQUIDATORIO DE RIGEL PERU S.A.",,sbs_S-401_2023-04_2024200498D.xls
2023-04,P010,73,A,"Mediante Resolución SBS Nº 3286-2020 (28/12/2020), se autorizó la liquidación voluntaria y posterior inicio del proceso liquidatorio de Coface Seguros.","MEDIANTE RESOLUCION SBS NO 3286-2020 (28/12/2020), SE AUTORIZO LA LIQUIDACION VOLUNTARIA Y POSTERIOR INICIO DEL PROCESO LIQUIDATORIO DE COFACE SEGUROS.",,sbs_S-401_2023-04_2024200498D.xls
2023-04,P010,74,A,"Mediante Resolución SBS N° 278-2021 (28/01/2021), se autorizó el cambio de denominación social de Compañía de Seguros de Vida Cámara S.A. a Vivir Seguros Compañía de Seguros de Vida S.A.","MEDIANTE RESOLUCION SBS N 278-2021 (28/01/2021), SE AUTORIZO EL CAMBIO DE DENOMINACION SOCIAL DE COMPANIA DE SEGUROS DE VIDA CAMARA S.A. A VIVIR SEGUROS COMPANIA DE SEGUROS DE VIDA S.A.",,sbs_S-401_2023-04_2024200498D.xls
2023-04,P010,75,A,"Mediante Resolución SBS N° 1724-2022 (25/05/2022), se autorizó la fusión por absorción de Mapfre Perú Vida con Mapfre Perú. A partir del 01.06.2022 esta empresa se denomina Mapfre Perú Compañía de Seguros y Reaseguros S.A.","MEDIANTE RESOLUCION SBS N 1724-2022 (25/05/2022), SE AUTORIZO LA FUSION POR ABSORCION DE MAPFRE PERU VIDA CON MAPFRE PERU. A PARTIR DEL 01.06.2022 ESTA EMPRESA SE DENOMINA MAPFRE PERU COMPANIA DE SEGUROS Y REASEGUROS S.A.",,sbs_S-401_2023-04_2024200498D.xls
2023-05,P009,65,A,"Mediante Resolución SBS N° 8551-2012 (15/11/2012), se autorizó el cambio de denominación social de InVita Seguros de Vida S.A. a Seguros Sura.","MEDIANTE RESOLUCION SBS N 8551-2012 (15/11/2012), SE AUTORIZO EL CAMBIO DE DENOMINACION SOCIAL DE INVITA SEGUROS DE VIDA S.A. A SEGUROS SURA.",,sbs_S-401_2023-05_2024200498D.xls
2023-05,P009,66,A,"Mediante Resolución SBS N° 2748-2015 (21/05/2015), se autorizó el cambio de denominación social de Aseguradora Magallanes Perú S.A. a HDI Seguros S.A.","MEDIANTE RESOLUCION SBS N 2748-2015 (21/05/2015), SE AUTORIZO EL CAMBIO DE DENOMINACION SOCIAL DE ASEGURADORA MAGALLANES PERU S.A. A HDI SEGUROS S.A.",,sbs_S-401_2023-05_2024200498D.xls
2023-05,P009,67,A,"Mediante Resolución SBS N° 1137-2016 (02/03/2016), se autorizó el cambio de denominación social de Ace Seguros S.A. a Chubb Seguros Perú S.A.","MEDIANTE RESOLUCION SBS N 1137-2016 (02/03/2016), SE AUTORIZO EL CAMBIO DE DENOMINACION SOCIAL DE ACE SEGUROS S.A. A CHUBB SEGUROS PERU S.A.",,sbs_S-401_2023-05_2024200498D.xls
2023-05,P009,68,A,"Mediante Resolución SBS N° 4961-2016 (14/09/2016), se autorizó el cambio de denominación social de AVAL Perú Compañía de Seguros S.A. a AVLA Perú Compañía de Seguros S.A.","MEDIANTE RESOLUCION SBS N 4961-2016 (14/09/2016), SE AUTORIZO EL CAMBIO DE DENOMINACION SOCIAL DE AVAL PERU COMPANIA DE SEGUROS S.A. A AVLA PERU COMPANIA DE SEGUROS S.A.",,sbs_S-401_2023-05_2024200498D.xls
2023-05,P009,69,A,"Mediante Resolución SBS N° 2836-2017 (19/07/2017), se autorizó la fusión por absorción de El Pacífico Vida con El Pacífico Peruano Suiza. A partir del 01.08.2017 esta empresa se denomina Pacífico Compañía de Seguros y Reaseguros.","MEDIANTE RESOLUCION SBS N 2836-2017 (19/07/2017), SE AUTORIZO LA FUSION POR ABSORCION DE EL PACIFICO VIDA CON EL PACIFICO PERUANO SUIZA. A PARTIR DEL 01.08.2017 ESTA EMPRESA SE DENOMINA PACIFICO COMPANIA DE SEGUROS Y REASEGUROS.",,sbs_S-401_2023-05_2024200498D.xls
2023-05,P009,70,A,"Mediante Resolución SBS N° 1170-2018 (27/03/2018), se autorizó la fusión por absorción de Interseguro Compañía de Seguros con Seguros Sura.","MEDIANTE RESOLUCION SBS N 1170-2018 (27/03/2018), SE AUTORIZO LA FUSION POR ABSORCION DE INTERSEGURO COMPANIA DE SEGUROS CON SEGUROS SURA.",,sbs_S-401_2023-05_2024200498D.xls
2023-05,P009,71,A,"Mediante Resolución SBS N° 2296-2019 (22/05/2019), se autorizó el cambio de denominación social de HDI Seguros S.A. a Qualitas Compañía de Seguros S.A.","MEDIANTE RESOLUCION SBS N 2296-2019 (22/05/2019), SE AUTORIZO EL CAMBIO DE DENOMINACION SOCIAL DE HDI SEGUROS S.A. A QUALITAS COMPANIA DE SEGUROS S.A.",,sbs_S-401_2023-05_2024200498D.xls
2023-05,P009,72,A,"Mediante Resolución SBS Nº 1749-2020 (01/07/2020), se autorizó la liquidación voluntaria y posterior inicio del proceso liquidatorio de Rigel Perú S.A.","MEDIANTE RESOLUCION SBS NO 1749-2020 (01/07/2020), SE AUTORIZO LA LIQUIDACION VOLUNTARIA Y POSTERIOR INICIO DEL PROCESO LIQUIDATORIO DE RIGEL PERU S.A.",,sbs_S-401_2023-05_2024200498D.xls
2023-05,P009,73,A,"Mediante Resolución SBS Nº 3286-2020 (28/12/2020), se autorizó la liquidación voluntaria y posterior inicio del proceso liquidatorio de Coface Seguros.","MEDIANTE RESOLUCION SBS NO 3286-2020 (28/12/2020), SE AUTORIZO LA LIQUIDACION VOLUNTARIA Y POSTERIOR INICIO DEL PROCESO LIQUIDATORIO DE COFACE SEGUROS.",,sbs_S-401_2023-05_2024200498D.xls
2023-05,P009,74,A,"Mediante Resolución SBS N° 278-2021 (28/01/2021), se autorizó el cambio de denominación social de Compañía de Seguros de Vida Cámara S.A. a Vivir Seguros Compañía de Seguros de Vida S.A.","MEDIANTE RESOLUCION SBS N 278-2021 (28/01/2021), SE AUTORIZO EL CAMBIO DE DENOMINACION SOCIAL DE COMPANIA DE SEGUROS DE VIDA CAMARA S.A. A VIVIR SEGUROS COMPANIA DE SEGUROS DE VIDA S.A.",,sbs_S-401_2023-05_2024200498D.xls
2023-05,P009,75,A,"Mediante Resolución SBS N° 1724-2022 (25/05/2022), se autorizó la fusión por absorción de Mapfre Perú Vida con Mapfre Perú. A partir del 01.06.2022 esta empresa se denomina Mapfre Perú Compañía de Seguros y Reaseguros S.A.","MEDIANTE RESOLUCION SBS N 1724-2022 (25/05/2022), SE AUTORIZO LA FUSION POR ABSORCION DE MAPFRE PERU VIDA CON MAPFRE PERU. A PARTIR DEL 01.06.2022 ESTA EMPRESA SE DENOMINA MAPFRE PERU COMPANIA DE SEGUROS Y REASEGUROS S.A.",,sbs_S-401_2023-05_2024200498D.xls
2023-05,P010,65,A,"Mediante Resolución SBS N° 8551-2012 (15/11/2012), se autorizó el cambio de denominación social de InVita Seguros de Vida S.A. a Seguros Sura.","MEDIANTE RESOLUCION SBS N 8551-2012 (15/11/2012), SE AUTORIZO EL CAMBIO DE DENOMINACION SOCIAL DE INVITA SEGUROS DE VIDA S.A. A SEGUROS SURA.",,sbs_S-401_2023-05_2024200498D.xls
2023-05,P010,66,A,"Mediante Resolución SBS N° 2748-2015 (21/05/2015), se autorizó el cambio de denominación social de Aseguradora Magallanes Perú S.A. a HDI Seguros S.A.","MEDIANTE RESOLUCION SBS N 2748-2015 (21/05/2015), SE AUTORIZO EL CAMBIO DE DENOMINACION SOCIAL DE ASEGURADORA MAGALLANES PERU S.A. A HDI SEGUROS S.A.",,sbs_S-401_2023-05_2024200498D.xls
2023-05,P010,67,A,"Mediante Resolución SBS N° 1137-2016 (02/03/2016), se autorizó el cambio de denominación social de Ace Seguros S.A. a Chubb Seguros Perú S.A.","MEDIANTE RESOLUCION SBS N 1137-2016 (02/03/2016), SE AUTORIZO EL CAMBIO DE DENOMINACION SOCIAL DE ACE SEGUROS S.A. A CHUBB SEGUROS PERU S.A.",,sbs_S-401_2023-05_2024200498D.xls
2023-05,P010,68,A,"Mediante Resolución SBS N° 4961-2016 (14/09/2016), se autorizó el cambio de denominación social de AVAL Perú Compañía de Seguros S.A. a AVLA Perú Compañía de Seguros S.A.","MEDIANTE RESOLUCION SBS N 4961-2016 (14/09/2016), SE AUTORIZO EL CAMBIO DE DENOMINACION SOCIAL DE AVAL PERU COMPANIA DE SEGUROS S.A. A AVLA PERU COMPANIA DE SEGUROS S.A.",,sbs_S-401_2023-05_2024200498D.xls
2023-05,P010,69,A,"Mediante Resolución SBS N° 2836-2017 (19/07/2017), se autorizó la fusión por absorción de El Pacífico Vida con El Pacífico Peruano Suiza. A partir del 01.08.2017 esta empresa se denomina Pacífico Compañía de Seguros y Reaseguros.","MEDIANTE RESOLUCION SBS N 2836-2017 (19/07/2017), SE AUTORIZO LA FUSION POR ABSORCION DE EL PACIFICO VIDA CON EL PACIFICO PERUANO SUIZA. A PARTIR DEL 01.08.2017 ESTA EMPRESA SE DENOMINA PACIFICO COMPANIA DE SEGUROS Y REASEGUROS.",,sbs_S-401_2023-05_2024200498D.xls
2023-05,P010,70,A,"Mediante Resolución SBS N° 1170-2018 (27/03/2018), se autorizó la fusión por absorción de Interseguro Compañía de Seguros con Seguros Sura.","MEDIANTE RESOLUCION SBS N 1170-2018 (27/03/2018), SE AUTORIZO LA FUSION POR ABSORCION DE INTERSEGURO COMPANIA DE SEGUROS CON SEGUROS SURA.",,sbs_S-401_2023-05_2024200498D.xls
2023-05,P010,71,A,"Mediante Resolución SBS N° 2296-2019 (22/05/2019), se autorizó el cambio de denominación social de HDI Seguros S.A. a Qualitas Compañía de Seguros S.A.","MEDIANTE RESOLUCION SBS N 2296-2019 (22/05/2019), SE AUTORIZO EL CAMBIO DE DENOMINACION SOCIAL DE HDI SEGUROS S.A. A QUALITAS COMPANIA DE SEGUROS S.A.",,sbs_S-401_2023-05_2024200498D.xls
2023-05,P010,72,A,"Mediante Resolución SBS Nº 1749-2020 (01/07/2020), se autorizó la liquidación voluntaria y posterior inicio del proceso liquidatorio de Rigel Perú S.A.","MEDIANTE RESOLUCION SBS NO 1749-2020 (01/07/2020), SE AUTORIZO LA LIQUIDACION VOLUNTARIA Y POSTERIOR INICIO DEL PROCESO LIQUIDATORIO DE RIGEL PERU S.A.",,sbs_S-401_2023-05_2024200498D.xls
2023-05,P010,73,A,"Mediante Resolución SBS Nº 3286-2020 (28/12/2020), se autorizó la liquidación voluntaria y posterior inicio del proceso liquidatorio de Coface Seguros.","MEDIANTE RESOLUCION SBS NO 3286-2020 (28/12/2020), SE AUTORIZO LA LIQUIDACION VOLUNTARIA Y POSTERIOR INICIO DEL PROCESO LIQUIDATORIO DE COFACE SEGUROS.",,sbs_S-401_2023-05_2024200498D.xls
2023-05,P010,74,A,"Mediante Resolución SBS N° 278-2021 (28/01/2021), se autorizó el cambio de denominación social de Compañía de Seguros de Vida Cámara S.A. a Vivir Seguros Compañía de Seguros de Vida S.A.","MEDIANTE RESOLUCION SBS N 278-2021 (28/01/2021), SE AUTORIZO EL CAMBIO DE DENOMINACION SOCIAL DE COMPANIA DE SEGUROS DE VIDA CAMARA S.A. A VIVIR SEGUROS COMPANIA DE SEGUROS DE VIDA S.A.",,sbs_S-401_2023-05_2024200498D.xls
2023-05,P010,75,A,"Mediante Resolución SBS N° 1724-2022 (25/05/2022), se autorizó la fusión por absorción de Mapfre Perú Vida con Mapfre Perú. A partir del 01.06.2022 esta empresa se denomina Mapfre Perú Compañía de Seguros y Reaseguros S.A.","MEDIANTE RESOLUCION SBS N 1724-2022 (25/05/2022), SE AUTORIZO LA FUSION POR ABSORCION DE MAPFRE PERU VIDA CON MAPFRE PERU. A PARTIR DEL 01.06.2022 ESTA EMPRESA SE DENOMINA MAPFRE PERU COMPANIA DE SEGUROS Y REASEGUROS S.A.",,sbs_S-401_2023-05_2024200498D.xls
2023-06,P009,67,A,"Mediante Resolución SBS N° 8551-2012 (15/11/2012), se autorizó el cambio de denominación social de InVita Seguros de Vida S.A. a Seguros Sura.","MEDIANTE RESOLUCION SBS N 8551-2012 (15/11/2012), SE AUTORIZO EL CAMBIO DE DENOMINACION SOCIAL DE INVITA SEGUROS DE VIDA S.A. A SEGUROS SURA.",,sbs_S-401_2023-06_2024200498D.xls
2023-06,P009,68,A,"Mediante Resolución SBS N° 2748-2015 (21/05/2015), se autorizó el cambio de denominación social de Aseguradora Magallanes Perú S.A. a HDI Seguros S.A.","MEDIANTE RESOLUCION SBS N 2748-2015 (21/05/2015), SE AUTORIZO EL CAMBIO DE DENOMINACION SOCIAL DE ASEGURADORA MAGALLANES PERU S.A. A HDI SEGUROS S.A.",,sbs_S-401_2023-06_2024200498D.xls
2023-06,P009,69,A,"Mediante Resolución SBS N° 1137-2016 (02/03/2016), se autorizó el cambio de denominación social de Ace Seguros S.A. a Chubb Seguros Perú S.A.","MEDIANTE RESOLUCION SBS N 1137-2016 (02/03/2016), SE AUTORIZO EL CAMBIO DE DENOMINACION SOCIAL DE ACE SEGUROS S.A. A CHUBB SEGUROS PERU S.A.",,sbs_S-401_2023-06_2024200498D.xls
2023-06,P009,70,A,"Mediante Resolución SBS N° 4961-2016 (14/09/2016), se autorizó el cambio de denominación social de AVAL Perú Compañía de Seguros S.A. a AVLA Perú Compañía de Seguros S.A.","MEDIANTE RESOLUCION SBS N 4961-2016 (14/09/2016), SE AUTORIZO EL CAMBIO DE DENOMINACION SOCIAL DE AVAL PERU COMPANIA DE SEGUROS S.A. A AVLA PERU COMPANIA DE SEGUROS S.A.",,sbs_S-401_2023-06_2024200498D.xls
2023-06,P009,71,A,"Mediante Resolución SBS N° 2836-2017 (19/07/2017), se autorizó la fusión por absorción de El Pacífico Vida con El Pacífico Peruano Suiza. A partir del 01.08.2017 esta empresa se denomina Pacífico Compañía de Seguros y Reaseguros.","MEDIANTE RESOLUCION SBS N 2836-2017 (19/07/2017), SE AUTORIZO LA FUSION POR ABSORCION DE EL PACIFICO VIDA CON EL PACIFICO PERUANO SUIZA. A PARTIR DEL 01.08.2017 ESTA EMPRESA SE DENOMINA PACIFICO COMPANIA DE SEGUROS Y REASEGUROS.",,sbs_S-401_2023-06_2024200498D.xls
2023-06,P009,72,A,"Mediante Resolución SBS N° 1170-2018 (27/03/2018), se autorizó la fusión por absorción de Interseguro Compañía de Seguros con Seguros Sura.","MEDIANTE RESOLUCION SBS N 1170-2018 (27/03/2018), SE AUTORIZO LA FUSION POR ABSORCION DE INTERSEGURO COMPANIA DE SEGUROS CON SEGUROS SURA.",,sbs_S-401_2023-06_2024200498D.xls
2023-06,P009,73,A,"Mediante Resolución SBS N° 2296-2019 (22/05/2019), se autorizó el cambio de denominación social de HDI Seguros S.A. a Qualitas Compañía de Seguros S.A.","MEDIANTE RESOLUCION SBS N 2296-2019 (22/05/2019), SE AUTORIZO EL CAMBIO DE DENOMINACION SOCIAL DE HDI SEGUROS S.A. A QUALITAS COMPANIA DE SEGUROS S.A.",,sbs_S-401_2023-06_2024200498D.xls
2023-06,P009,74,A,"Mediante Resolución SBS Nº 1749-2020 (01/07/2020), se autorizó la liquidación voluntaria y posterior inicio del proceso liquidatorio de Rigel Perú S.A.","MEDIANTE RESOLUCION SBS NO 1749-2020 (01/07/2020), SE AUTORIZO LA LIQUIDACION VOLUNTARIA Y POSTERIOR INICIO DEL PROCESO LIQUIDATORIO DE RIGEL PERU S.A.",,sbs_S-401_2023-06_2024200498D.xls
2023-06,P009,75,A,"Mediante Resolución SBS Nº 3286-2020 (28/12/2020), se autorizó la liquidación voluntaria y posterior inicio del proceso liquidatorio de Coface Seguros.","MEDIANTE RESOLUCION SBS NO 3286-2020 (28/12/2020), SE AUTORIZO LA LIQUIDACION VOLUNTARIA Y POSTERIOR INICIO DEL PROCESO LIQUIDATORIO DE COFACE SEGUROS.",,sbs_S-401_2023-06_2024200498D.xls
2023-06,P009,76,A,"Mediante Resolución SBS N° 278-2021 (28/01/2021), se autorizó el cambio de denominación social de Compañía de Seguros de Vida Cámara S.A. a Vivir Seguros Compañía de Seguros de Vida S.A.","MEDIANTE RESOLUCION SBS N 278-2021 (28/01/2021), SE AUTORIZO EL CAMBIO DE DENOMINACION SOCIAL DE COMPANIA DE SEGUROS DE VIDA CAMARA S.A. A VIVIR SEGUROS COMPANIA DE SEGUROS DE VIDA S.A.",,sbs_S-401_2023-06_2024200498D.xls
2023-06,P009,77,A,"Mediante Resolución SBS N° 1724-2022 (25/05/2022), se autorizó la fusión por absorción de Mapfre Perú Vida con Mapfre Perú. A partir del 01.06.2022 esta empresa se denomina Mapfre Perú Compañía de Seguros y Reaseguros S.A.","MEDIANTE RESOLUCION SBS N 1724-2022 (25/05/2022), SE AUTORIZO LA FUSION POR ABSORCION DE MAPFRE PERU VIDA CON MAPFRE PERU. A PARTIR DEL 01.06.2022 ESTA EMPRESA SE DENOMINA MAPFRE PERU COMPANIA DE SEGUROS Y REASEGUROS S.A.",,sbs_S-401_2023-06_2024200498D.xls
2023-06,P010,67,A,"Mediante Resolución SBS N° 8551-2012 (15/11/2012), se autorizó el cambio de denominación social de InVita Seguros de Vida S.A. a Seguros Sura.","MEDIANTE RESOLUCION SBS N 8551-2012 (15/11/2012), SE AUTORIZO EL CAMBIO DE DENOMINACION SOCIAL DE INVITA SEGUROS DE VIDA S.A. A SEGUROS SURA.",,sbs_S-401_2023-06_2024200498D.xls
2023-06,P010,68,A,"Mediante Resolución SBS N° 2748-2015 (21/05/2015), se autorizó el cambio de denominación social de Aseguradora Magallanes Perú S.A. a HDI Seguros S.A.","MEDIANTE RESOLUCION SBS N 2748-2015 (21/05/2015), SE AUTORIZO EL CAMBIO DE DENOMINACION SOCIAL DE ASEGURADORA MAGALLANES PERU S.A. A HDI SEGUROS S.A.",,sbs_S-401_2023-06_2024200498D.xls
2023-06,P010,69,A,"Mediante Resolución SBS N° 1137-2016 (02/03/2016), se autorizó el cambio de denominación social de Ace Seguros S.A. a Chubb Seguros Perú S.A.","MEDIANTE RESOLUCION SBS N 1137-2016 (02/03/2016), SE AUTORIZO EL CAMBIO DE DENOMINACION SOCIAL DE ACE SEGUROS S.A. A CHUBB SEGUROS PERU S.A.",,sbs_S-401_2023-06_2024200498D.xls
2023-06,P010,70,A,"Mediante Resolución SBS N° 4961-2016 (14/09/2016), se autorizó el cambio de denominación social de AVAL Perú Compañía de Seguros S.A. a AVLA Perú Compañía de Seguros S.A.","MEDIANTE RESOLUCION SBS N 4961-2016 (14/09/2016), SE AUTORIZO EL CAMBIO DE DENOMINACION SOCIAL DE AVAL PERU COMPANIA DE SEGUROS S.A. A AVLA PERU COMPANIA DE SEGUROS S.A.",,sbs_S-401_2023-06_2024200498D.xls
2023-06,P010,71,A,"Mediante Resolución SBS N° 2836-2017 (19/07/2017), se autorizó la fusión por absorción de El Pacífico Vida con El Pacífico Peruano Suiza. A partir del 01.08.2017 esta empresa se denomina Pacífico Compañía de Seguros y Reaseguros.","MEDIANTE RESOLUCION SBS N 2836-2017 (19/07/2017), SE AUTORIZO LA FUSION POR ABSORCION DE EL PACIFICO VIDA CON EL PACIFICO PERUANO SUIZA. A PARTIR DEL 01.08.2017 ESTA EMPRESA SE DENOMINA PACIFICO COMPANIA DE SEGUROS Y REASEGUROS.",,sbs_S-401_2023-06_2024200498D.xls
2023-06,P010,72,A,"Mediante Resolución SBS N° 1170-2018 (27/03/2018), se autorizó la fusión por absorción de Interseguro Compañía de Seguros con Seguros Sura.","MEDIANTE RESOLUCION SBS N 1170-2018 (27/03/2018), SE AUTORIZO LA FUSION POR ABSORCION DE INTERSEGURO COMPANIA DE SEGUROS CON SEGUROS SURA.",,sbs_S-401_2023-06_2024200498D.xls
2023-06,P010,73,A,"Mediante Resolución SBS N° 2296-2019 (22/05/2019), se autorizó el cambio de denominación social de HDI Seguros S.A. a Qualitas Compañía de Seguros S.A.","MEDIANTE RESOLUCION SBS N 2296-2019 (22/05/2019), SE AUTORIZO EL CAMBIO DE DENOMINACION SOCIAL DE HDI SEGUROS S.A. A QUALITAS COMPANIA DE SEGUROS S.A.",,sbs_S-401_2023-06_2024200498D.xls
2023-06,P010,74,A,"Mediante Resolución SBS Nº 1749-2020 (01/07/2020), se autorizó la liquidación voluntaria y posterior inicio del proceso liquidatorio de Rigel Perú S.A.","MEDIANTE RESOLUCION SBS NO 1749-2020 (01/07/2020), SE AUTORIZO LA LIQUIDACION VOLUNTARIA Y POSTERIOR INICIO DEL PROCESO LIQUIDATORIO DE RIGEL PERU S.A.",,sbs_S-401_2023-06_2024200498D.xls
2023-06,P010,75,A,"Mediante Resolución SBS Nº 3286-2020 (28/12/2020), se autorizó la liquidación voluntaria y posterior inicio del proceso liquidatorio de Coface Seguros.","MEDIANTE RESOLUCION SBS NO 3286-2020 (28/12/2020), SE AUTORIZO LA LIQUIDACION VOLUNTARIA Y POSTERIOR INICIO DEL PROCESO LIQUIDATORIO DE COFACE SEGUROS.",,sbs_S-401_2023-06_2024200498D.xls
2023-06,P010,76,A,"Mediante Resolución SBS N° 278-2021 (28/01/2021), se autorizó el cambio de denominación social de Compañía de Seguros de Vida Cámara S.A. a Vivir Seguros Compañía de Seguros de Vida S.A.","MEDIANTE RESOLUCION SBS N 278-2021 (28/01/2021), SE AUTORIZO EL CAMBIO DE DENOMINACION SOCIAL DE COMPANIA DE SEGUROS DE VIDA CAMARA S.A. A VIVIR SEGUROS COMPANIA DE SEGUROS DE VIDA S.A.",,sbs_S-401_2023-06_2024200498D.xls
2023-06,P010,77,A,"Mediante Resolución SBS N° 1724-2022 (25/05/2022), se autorizó la fusión por absorción de Mapfre Perú Vida con Mapfre Perú. A partir del 01.06.2022 esta empresa se denomina Mapfre Perú Compañía de Seguros y Reaseguros S.A.","MEDIANTE RESOLUCION SBS N 1724-2022 (25/05/2022), SE AUTORIZO LA FUSION POR ABSORCION DE MAPFRE PERU VIDA CON MAPFRE PERU. A PARTIR DEL 01.06.2022 ESTA EMPRESA SE DENOMINA MAPFRE PERU COMPANIA DE SEGUROS Y REASEGUROS S.A.",,sbs_S-401_2023-06_2024200498D.xls
2023-07,P009,67,A,"Mediante Resolución SBS N° 8551-2012 (15/11/2012), se autorizó el cambio de denominación social de InVita Seguros de Vida S.A. a Seguros Sura.","MEDIANTE RESOLUCION SBS N 8551-2012 (15/11/2012), SE AUTORIZO EL CAMBIO DE DENOMINACION SOCIAL DE INVITA SEGUROS DE VIDA S.A. A SEGUROS SURA.",,sbs_S-401_2023-07_2024200498D.xls
2023-07,P009,68,A,"Mediante Resolución SBS N° 2748-2015 (21/05/2015), se autorizó el cambio de denominación social de Aseguradora Magallanes Perú S.A. a HDI Seguros S.A.","MEDIANTE RESOLUCION SBS N 2748-2015 (21/05/2015), SE AUTORIZO EL CAMBIO DE DENOMINACION SOCIAL DE ASEGURADORA MAGALLANES PERU S.A. A HDI SEGUROS S.A.",,sbs_S-401_2023-07_2024200498D.xls
2023-07,P009,69,A,"Mediante Resolución SBS N° 1137-2016 (02/03/2016), se autorizó el cambio de denominación social de Ace Seguros S.A. a Chubb Seguros Perú S.A.","MEDIANTE RESOLUCION SBS N 1137-2016 (02/03/2016), SE AUTORIZO EL CAMBIO DE DENOMINACION SOCIAL DE ACE SEGUROS S.A. A CHUBB SEGUROS PERU S.A.",,sbs_S-401_2023-07_2024200498D.xls
2023-07,P009,70,A,"Mediante Resolución SBS N° 4961-2016 (14/09/2016), se autorizó el cambio de denominación social de AVAL Perú Compañía de Seguros S.A. a AVLA Perú Compañía de Seguros S.A.","MEDIANTE RESOLUCION SBS N 4961-2016 (14/09/2016), SE AUTORIZO EL CAMBIO DE DENOMINACION SOCIAL DE AVAL PERU COMPANIA DE SEGUROS S.A. A AVLA PERU COMPANIA DE SEGUROS S.A.",,sbs_S-401_2023-07_2024200498D.xls
2023-07,P009,71,A,"Mediante Resolución SBS N° 2836-2017 (19/07/2017), se autorizó la fusión por absorción de El Pacífico Vida con El Pacífico Peruano Suiza. A partir del 01.08.2017 esta empresa se denomina Pacífico Compañía de Seguros y Reaseguros.","MEDIANTE RESOLUCION SBS N 2836-2017 (19/07/2017), SE AUTORIZO LA FUSION POR ABSORCION DE EL PACIFICO VIDA CON EL PACIFICO PERUANO SUIZA. A PARTIR DEL 01.08.2017 ESTA EMPRESA SE DENOMINA PACIFICO COMPANIA DE SEGUROS Y REASEGUROS.",,sbs_S-401_2023-07_2024200498D.xls
2023-07,P009,72,A,"Mediante Resolución SBS N° 1170-2018 (27/03/2018), se autorizó la fusión por absorción de Interseguro Compañía de Seguros con Seguros Sura.","MEDIANTE RESOLUCION SBS N 1170-2018 (27/03/2018), SE AUTORIZO LA FUSION POR ABSORCION DE INTERSEGURO COMPANIA DE SEGUROS CON SEGUROS SURA.",,sbs_S-401_2023-07_2024200498D.xls
2023-07,P009,73,A,"Mediante Resolución SBS N° 2296-2019 (22/05/2019), se autorizó el cambio de denominación social de HDI Seguros S.A. a Qualitas Compañía de Seguros S.A.","MEDIANTE RESOLUCION SBS N 2296-2019 (22/05/2019), SE AUTORIZO EL CAMBIO DE DENOMINACION SOCIAL DE HDI SEGUROS S.A. A QUALITAS COMPANIA DE SEGUROS S.A.",,sbs_S-401_2023-07_2024200498D.xls
2023-07,P009,74,A,"Mediante Resolución SBS Nº 1749-2020 (01/07/2020), se autorizó la liquidación voluntaria y posterior inicio del proceso liquidatorio de Rigel Perú S.A.","MEDIANTE RESOLUCION SBS NO 1749-2020 (01/07/2020), SE AUTORIZO LA LIQUIDACION VOLUNTARIA Y POSTERIOR INICIO DEL PROCESO LIQUIDATORIO DE RIGEL PERU S.A.",,sbs_S-401_2023-07_2024200498D.xls
2023-07,P009,75,A,"Mediante Resolución SBS Nº 3286-2020 (28/12/2020), se autorizó la liquidación voluntaria y posterior inicio del proceso liquidatorio de Coface Seguros.","MEDIANTE RESOLUCION SBS NO 3286-2020 (28/12/2020), SE AUTORIZO LA LIQUIDACION VOLUNTARIA Y POSTERIOR INICIO DEL PROCESO LIQUIDATORIO DE COFACE SEGUROS.",,sbs_S-401_2023-07_2024200498D.xls
2023-07,P009,76,A,"Mediante Resolución SBS N° 278-2021 (28/01/2021), se autorizó el cambio de denominación social de Compañía de Seguros de Vida Cámara S.A. a Vivir Seguros Compañía de Seguros de Vida S.A.","MEDIANTE RESOLUCION SBS N 278-2021 (28/01/2021), SE AUTORIZO EL CAMBIO DE DENOMINACION SOCIAL DE COMPANIA DE SEGUROS DE VIDA CAMARA S.A. A VIVIR SEGUROS COMPANIA DE SEGUROS DE VIDA S.A.",,sbs_S-401_2023-07_2024200498D.xls
2023-07,P009,77,A,"Mediante Resolución SBS N° 1724-2022 (25/05/2022), se autorizó la fusión por absorción de Mapfre Perú Vida con Mapfre Perú. A partir del 01.06.2022 esta empresa se denomina Mapfre Perú Compañía de Seguros y Reaseguros S.A.","MEDIANTE RESOLUCION SBS N 1724-2022 (25/05/2022), SE AUTORIZO LA FUSION POR ABSORCION DE MAPFRE PERU VIDA CON MAPFRE PERU. A PARTIR DEL 01.06.2022 ESTA EMPRESA SE DENOMINA MAPFRE PERU COMPANIA DE SEGUROS Y REASEGUROS S.A.",,sbs_S-401_2023-07_2024200498D.xls
2023-07,P010,67,A,"Mediante Resolución SBS N° 8551-2012 (15/11/2012), se autorizó el cambio de denominación social de InVita Seguros de Vida S.A. a Seguros Sura.","MEDIANTE RESOLUCION SBS N 8551-2012 (15/11/2012), SE AUTORIZO EL CAMBIO DE DENOMINACION SOCIAL DE INVITA SEGUROS DE VIDA S.A. A SEGUROS SURA.",,sbs_S-401_2023-07_2024200498D.xls
2023-07,P010,68,A,"Mediante Resolución SBS N° 2748-2015 (21/05/2015), se autorizó el cambio de denominación social de Aseguradora Magallanes Perú S.A. a HDI Seguros S.A.","MEDIANTE RESOLUCION SBS N 2748-2015 (21/05/2015), SE AUTORIZO EL CAMBIO DE DENOMINACION SOCIAL DE ASEGURADORA MAGALLANES PERU S.A. A HDI SEGUROS S.A.",,sbs_S-401_2023-07_2024200498D.xls
2023-07,P010,69,A,"Mediante Resolución SBS N° 1137-2016 (02/03/2016), se autorizó el cambio de denominación social de Ace Seguros S.A. a Chubb Seguros Perú S.A.","MEDIANTE RESOLUCION SBS N 1137-2016 (02/03/2016), SE AUTORIZO EL CAMBIO DE DENOMINACION SOCIAL DE ACE SEGUROS S.A. A CHUBB SEGUROS PERU S.A.",,sbs_S-401_2023-07_2024200498D.xls
2023-07,P010,70,A,"Mediante Resolución SBS N° 4961-2016 (14/09/2016), se autorizó el cambio de denominación social de AVAL Perú Compañía de Seguros S.A. a AVLA Perú Compañía de Seguros S.A.","MEDIANTE RESOLUCION SBS N 4961-2016 (14/09/2016), SE AUTORIZO EL CAMBIO DE DENOMINACION SOCIAL DE AVAL PERU COMPANIA DE SEGUROS S.A. A AVLA PERU COMPANIA DE SEGUROS S.A.",,sbs_S-401_2023-07_2024200498D.xls
2023-07,P010,71,A,"Mediante Resolución SBS N° 2836-2017 (19/07/2017), se autorizó la fusión por absorción de El Pacífico Vida con El Pacífico Peruano Suiza. A partir del 01.08.2017 esta empresa se denomina Pacífico Compañía de Seguros y Reaseguros.","MEDIANTE RESOLUCION SBS N 2836-2017 (19/07/2017), SE AUTORIZO LA FUSION POR ABSORCION DE EL PACIFICO VIDA CON EL PACIFICO PERUANO SUIZA. A PARTIR DEL 01.08.2017 ESTA EMPRESA SE DENOMINA PACIFICO COMPANIA DE SEGUROS Y REASEGUROS.",,sbs_S-401_2023-07_2024200498D.xls
2023-07,P010,72,A,"Mediante Resolución SBS N° 1170-2018 (27/03/2018), se autorizó la fusión por absorción de Interseguro Compañía de Seguros con Seguros Sura.","MEDIANTE RESOLUCION SBS N 1170-2018 (27/03/2018), SE AUTORIZO LA FUSION POR ABSORCION DE INTERSEGURO COMPANIA DE SEGUROS CON SEGUROS SURA.",,sbs_S-401_2023-07_2024200498D.xls
2023-07,P010,73,A,"Mediante Resolución SBS N° 2296-2019 (22/05/2019), se autorizó el cambio de denominación social de HDI Seguros S.A. a Qualitas Compañía de Seguros S.A.","MEDIANTE RESOLUCION SBS N 2296-2019 (22/05/2019), SE AUTORIZO EL CAMBIO DE DENOMINACION SOCIAL DE HDI SEGUROS S.A. A QUALITAS COMPANIA DE SEGUROS S.A.",,sbs_S-401_2023-07_2024200498D.xls
2023-07,P010,74,A,"Mediante Resolución SBS Nº 1749-2020 (01/07/2020), se autorizó la liquidación voluntaria y posterior inicio del proceso liquidatorio de Rigel Perú S.A.","MEDIANTE RESOLUCION SBS NO 1749-2020 (01/07/2020), SE AUTORIZO LA LIQUIDACION VOLUNTARIA Y POSTERIOR INICIO DEL PROCESO LIQUIDATORIO DE RIGEL PERU S.A.",,sbs_S-401_2023-07_2024200498D.xls
2023-07,P010,75,A,"Mediante Resolución SBS Nº 3286-2020 (28/12/2020), se autorizó la liquidación voluntaria y posterior inicio del proceso liquidatorio de Coface Seguros.","MEDIANTE RESOLUCION SBS NO 3286-2020 (28/12/2020), SE AUTORIZO LA LIQUIDACION VOLUNTARIA Y POSTERIOR INICIO DEL PROCESO LIQUIDATORIO DE COFACE SEGUROS.",,sbs_S-401_2023-07_2024200498D.xls
2023-07,P010,76,A,"Mediante Resolución SBS N° 278-2021 (28/01/2021), se autorizó el cambio de denominación social de Compañía de Seguros de Vida Cámara S.A. a Vivir Seguros Compañía de Seguros de Vida S.A.","MEDIANTE RESOLUCION SBS N 278-2021 (28/01/2021), SE AUTORIZO EL CAMBIO DE DENOMINACION SOCIAL DE COMPANIA DE SEGUROS DE VIDA CAMARA S.A. A VIVIR SEGUROS COMPANIA DE SEGUROS DE VIDA S.A.",,sbs_S-401_2023-07_2024200498D.xls
2023-07,P010,77,A,"Mediante Resolución SBS N° 1724-2022 (25/05/2022), se autorizó la fusión por absorción de Mapfre Perú Vida con Mapfre Perú. A partir del 01.06.2022 esta empresa se denomina Mapfre Perú Compañía de Seguros y Reaseguros S.A.","MEDIANTE RESOLUCION SBS N 1724-2022 (25/05/2022), SE AUTORIZO LA FUSION POR ABSORCION DE MAPFRE PERU VIDA CON MAPFRE PERU. A PARTIR DEL 01.06.2022 ESTA EMPRESA SE DENOMINA MAPFRE PERU COMPANIA DE SEGUROS Y REASEGUROS S.A.",,sbs_S-401_2023-07_2024200498D.xls
2023-08,P009,67,A,"Mediante Resolución SBS N° 8551-2012 (15/11/2012), se autorizó el cambio de denominación social de InVita Seguros de Vida S.A. a Seguros Sura.","MEDIANTE RESOLUCION SBS N 8551-2012 (15/11/2012), SE AUTORIZO EL CAMBIO DE DENOMINACION SOCIAL DE INVITA SEGUROS DE VIDA S.A. A SEGUROS SURA.",,sbs_S-401_2023-08_2024200498D.xls
2023-08,P009,68,A,"Mediante Resolución SBS N° 2748-2015 (21/05/2015), se autorizó el cambio de denominación social de Aseguradora Magallanes Perú S.A. a HDI Seguros S.A.","MEDIANTE RESOLUCION SBS N 2748-2015 (21/05/2015), SE AUTORIZO EL CAMBIO DE DENOMINACION SOCIAL DE ASEGURADORA MAGALLANES PERU S.A. A HDI SEGUROS S.A.",,sbs_S-401_2023-08_2024200498D.xls
2023-08,P009,69,A,"Mediante Resolución SBS N° 1137-2016 (02/03/2016), se autorizó el cambio de denominación social de Ace Seguros S.A. a Chubb Seguros Perú S.A.","MEDIANTE RESOLUCION SBS N 1137-2016 (02/03/2016), SE AUTORIZO EL CAMBIO DE DENOMINACION SOCIAL DE ACE SEGUROS S.A. A CHUBB SEGUROS PERU S.A.",,sbs_S-401_2023-08_2024200498D.xls
2023-08,P009,70,A,"Mediante Resolución SBS N° 4961-2016 (14/09/2016), se autorizó el cambio de denominación social de AVAL Perú Compañía de Seguros S.A. a AVLA Perú Compañía de Seguros S.A.","MEDIANTE RESOLUCION SBS N 4961-2016 (14/09/2016), SE AUTORIZO EL CAMBIO DE DENOMINACION SOCIAL DE AVAL PERU COMPANIA DE SEGUROS S.A. A AVLA PERU COMPANIA DE SEGUROS S.A.",,sbs_S-401_2023-08_2024200498D.xls
2023-08,P009,71,A,"Mediante Resolución SBS N° 2836-2017 (19/07/2017), se autorizó la fusión por absorción de El Pacífico Vida con El Pacífico Peruano Suiza. A partir del 01.08.2017 esta empresa se denomina Pacífico Compañía de Seguros y Reaseguros.","MEDIANTE RESOLUCION SBS N 2836-2017 (19/07/2017), SE AUTORIZO LA FUSION POR ABSORCION DE EL PACIFICO VIDA CON EL PACIFICO PERUANO SUIZA. A PARTIR DEL 01.08.2017 ESTA EMPRESA SE DENOMINA PACIFICO COMPANIA DE SEGUROS Y REASEGUROS.",,sbs_S-401_2023-08_2024200498D.xls
2023-08,P009,72,A,"Mediante Resolución SBS N° 1170-2018 (27/03/2018), se autorizó la fusión por absorción de Interseguro Compañía de Seguros con Seguros Sura.","MEDIANTE RESOLUCION SBS N 1170-2018 (27/03/2018), SE AUTORIZO LA FUSION POR ABSORCION DE INTERSEGURO COMPANIA DE SEGUROS CON SEGUROS SURA.",,sbs_S-401_2023-08_2024200498D.xls
2023-08,P009,73,A,"Mediante Resolución SBS N° 2296-2019 (22/05/2019), se autorizó el cambio de denominación social de HDI Seguros S.A. a Qualitas Compañía de Seguros S.A.","MEDIANTE RESOLUCION SBS N 2296-2019 (22/05/2019), SE AUTORIZO EL CAMBIO DE DENOMINACION SOCIAL DE HDI SEGUROS S.A. A QUALITAS COMPANIA DE SEGUROS S.A.",,sbs_S-401_2023-08_2024200498D.xls
2023-08,P009,74,A,"Mediante Resolución SBS Nº 1749-2020 (01/07/2020), se autorizó la liquidación voluntaria y posterior inicio del proceso liquidatorio de Rigel Perú S.A.","MEDIANTE RESOLUCION SBS NO 1749-2020 (01/07/2020), SE AUTORIZO LA LIQUIDACION VOLUNTARIA Y POSTERIOR INICIO DEL PROCESO LIQUIDATORIO DE RIGEL PERU S.A.",,sbs_S-401_2023-08_2024200498D.xls
2023-08,P009,75,A,"Mediante Resolución SBS Nº 3286-2020 (28/12/2020), se autorizó la liquidación voluntaria y posterior inicio del proceso liquidatorio de Coface Seguros.","MEDIANTE RESOLUCION SBS NO 3286-2020 (28/12/2020), SE AUTORIZO LA LIQUIDACION VOLUNTARIA Y POSTERIOR INICIO DEL PROCESO LIQUIDATORIO DE COFACE SEGUROS.",,sbs_S-401_2023-08_2024200498D.xls
2023-08,P009,76,A,"Mediante Resolución SBS N° 278-2021 (28/01/2021), se autorizó el cambio de denominación social de Compañía de Seguros de Vida Cámara S.A. a Vivir Seguros Compañía de Seguros de Vida S.A.","MEDIANTE RESOLUCION SBS N 278-2021 (28/01/2021), SE AUTORIZO EL CAMBIO DE DENOMINACION SOCIAL DE COMPANIA DE SEGUROS DE VIDA CAMARA S.A. A VIVIR SEGUROS COMPANIA DE SEGUROS DE VIDA S.A.",,sbs_S-401_2023-08_2024200498D.xls
2023-08,P009,77,A,"Mediante Resolución SBS N° 1724-2022 (25/05/2022), se autorizó la fusión por absorción de Mapfre Perú Vida con Mapfre Perú. A partir del 01.06.2022 esta empresa se denomina Mapfre Perú Compañía de Seguros y Reaseguros S.A.","MEDIANTE RESOLUCION SBS N 1724-2022 (25/05/2022), SE AUTORIZO LA FUSION POR ABSORCION DE MAPFRE PERU VIDA CON MAPFRE PERU. A PARTIR DEL 01.06.2022 ESTA EMPRESA SE DENOMINA MAPFRE PERU COMPANIA DE SEGUROS Y REASEGUROS S.A.",,sbs_S-401_2023-08_2024200498D.xls
2023-08,P010,67,A,"Mediante Resolución SBS N° 8551-2012 (15/11/2012), se autorizó el cambio de denominación social de InVita Seguros de Vida S.A. a Seguros Sura.","MEDIANTE RESOLUCION SBS N 8551-2012 (15/11/2012), SE AUTORIZO EL CAMBIO DE DENOMINACION SOCIAL DE INVITA SEGUROS DE VIDA S.A. A SEGUROS SURA.",,sbs_S-401_2023-08_2024200498D.xls
2023-08,P010,68,A,"Mediante Resolución SBS N° 2748-2015 (21/05/2015), se autorizó el cambio de denominación social de Aseguradora Magallanes Perú S.A. a HDI Seguros S.A.","MEDIANTE RESOLUCION SBS N 2748-2015 (21/05/2015), SE AUTORIZO EL CAMBIO DE DENOMINACION SOCIAL DE ASEGURADORA MAGALLANES PERU S.A. A HDI SEGUROS S.A.",,sbs_S-401_2023-08_2024200498D.xls
2023-08,P010,69,A,"Mediante Resolución SBS N° 1137-2016 (02/03/2016), se autorizó el cambio de denominación social de Ace Seguros S.A. a Chubb Seguros Perú S.A.","MEDIANTE RESOLUCION SBS N 1137-2016 (02/03/2016), SE AUTORIZO EL CAMBIO DE DENOMINACION SOCIAL DE ACE SEGUROS S.A. A CHUBB SEGUROS PERU S.A.",,sbs_S-401_2023-08_2024200498D.xls
2023-08,P010,70,A,"Mediante Resolución SBS N° 4961-2016 (14/09/2016), se autorizó el cambio de denominación social de AVAL Perú Compañía de Seguros S.A. a AVLA Perú Compañía de Seguros S.A.","MEDIANTE RESOLUCION SBS N 4961-2016 (14/09/2016), SE AUTORIZO EL CAMBIO DE DENOMINACION SOCIAL DE AVAL PERU COMPANIA DE SEGUROS S.A. A AVLA PERU COMPANIA DE SEGUROS S.A.",,sbs_S-401_2023-08_2024200498D.xls
2023-08,P010,71,A,"Mediante Resolución SBS N° 2836-2017 (19/07/2017), se autorizó la fusión por absorción de El Pacífico Vida con El Pacífico Peruano Suiza. A partir del 01.08.2017 esta empresa se denomina Pacífico Compañía de Seguros y Reaseguros.","MEDIANTE RESOLUCION SBS N 2836-2017 (19/07/2017), SE AUTORIZO LA FUSION POR ABSORCION DE EL PACIFICO VIDA CON EL PACIFICO PERUANO SUIZA. A PARTIR DEL 01.08.2017 ESTA EMPRESA SE DENOMINA PACIFICO COMPANIA DE SEGUROS Y REASEGUROS.",,sbs_S-401_2023-08_2024200498D.xls
2023-08,P010,72,A,"Mediante Resolución SBS N° 1170-2018 (27/03/2018), se autorizó la fusión por absorción de Interseguro Compañía de Seguros con Seguros Sura.","MEDIANTE RESOLUCION SBS N 1170-2018 (27/03/2018), SE AUTORIZO LA FUSION POR ABSORCION DE INTERSEGURO COMPANIA DE SEGUROS CON SEGUROS SURA.",,sbs_S-401_2023-08_2024200498D.xls
2023-08,P010,73,A,"Mediante Resolución SBS N° 2296-2019 (22/05/2019), se autorizó el cambio de denominación social de HDI Seguros S.A. a Qualitas Compañía de Seguros S.A.","MEDIANTE RESOLUCION SBS N 2296-2019 (22/05/2019), SE AUTORIZO EL CAMBIO DE DENOMINACION SOCIAL DE HDI SEGUROS S.A. A QUALITAS COMPANIA DE SEGUROS S.A.",,sbs_S-401_2023-08_2024200498D.xls
2023-08,P010,74,A,"Mediante Resolución SBS Nº 1749-2020 (01/07/2020), se autorizó la liquidación voluntaria y posterior inicio del proceso liquidatorio de Rigel Perú S.A.","MEDIANTE RESOLUCION SBS NO 1749-2020 (01/07/2020), SE AUTORIZO LA LIQUIDACION VOLUNTARIA Y POSTERIOR INICIO DEL PROCESO LIQUIDATORIO DE RIGEL PERU S.A.",,sbs_S-401_2023-08_2024200498D.xls
2023-08,P010,75,A,"Mediante Resolución SBS Nº 3286-2020 (28/12/2020), se autorizó la liquidación voluntaria y posterior inicio del proceso liquidatorio de Coface Seguros.","MEDIANTE RESOLUCION SBS NO 3286-2020 (28/12/2020), SE AUTORIZO LA LIQUIDACION VOLUNTARIA Y POSTERIOR INICIO DEL PROCESO LIQUIDATORIO DE COFACE SEGUROS.",,sbs_S-401_2023-08_2024200498D.xls
2023-08,P010,76,A,"Mediante Resolución SBS N° 278-2021 (28/01/2021), se autorizó el cambio de denominación social de Compañía de Seguros de Vida Cámara S.A. a Vivir Seguros Compañía de Seguros de Vida S.A.","MEDIANTE RESOLUCION SBS N 278-2021 (28/01/2021), SE AUTORIZO EL CAMBIO DE DENOMINACION SOCIAL DE COMPANIA DE SEGUROS DE VIDA CAMARA S.A. A VIVIR SEGUROS COMPANIA DE SEGUROS DE VIDA S.A.",,sbs_S-401_2023-08_2024200498D.xls
2023-08,P010,77,A,"Mediante Resolución SBS N° 1724-2022 (25/05/2022), se autorizó la fusión por absorción de Mapfre Perú Vida con Mapfre Perú. A partir del 01.06.2022 esta empresa se denomina Mapfre Perú Compañía de Seguros y Reaseguros S.A.","MEDIANTE RESOLUCION SBS N 1724-2022 (25/05/2022), SE AUTORIZO LA FUSION POR ABSORCION DE MAPFRE PERU VIDA CON MAPFRE PERU. A PARTIR DEL 01.06.2022 ESTA EMPRESA SE DENOMINA MAPFRE PERU COMPANIA DE SEGUROS Y REASEGUROS S.A.",,sbs_S-401_2023-08_2024200498D.xls
2023-09,P009,67,A,"Mediante Resolución SBS N° 8551-2012 (15/11/2012), se autorizó el cambio de denominación social de InVita Seguros de Vida S.A. a Seguros Sura.","MEDIANTE RESOLUCION SBS N 8551-2012 (15/11/2012), SE AUTORIZO EL CAMBIO DE DENOMINACION SOCIAL DE INVITA SEGUROS DE VIDA S.A. A SEGUROS SURA.",,sbs_S-401_2023-09_2024200498D.xls
2023-09,P009,68,A,"Mediante Resolución SBS N° 2748-2015 (21/05/2015), se autorizó el cambio de denominación social de Aseguradora Magallanes Perú S.A. a HDI Seguros S.A.","MEDIANTE RESOLUCION SBS N 2748-2015 (21/05/2015), SE AUTORIZO EL CAMBIO DE DENOMINACION SOCIAL DE ASEGURADORA MAGALLANES PERU S.A. A HDI SEGUROS S.A.",,sbs_S-401_2023-09_2024200498D.xls
2023-09,P009,69,A,"Mediante Resolución SBS N° 1137-2016 (02/03/2016), se autorizó el cambio de denominación social de Ace Seguros S.A. a Chubb Seguros Perú S.A.","MEDIANTE RESOLUCION SBS N 1137-2016 (02/03/2016), SE AUTORIZO EL CAMBIO DE DENOMINACION SOCIAL DE ACE SEGUROS S.A. A CHUBB SEGUROS PERU S.A.",,sbs_S-401_2023-09_2024200498D.xls
2023-09,P009,70,A,"Mediante Resolución SBS N° 4961-2016 (14/09/2016), se autorizó el cambio de denominación social de AVAL Perú Compañía de Seguros S.A. a AVLA Perú Compañía de Seguros S.A.","MEDIANTE RESOLUCION SBS N 4961-2016 (14/09/2016), SE AUTORIZO EL CAMBIO DE DENOMINACION SOCIAL DE AVAL PERU COMPANIA DE SEGUROS S.A. A AVLA PERU COMPANIA DE SEGUROS S.A.",,sbs_S-401_2023-09_2024200498D.xls
2023-09,P009,71,A,"Mediante Resolución SBS N° 2836-2017 (19/07/2017), se autorizó la fusión por absorción de El Pacífico Vida con El Pacífico Peruano Suiza. A partir del 01.08.2017 esta empresa se denomina Pacífico Compañía de Seguros y Reaseguros.","MEDIANTE RESOLUCION SBS N 2836-2017 (19/07/2017), SE AUTORIZO LA FUSION POR ABSORCION DE EL PACIFICO VIDA CON EL PACIFICO PERUANO SUIZA. A PARTIR DEL 01.08.2017 ESTA EMPRESA SE DENOMINA PACIFICO COMPANIA DE SEGUROS Y REASEGUROS.",,sbs_S-401_2023-09_2024200498D.xls
2023-09,P009,72,A,"Mediante Resolución SBS N° 1170-2018 (27/03/2018), se autorizó la fusión por absorción de Interseguro Compañía de Seguros con Seguros Sura.","MEDIANTE RESOLUCION SBS N 1170-2018 (27/03/2018), SE AUTORIZO LA FUSION POR ABSORCION DE INTERSEGURO COMPANIA DE SEGUROS CON SEGUROS SURA.",,sbs_S-401_2023-09_2024200498D.xls
2023-09,P009,73,A,"Mediante Resolución SBS N° 2296-2019 (22/05/2019), se autorizó el cambio de denominación social de HDI Seguros S.A. a Qualitas Compañía de Seguros S.A.","MEDIANTE RESOLUCION SBS N 2296-2019 (22/05/2019), SE AUTORIZO EL CAMBIO DE DENOMINACION SOCIAL DE HDI SEGUROS S.A. A QUALITAS COMPANIA DE SEGUROS S.A.",,sbs_S-401_2023-09_2024200498D.xls
2023-09,P009,74,A,"Mediante Resolución SBS Nº 1749-2020 (01/07/2020), se autorizó la liquidación voluntaria y posterior inicio del proceso liquidatorio de Rigel Perú S.A.","MEDIANTE RESOLUCION SBS NO 1749-2020 (01/07/2020), SE AUTORIZO LA LIQUIDACION VOLUNTARIA Y POSTERIOR INICIO DEL PROCESO LIQUIDATORIO DE RIGEL PERU S.A.",,sbs_S-401_2023-09_2024200498D.xls
2023-09,P009,75,A,"Mediante Resolución SBS Nº 3286-2020 (28/12/2020), se autorizó la liquidación voluntaria y posterior inicio del proceso liquidatorio de Coface Seguros.","MEDIANTE RESOLUCION SBS NO 3286-2020 (28/12/2020), SE AUTORIZO LA LIQUIDACION VOLUNTARIA Y POSTERIOR INICIO DEL PROCESO LIQUIDATORIO DE COFACE SEGUROS.",,sbs_S-401_2023-09_2024200498D.xls
2023-09,P009,76,A,"Mediante Resolución SBS N° 278-2021 (28/01/2021), se autorizó el cambio de denominación social de Compañía de Seguros de Vida Cámara S.A. a Vivir Seguros Compañía de Seguros de Vida S.A.","MEDIANTE RESOLUCION SBS N 278-2021 (28/01/2021), SE AUTORIZO EL CAMBIO DE DENOMINACION SOCIAL DE COMPANIA DE SEGUROS DE VIDA CAMARA S.A. A VIVIR SEGUROS COMPANIA DE SEGUROS DE VIDA S.A.",,sbs_S-401_2023-09_2024200498D.xls
2023-09,P009,77,A,"Mediante Resolución SBS N° 1724-2022 (25/05/2022), se autorizó la fusión por absorción de Mapfre Perú Vida con Mapfre Perú. A partir del 01.06.2022 esta empresa se denomina Mapfre Perú Compañía de Seguros y Reaseguros S.A.","MEDIANTE RESOLUCION SBS N 1724-2022 (25/05/2022), SE AUTORIZO LA FUSION POR ABSORCION DE MAPFRE PERU VIDA CON MAPFRE PERU. A PARTIR DEL 01.06.2022 ESTA EMPRESA SE DENOMINA MAPFRE PERU COMPANIA DE SEGUROS Y REASEGUROS S.A.",,sbs_S-401_2023-09_2024200498D.xls
2023-09,P010,67,A,"Mediante Resolución SBS N° 8551-2012 (15/11/2012), se autorizó el cambio de denominación social de InVita Seguros de Vida S.A. a Seguros Sura.","MEDIANTE RESOLUCION SBS N 8551-2012 (15/11/2012), SE AUTORIZO EL CAMBIO DE DENOMINACION SOCIAL DE INVITA SEGUROS DE VIDA S.A. A SEGUROS SURA.",,sbs_S-401_2023-09_2024200498D.xls
2023-09,P010,68,A,"Mediante Resolución SBS N° 2748-2015 (21/05/2015), se autorizó el cambio de denominación social de Aseguradora Magallanes Perú S.A. a HDI Seguros S.A.","MEDIANTE RESOLUCION SBS N 2748-2015 (21/05/2015), SE AUTORIZO EL CAMBIO DE DENOMINACION SOCIAL DE ASEGURADORA MAGALLANES PERU S.A. A HDI SEGUROS S.A.",,sbs_S-401_2023-09_2024200498D.xls
2023-09,P010,69,A,"Mediante Resolución SBS N° 1137-2016 (02/03/2016), se autorizó el cambio de denominación social de Ace Seguros S.A. a Chubb Seguros Perú S.A.","MEDIANTE RESOLUCION SBS N 1137-2016 (02/03/2016), SE AUTORIZO EL CAMBIO DE DENOMINACION SOCIAL DE ACE SEGUROS S.A. A CHUBB SEGUROS PERU S.A.",,sbs_S-401_2023-09_2024200498D.xls
2023-09,P010,70,A,"Mediante Resolución SBS N° 4961-2016 (14/09/2016), se autorizó el cambio de denominación social de AVAL Perú Compañía de Seguros S.A. a AVLA Perú Compañía de Seguros S.A.","MEDIANTE RESOLUCION SBS N 4961-2016 (14/09/2016), SE AUTORIZO EL CAMBIO DE DENOMINACION SOCIAL DE AVAL PERU COMPANIA DE SEGUROS S.A. A AVLA PERU COMPANIA DE SEGUROS S.A.",,sbs_S-401_2023-09_2024200498D.xls
2023-09,P010,71,A,"Mediante Resolución SBS N° 2836-2017 (19/07/2017), se autorizó la fusión por absorción de El Pacífico Vida con El Pacífico Peruano Suiza. A partir del 01.08.2017 esta empresa se denomina Pacífico Compañía de Seguros y Reaseguros.","MEDIANTE RESOLUCION SBS N 2836-2017 (19/07/2017), SE AUTORIZO LA FUSION POR ABSORCION DE EL PACIFICO VIDA CON EL PACIFICO PERUANO SUIZA. A PARTIR DEL 01.08.2017 ESTA EMPRESA SE DENOMINA PACIFICO COMPANIA DE SEGUROS Y REASEGUROS.",,sbs_S-401_2023-09_2024200498D.xls
2023-09,P010,72,A,"Mediante Resolución SBS N° 1170-2018 (27/03/2018), se autorizó la fusión por absorción de Interseguro Compañía de Seguros con Seguros Sura.","MEDIANTE RESOLUCION SBS N 1170-2018 (27/03/2018), SE AUTORIZO LA FUSION POR ABSORCION DE INTERSEGURO COMPANIA DE SEGUROS CON SEGUROS SURA.",,sbs_S-401_2023-09_2024200498D.xls
2023-09,P010,73,A,"Mediante Resolución SBS N° 2296-2019 (22/05/2019), se autorizó el cambio de denominación social de HDI Seguros S.A. a Qualitas Compañía de Seguros S.A.","MEDIANTE RESOLUCION SBS N 2296-2019 (22/05/2019), SE AUTORIZO EL CAMBIO DE DENOMINACION SOCIAL DE HDI SEGUROS S.A. A QUALITAS COMPANIA DE SEGUROS S.A.",,sbs_S-401_2023-09_2024200498D.xls
2023-09,P010,74,A,"Mediante Resolución SBS Nº 1749-2020 (01/07/2020), se autorizó la liquidación voluntaria y posterior inicio del proceso liquidatorio de Rigel Perú S.A.","MEDIANTE RESOLUCION SBS NO 1749-2020 (01/07/2020), SE AUTORIZO LA LIQUIDACION VOLUNTARIA Y POSTERIOR INICIO DEL PROCESO LIQUIDATORIO DE RIGEL PERU S.A.",,sbs_S-401_2023-09_2024200498D.xls
2023-09,P010,75,A,"Mediante Resolución SBS Nº 3286-2020 (28/12/2020), se autorizó la liquidación voluntaria y posterior inicio del proceso liquidatorio de Coface Seguros.","MEDIANTE RESOLUCION SBS NO 3286-2020 (28/12/2020), SE AUTORIZO LA LIQUIDACION VOLUNTARIA Y POSTERIOR INICIO DEL PROCESO LIQUIDATORIO DE COFACE SEGUROS.",,sbs_S-401_2023-09_2024200498D.xls
2023-09,P010,76,A,"Mediante Resolución SBS N° 278-2021 (28/01/2021), se autorizó el cambio de denominación social de Compañía de Seguros de Vida Cámara S.A. a Vivir Seguros Compañía de Seguros de Vida S.A.","MEDIANTE RESOLUCION SBS N 278-2021 (28/01/2021), SE AUTORIZO EL CAMBIO DE DENOMINACION SOCIAL DE COMPANIA DE SEGUROS DE VIDA CAMARA S.A. A VIVIR SEGUROS COMPANIA DE SEGUROS DE VIDA S.A.",,sbs_S-401_2023-09_2024200498D.xls
2023-09,P010,77,A,"Mediante Resolución SBS N° 1724-2022 (25/05/2022), se autorizó la fusión por absorción de Mapfre Perú Vida con Mapfre Perú. A partir del 01.06.2022 esta empresa se denomina Mapfre Perú Compañía de Seguros y Reaseguros S.A.","MEDIANTE RESOLUCION SBS N 1724-2022 (25/05/2022), SE AUTORIZO LA FUSION POR ABSORCION DE MAPFRE PERU VIDA CON MAPFRE PERU. A PARTIR DEL 01.06.2022 ESTA EMPRESA SE DENOMINA MAPFRE PERU COMPANIA DE SEGUROS Y REASEGUROS S.A.",,sbs_S-401_2023-09_2024200498D.xls
2023-10,P009,67,A,"Mediante Resolución SBS N° 8551-2012 (15/11/2012), se autorizó el cambio de denominación social de InVita Seguros de Vida S.A. a Seguros Sura.","MEDIANTE RESOLUCION SBS N 8551-2012 (15/11/2012), SE AUTORIZO EL CAMBIO DE DENOMINACION SOCIAL DE INVITA SEGUROS DE VIDA S.A. A SEGUROS SURA.",,sbs_S-401_2023-10_2024200498D.xls
2023-10,P009,68,A,"Mediante Resolución SBS N° 2748-2015 (21/05/2015), se autorizó el cambio de denominación social de Aseguradora Magallanes Perú S.A. a HDI Seguros S.A.","MEDIANTE RESOLUCION SBS N 2748-2015 (21/05/2015), SE AUTORIZO EL CAMBIO DE DENOMINACION SOCIAL DE ASEGURADORA MAGALLANES PERU S.A. A HDI SEGUROS S.A.",,sbs_S-401_2023-10_2024200498D.xls
2023-10,P009,69,A,"Mediante Resolución SBS N° 1137-2016 (02/03/2016), se autorizó el cambio de denominación social de Ace Seguros S.A. a Chubb Seguros Perú S.A.","MEDIANTE RESOLUCION SBS N 1137-2016 (02/03/2016), SE AUTORIZO EL CAMBIO DE DENOMINACION SOCIAL DE ACE SEGUROS S.A. A CHUBB SEGUROS PERU S.A.",,sbs_S-401_2023-10_2024200498D.xls
2023-10,P009,70,A,"Mediante Resolución SBS N° 4961-2016 (14/09/2016), se autorizó el cambio de denominación social de AVAL Perú Compañía de Seguros S.A. a AVLA Perú Compañía de Seguros S.A.","MEDIANTE RESOLUCION SBS N 4961-2016 (14/09/2016), SE AUTORIZO EL CAMBIO DE DENOMINACION SOCIAL DE AVAL PERU COMPANIA DE SEGUROS S.A. A AVLA PERU COMPANIA DE SEGUROS S.A.",,sbs_S-401_2023-10_2024200498D.xls
2023-10,P009,71,A,"Mediante Resolución SBS N° 2836-2017 (19/07/2017), se autorizó la fusión por absorción de El Pacífico Vida con El Pacífico Peruano Suiza. A partir del 01.08.2017 esta empresa se denomina Pacífico Compañía de Seguros y Reaseguros.","MEDIANTE RESOLUCION SBS N 2836-2017 (19/07/2017), SE AUTORIZO LA FUSION POR ABSORCION DE EL PACIFICO VIDA CON EL PACIFICO PERUANO SUIZA. A PARTIR DEL 01.08.2017 ESTA EMPRESA SE DENOMINA PACIFICO COMPANIA DE SEGUROS Y REASEGUROS.",,sbs_S-401_2023-10_2024200498D.xls
2023-10,P009,72,A,"Mediante Resolución SBS N° 1170-2018 (27/03/2018), se autorizó la fusión por absorción de Interseguro Compañía de Seguros con Seguros Sura.","MEDIANTE RESOLUCION SBS N 1170-2018 (27/03/2018), SE AUTORIZO LA FUSION POR ABSORCION DE INTERSEGURO COMPANIA DE SEGUROS CON SEGUROS SURA.",,sbs_S-401_2023-10_2024200498D.xls
2023-10,P009,73,A,"Mediante Resolución SBS N° 2296-2019 (22/05/2019), se autorizó el cambio de denominación social de HDI Seguros S.A. a Qualitas Compañía de Seguros S.A.","MEDIANTE RESOLUCION SBS N 2296-2019 (22/05/2019), SE AUTORIZO EL CAMBIO DE DENOMINACION SOCIAL DE HDI SEGUROS S.A. A QUALITAS COMPANIA DE SEGUROS S.A.",,sbs_S-401_2023-10_2024200498D.xls
2023-10,P009,74,A,"Mediante Resolución SBS Nº 1749-2020 (01/07/2020), se autorizó la liquidación voluntaria y posterior inicio del proceso liquidatorio de Rigel Perú S.A.","MEDIANTE RESOLUCION SBS NO 1749-2020 (01/07/2020), SE AUTORIZO LA LIQUIDACION VOLUNTARIA Y POSTERIOR INICIO DEL PROCESO LIQUIDATORIO DE RIGEL PERU S.A.",,sbs_S-401_2023-10_2024200498D.xls
2023-10,P009,75,A,"Mediante Resolución SBS Nº 3286-2020 (28/12/2020), se autorizó la liquidación voluntaria y posterior inicio del proceso liquidatorio de Coface Seguros.","MEDIANTE RESOLUCION SBS NO 3286-2020 (28/12/2020), SE AUTORIZO LA LIQUIDACION VOLUNTARIA Y POSTERIOR INICIO DEL PROCESO LIQUIDATORIO DE COFACE SEGUROS.",,sbs_S-401_2023-10_2024200498D.xls
2023-10,P009,76,A,"Mediante Resolución SBS N° 278-2021 (28/01/2021), se autorizó el cambio de denominación social de Compañía de Seguros de Vida Cámara S.A. a Vivir Seguros Compañía de Seguros de Vida S.A.","MEDIANTE RESOLUCION SBS N 278-2021 (28/01/2021), SE AUTORIZO EL CAMBIO DE DENOMINACION SOCIAL DE COMPANIA DE SEGUROS DE VIDA CAMARA S.A. A VIVIR SEGUROS COMPANIA DE SEGUROS DE VIDA S.A.",,sbs_S-401_2023-10_2024200498D.xls
2023-10,P009,77,A,"Mediante Resolución SBS N° 1724-2022 (25/05/2022), se autorizó la fusión por absorción de Mapfre Perú Vida con Mapfre Perú. A partir del 01.06.2022 esta empresa se denomina Mapfre Perú Compañía de Seguros y Reaseguros S.A.","MEDIANTE RESOLUCION SBS N 1724-2022 (25/05/2022), SE AUTORIZO LA FUSION POR ABSORCION DE MAPFRE PERU VIDA CON MAPFRE PERU. A PARTIR DEL 01.06.2022 ESTA EMPRESA SE DENOMINA MAPFRE PERU COMPANIA DE SEGUROS Y REASEGUROS S.A.",,sbs_S-401_2023-10_2024200498D.xls
2023-10,P010,67,A,"Mediante Resolución SBS N° 8551-2012 (15/11/2012), se autorizó el cambio de denominación social de InVita Seguros de Vida S.A. a Seguros Sura.","MEDIANTE RESOLUCION SBS N 8551-2012 (15/11/2012), SE AUTORIZO EL CAMBIO DE DENOMINACION SOCIAL DE INVITA SEGUROS DE VIDA S.A. A SEGUROS SURA.",,sbs_S-401_2023-10_2024200498D.xls
2023-10,P010,68,A,"Mediante Resolución SBS N° 2748-2015 (21/05/2015), se autorizó el cambio de denominación social de Aseguradora Magallanes Perú S.A. a HDI Seguros S.A.","MEDIANTE RESOLUCION SBS N 2748-2015 (21/05/2015), SE AUTORIZO EL CAMBIO DE DENOMINACION SOCIAL DE ASEGURADORA MAGALLANES PERU S.A. A HDI SEGUROS S.A.",,sbs_S-401_2023-10_2024200498D.xls
2023-10,P010,69,A,"Mediante Resolución SBS N° 1137-2016 (02/03/2016), se autorizó el cambio de denominación social de Ace Seguros S.A. a Chubb Seguros Perú S.A.","MEDIANTE RESOLUCION SBS N 1137-2016 (02/03/2016), SE AUTORIZO EL CAMBIO DE DENOMINACION SOCIAL DE ACE SEGUROS S.A. A CHUBB SEGUROS PERU S.A.",,sbs_S-401_2023-10_2024200498D.xls
2023-10,P010,70,A,"Mediante Resolución SBS N° 4961-2016 (14/09/2016), se autorizó el cambio de denominación social de AVAL Perú Compañía de Seguros S.A. a AVLA Perú Compañía de Seguros S.A.","MEDIANTE RESOLUCION SBS N 4961-2016 (14/09/2016), SE AUTORIZO EL CAMBIO DE DENOMINACION SOCIAL DE AVAL PERU COMPANIA DE SEGUROS S.A. A AVLA PERU COMPANIA DE SEGUROS S.A.",,sbs_S-401_2023-10_2024200498D.xls
2023-10,P010,71,A,"Mediante Resolución SBS N° 2836-2017 (19/07/2017), se autorizó la fusión por absorción de El Pacífico Vida con El Pacífico Peruano Suiza. A partir del 01.08.2017 esta empresa se denomina Pacífico Compañía de Seguros y Reaseguros.","MEDIANTE RESOLUCION SBS N 2836-2017 (19/07/2017), SE AUTORIZO LA FUSION POR ABSORCION DE EL PACIFICO VIDA CON EL PACIFICO PERUANO SUIZA. A PARTIR DEL 01.08.2017 ESTA EMPRESA SE DENOMINA PACIFICO COMPANIA DE SEGUROS Y REASEGUROS.",,sbs_S-401_2023-10_2024200498D.xls
2023-10,P010,72,A,"Mediante Resolución SBS N° 1170-2018 (27/03/2018), se autorizó la fusión por absorción de Interseguro Compañía de Seguros con Seguros Sura.","MEDIANTE RESOLUCION SBS N 1170-2018 (27/03/2018), SE AUTORIZO LA FUSION POR ABSORCION DE INTERSEGURO COMPANIA DE SEGUROS CON SEGUROS SURA.",,sbs_S-401_2023-10_2024200498D.xls
2023-10,P010,73,A,"Mediante Resolución SBS N° 2296-2019 (22/05/2019), se autorizó el cambio de denominación social de HDI Seguros S.A. a Qualitas Compañía de Seguros S.A.","MEDIANTE RESOLUCION SBS N 2296-2019 (22/05/2019), SE AUTORIZO EL CAMBIO DE DENOMINACION SOCIAL DE HDI SEGUROS S.A. A QUALITAS COMPANIA DE SEGUROS S.A.",,sbs_S-401_2023-10_2024200498D.xls
2023-10,P010,74,A,"Mediante Resolución SBS Nº 1749-2020 (01/07/2020), se autorizó la liquidación voluntaria y posterior inicio del proceso liquidatorio de Rigel Perú S.A.","MEDIANTE RESOLUCION SBS NO 1749-2020 (01/07/2020), SE AUTORIZO LA LIQUIDACION VOLUNTARIA Y POSTERIOR INICIO DEL PROCESO LIQUIDATORIO DE RIGEL PERU S.A.",,sbs_S-401_2023-10_2024200498D.xls
2023-10,P010,75,A,"Mediante Resolución SBS Nº 3286-2020 (28/12/2020), se autorizó la liquidación voluntaria y posterior inicio del proceso liquidatorio de Coface Seguros.","MEDIANTE RESOLUCION SBS NO 3286-2020 (28/12/2020), SE AUTORIZO LA LIQUIDACION VOLUNTARIA Y POSTERIOR INICIO DEL PROCESO LIQUIDATORIO DE COFACE SEGUROS.",,sbs_S-401_2023-10_2024200498D.xls
2023-10,P010,76,A,"Mediante Resolución SBS N° 278-2021 (28/01/2021), se autorizó el cambio de denominación social de Compañía de Seguros de Vida Cámara S.A. a Vivir Seguros Compañía de Seguros de Vida S.A.","MEDIANTE RESOLUCION SBS N 278-2021 (28/01/2021), SE AUTORIZO EL CAMBIO DE DENOMINACION SOCIAL DE COMPANIA DE SEGUROS DE VIDA CAMARA S.A. A VIVIR SEGUROS COMPANIA DE SEGUROS DE VIDA S.A.",,sbs_S-401_2023-10_2024200498D.xls
2023-10,P010,77,A,"Mediante Resolución SBS N° 1724-2022 (25/05/2022), se autorizó la fusión por absorción de Mapfre Perú Vida con Mapfre Perú. A partir del 01.06.2022 esta empresa se denomina Mapfre Perú Compañía de Seguros y Reaseguros S.A.","MEDIANTE RESOLUCION SBS N 1724-2022 (25/05/2022), SE AUTORIZO LA FUSION POR ABSORCION DE MAPFRE PERU VIDA CON MAPFRE PERU. A PARTIR DEL 01.06.2022 ESTA EMPRESA SE DENOMINA MAPFRE PERU COMPANIA DE SEGUROS Y REASEGUROS S.A.",,sbs_S-401_2023-10_2024200498D.xls
2023-11,P009,67,A,"Mediante Resolución SBS N° 8551-2012 (15/11/2012), se autorizó el cambio de denominación social de InVita Seguros de Vida S.A. a Seguros Sura.","MEDIANTE RESOLUCION SBS N 8551-2012 (15/11/2012), SE AUTORIZO EL CAMBIO DE DENOMINACION SOCIAL DE INVITA SEGUROS DE VIDA S.A. A SEGUROS SURA.",,sbs_S-401_2023-11_2024200498D.xls
2023-11,P009,68,A,"Mediante Resolución SBS N° 2748-2015 (21/05/2015), se autorizó el cambio de denominación social de Aseguradora Magallanes Perú S.A. a HDI Seguros S.A.","MEDIANTE RESOLUCION SBS N 2748-2015 (21/05/2015), SE AUTORIZO EL CAMBIO DE DENOMINACION SOCIAL DE ASEGURADORA MAGALLANES PERU S.A. A HDI SEGUROS S.A.",,sbs_S-401_2023-11_2024200498D.xls
2023-11,P009,69,A,"Mediante Resolución SBS N° 1137-2016 (02/03/2016), se autorizó el cambio de denominación social de Ace Seguros S.A. a Chubb Seguros Perú S.A.","MEDIANTE RESOLUCION SBS N 1137-2016 (02/03/2016), SE AUTORIZO EL CAMBIO DE DENOMINACION SOCIAL DE ACE SEGUROS S.A. A CHUBB SEGUROS PERU S.A.",,sbs_S-401_2023-11_2024200498D.xls
2023-11,P009,70,A,"Mediante Resolución SBS N° 4961-2016 (14/09/2016), se autorizó el cambio de denominación social de AVAL Perú Compañía de Seguros S.A. a AVLA Perú Compañía de Seguros S.A.","MEDIANTE RESOLUCION SBS N 4961-2016 (14/09/2016), SE AUTORIZO EL CAMBIO DE DENOMINACION SOCIAL DE AVAL PERU COMPANIA DE SEGUROS S.A. A AVLA PERU COMPANIA DE SEGUROS S.A.",,sbs_S-401_2023-11_2024200498D.xls
2023-11,P009,71,A,"Mediante Resolución SBS N° 2836-2017 (19/07/2017), se autorizó la fusión por absorción de El Pacífico Vida con El Pacífico Peruano Suiza. A partir del 01.08.2017 esta empresa se denomina Pacífico Compañía de Seguros y Reaseguros.","MEDIANTE RESOLUCION SBS N 2836-2017 (19/07/2017), SE AUTORIZO LA FUSION POR ABSORCION DE EL PACIFICO VIDA CON EL PACIFICO PERUANO SUIZA. A PARTIR DEL 01.08.2017 ESTA EMPRESA SE DENOMINA PACIFICO COMPANIA DE SEGUROS Y REASEGUROS.",,sbs_S-401_2023-11_2024200498D.xls
2023-11,P009,72,A,"Mediante Resolución SBS N° 1170-2018 (27/03/2018), se autorizó la fusión por absorción de Interseguro Compañía de Seguros con Seguros Sura.","MEDIANTE RESOLUCION SBS N 1170-2018 (27/03/2018), SE AUTORIZO LA FUSION POR ABSORCION DE INTERSEGURO COMPANIA DE SEGUROS CON SEGUROS SURA.",,sbs_S-401_2023-11_2024200498D.xls
2023-11,P009,73,A,"Mediante Resolución SBS N° 2296-2019 (22/05/2019), se autorizó el cambio de denominación social de HDI Seguros S.A. a Qualitas Compañía de Seguros S.A.","MEDIANTE RESOLUCION SBS N 2296-2019 (22/05/2019), SE AUTORIZO EL CAMBIO DE DENOMINACION SOCIAL DE HDI SEGUROS S.A. A QUALITAS COMPANIA DE SEGUROS S.A.",,sbs_S-401_2023-11_2024200498D.xls
2023-11,P009,74,A,"Mediante Resolución SBS Nº 1749-2020 (01/07/2020), se autorizó la liquidación voluntaria y posterior inicio del proceso liquidatorio de Rigel Perú S.A.","MEDIANTE RESOLUCION SBS NO 1749-2020 (01/07/2020), SE AUTORIZO LA LIQUIDACION VOLUNTARIA Y POSTERIOR INICIO DEL PROCESO LIQUIDATORIO DE RIGEL PERU S.A.",,sbs_S-401_2023-11_2024200498D.xls
2023-11,P009,75,A,"Mediante Resolución SBS Nº 3286-2020 (28/12/2020), se autorizó la liquidación voluntaria y posterior inicio del proceso liquidatorio de Coface Seguros.","MEDIANTE RESOLUCION SBS NO 3286-2020 (28/12/2020), SE AUTORIZO LA LIQUIDACION VOLUNTARIA Y POSTERIOR INICIO DEL PROCESO LIQUIDATORIO DE COFACE SEGUROS.",,sbs_S-401_2023-11_2024200498D.xls
2023-11,P009,76,A,"Mediante Resolución SBS N° 278-2021 (28/01/2021), se autorizó el cambio de denominación social de Compañía de Seguros de Vida Cámara S.A. a Vivir Seguros Compañía de Seguros de Vida S.A.","MEDIANTE RESOLUCION SBS N 278-2021 (28/01/2021), SE AUTORIZO EL CAMBIO DE DENOMINACION SOCIAL DE COMPANIA DE SEGUROS DE VIDA CAMARA S.A. A VIVIR SEGUROS COMPANIA DE SEGUROS DE VIDA S.A.",,sbs_S-401_2023-11_2024200498D.xls
2023-11,P009,77,A,"Mediante Resolución SBS N° 1724-2022 (25/05/2022), se autorizó la fusión por absorción de Mapfre Perú Vida con Mapfre Perú. A partir del 01.06.2022 esta empresa se denomina Mapfre Perú Compañía de Seguros y Reaseguros S.A.","MEDIANTE RESOLUCION SBS N 1724-2022 (25/05/2022), SE AUTORIZO LA FUSION POR ABSORCION DE MAPFRE PERU VIDA CON MAPFRE PERU. A PARTIR DEL 01.06.2022 ESTA EMPRESA SE DENOMINA MAPFRE PERU COMPANIA DE SEGUROS Y REASEGUROS S.A.",,sbs_S-401_2023-11_2024200498D.xls
2023-11,P010,67,A,"Mediante Resolución SBS N° 8551-2012 (15/11/2012), se autorizó el cambio de denominación social de InVita Seguros de Vida S.A. a Seguros Sura.","MEDIANTE RESOLUCION SBS N 8551-2012 (15/11/2012), SE AUTORIZO EL CAMBIO DE DENOMINACION SOCIAL DE INVITA SEGUROS DE VIDA S.A. A SEGUROS SURA.",,sbs_S-401_2023-11_2024200498D.xls
2023-11,P010,68,A,"Mediante Resolución SBS N° 2748-2015 (21/05/2015), se autorizó el cambio de denominación social de Aseguradora Magallanes Perú S.A. a HDI Seguros S.A.","MEDIANTE RESOLUCION SBS N 2748-2015 (21/05/2015), SE AUTORIZO EL CAMBIO DE DENOMINACION SOCIAL DE ASEGURADORA MAGALLANES PERU S.A. A HDI SEGUROS S.A.",,sbs_S-401_2023-11_2024200498D.xls
2023-11,P010,69,A,"Mediante Resolución SBS N° 1137-2016 (02/03/2016), se autorizó el cambio de denominación social de Ace Seguros S.A. a Chubb Seguros Perú S.A.","MEDIANTE RESOLUCION SBS N 1137-2016 (02/03/2016), SE AUTORIZO EL CAMBIO DE DENOMINACION SOCIAL DE ACE SEGUROS S.A. A CHUBB SEGUROS PERU S.A.",,sbs_S-401_2023-11_2024200498D.xls
2023-11,P010,70,A,"Mediante Resolución SBS N° 4961-2016 (14/09/2016), se autorizó el cambio de denominación social de AVAL Perú Compañía de Seguros S.A. a AVLA Perú Compañía de Seguros S.A.","MEDIANTE RESOLUCION SBS N 4961-2016 (14/09/2016), SE AUTORIZO EL CAMBIO DE DENOMINACION SOCIAL DE AVAL PERU COMPANIA DE SEGUROS S.A. A AVLA PERU COMPANIA DE SEGUROS S.A.",,sbs_S-401_2023-11_2024200498D.xls
2023-11,P010,71,A,"Mediante Resolución SBS N° 2836-2017 (19/07/2017), se autorizó la fusión por absorción de El Pacífico Vida con El Pacífico Peruano Suiza. A partir del 01.08.2017 esta empresa se denomina Pacífico Compañía de Seguros y Reaseguros.","MEDIANTE RESOLUCION SBS N 2836-2017 (19/07/2017), SE AUTORIZO LA FUSION POR ABSORCION DE EL PACIFICO VIDA CON EL PACIFICO PERUANO SUIZA. A PARTIR DEL 01.08.2017 ESTA EMPRESA SE DENOMINA PACIFICO COMPANIA DE SEGUROS Y REASEGUROS.",,sbs_S-401_2023-11_2024200498D.xls
2023-11,P010,72,A,"Mediante Resolución SBS N° 1170-2018 (27/03/2018), se autorizó la fusión por absorción de Interseguro Compañía de Seguros con Seguros Sura.","MEDIANTE RESOLUCION SBS N 1170-2018 (27/03/2018), SE AUTORIZO LA FUSION POR ABSORCION DE INTERSEGURO COMPANIA DE SEGUROS CON SEGUROS SURA.",,sbs_S-401_2023-11_2024200498D.xls
2023-11,P010,73,A,"Mediante Resolución SBS N° 2296-2019 (22/05/2019), se autorizó el cambio de denominación social de HDI Seguros S.A. a Qualitas Compañía de Seguros S.A.","MEDIANTE RESOLUCION SBS N 2296-2019 (22/05/2019), SE AUTORIZO EL CAMBIO DE DENOMINACION SOCIAL DE HDI SEGUROS S.A. A QUALITAS COMPANIA DE SEGUROS S.A.",,sbs_S-401_2023-11_2024200498D.xls
2023-11,P010,74,A,"Mediante Resolución SBS Nº 1749-2020 (01/07/2020), se autorizó la liquidación voluntaria y posterior inicio del proceso liquidatorio de Rigel Perú S.A.","MEDIANTE RESOLUCION SBS NO 1749-2020 (01/07/2020), SE AUTORIZO LA LIQUIDACION VOLUNTARIA Y POSTERIOR INICIO DEL PROCESO LIQUIDATORIO DE RIGEL PERU S.A.",,sbs_S-401_2023-11_2024200498D.xls
2023-11,P010,75,A,"Mediante Resolución SBS Nº 3286-2020 (28/12/2020), se autorizó la liquidación voluntaria y posterior inicio del proceso liquidatorio de Coface Seguros.","MEDIANTE RESOLUCION SBS NO 3286-2020 (28/12/2020), SE AUTORIZO LA LIQUIDACION VOLUNTARIA Y POSTERIOR INICIO DEL PROCESO LIQUIDATORIO DE COFACE SEGUROS.",,sbs_S-401_2023-11_2024200498D.xls
2023-11,P010,76,A,"Mediante Resolución SBS N° 278-2021 (28/01/2021), se autorizó el cambio de denominación social de Compañía de Seguros de Vida Cámara S.A. a Vivir Seguros Compañía de Seguros de Vida S.A.","MEDIANTE RESOLUCION SBS N 278-2021 (28/01/2021), SE AUTORIZO EL CAMBIO DE DENOMINACION SOCIAL DE COMPANIA DE SEGUROS DE VIDA CAMARA S.A. A VIVIR SEGUROS COMPANIA DE SEGUROS DE VIDA S.A.",,sbs_S-401_2023-11_2024200498D.xls
2023-11,P010,77,A,"Mediante Resolución SBS N° 1724-2022 (25/05/2022), se autorizó la fusión por absorción de Mapfre Perú Vida con Mapfre Perú. A partir del 01.06.2022 esta empresa se denomina Mapfre Perú Compañía de Seguros y Reaseguros S.A.","MEDIANTE RESOLUCION SBS N 1724-2022 (25/05/2022), SE AUTORIZO LA FUSION POR ABSORCION DE MAPFRE PERU VIDA CON MAPFRE PERU. A PARTIR DEL 01.06.2022 ESTA EMPRESA SE DENOMINA MAPFRE PERU COMPANIA DE SEGUROS Y REASEGUROS S.A.",,sbs_S-401_2023-11_2024200498D.xls
2023-12,P009,67,A,"Mediante Resolución SBS N° 8551-2012 (15/11/2012), se autorizó el cambio de denominación social de InVita Seguros de Vida S.A. a Seguros Sura.","MEDIANTE RESOLUCION SBS N 8551-2012 (15/11/2012), SE AUTORIZO EL CAMBIO DE DENOMINACION SOCIAL DE INVITA SEGUROS DE VIDA S.A. A SEGUROS SURA.",,sbs_S-401_2023-12_2024200498D.xls
2023-12,P009,68,A,"Mediante Resolución SBS N° 2748-2015 (21/05/2015), se autorizó el cambio de denominación social de Aseguradora Magallanes Perú S.A. a HDI Seguros S.A.","MEDIANTE RESOLUCION SBS N 2748-2015 (21/05/2015), SE AUTORIZO EL CAMBIO DE DENOMINACION SOCIAL DE ASEGURADORA MAGALLANES PERU S.A. A HDI SEGUROS S.A.",,sbs_S-401_2023-12_2024200498D.xls
2023-12,P009,69,A,"Mediante Resolución SBS N° 1137-2016 (02/03/2016), se autorizó el cambio de denominación social de Ace Seguros S.A. a Chubb Seguros Perú S.A.","MEDIANTE RESOLUCION SBS N 1137-2016 (02/03/2016), SE AUTORIZO EL CAMBIO DE DENOMINACION SOCIAL DE ACE SEGUROS S.A. A CHUBB SEGUROS PERU S.A.",,sbs_S-401_2023-12_2024200498D.xls
2023-12,P009,70,A,"Mediante Resolución SBS N° 4961-2016 (14/09/2016), se autorizó el cambio de denominación social de AVAL Perú Compañía de Seguros S.A. a AVLA Perú Compañía de Seguros S.A.","MEDIANTE RESOLUCION SBS N 4961-2016 (14/09/2016), SE AUTORIZO EL CAMBIO DE DENOMINACION SOCIAL DE AVAL PERU COMPANIA DE SEGUROS S.A. A AVLA PERU COMPANIA DE SEGUROS S.A.",,sbs_S-401_2023-12_2024200498D.xls
2023-12,P009,71,A,"Mediante Resolución SBS N° 2836-2017 (19/07/2017), se autorizó la fusión por absorción de El Pacífico Vida con El Pacífico Peruano Suiza. A partir del 01.08.2017 esta empresa se denomina Pacífico Compañía de Seguros y Reaseguros.","MEDIANTE RESOLUCION SBS N 2836-2017 (19/07/2017), SE AUTORIZO LA FUSION POR ABSORCION DE EL PACIFICO VIDA CON EL PACIFICO PERUANO SUIZA. A PARTIR DEL 01.08.2017 ESTA EMPRESA SE DENOMINA PACIFICO COMPANIA DE SEGUROS Y REASEGUROS.",,sbs_S-401_2023-12_2024200498D.xls
2023-12,P009,72,A,"Mediante Resolución SBS N° 1170-2018 (27/03/2018), se autorizó la fusión por absorción de Interseguro Compañía de Seguros con Seguros Sura.","MEDIANTE RESOLUCION SBS N 1170-2018 (27/03/2018), SE AUTORIZO LA FUSION POR ABSORCION DE INTERSEGURO COMPANIA DE SEGUROS CON SEGUROS SURA.",,sbs_S-401_2023-12_2024200498D.xls
2023-12,P009,73,A,"Mediante Resolución SBS N° 2296-2019 (22/05/2019), se autorizó el cambio de denominación social de HDI Seguros S.A. a Qualitas Compañía de Seguros S.A.","MEDIANTE RESOLUCION SBS N 2296-2019 (22/05/2019), SE AUTORIZO EL CAMBIO DE DENOMINACION SOCIAL DE HDI SEGUROS S.A. A QUALITAS COMPANIA DE SEGUROS S.A.",,sbs_S-401_2023-12_2024200498D.xls
2023-12,P009,74,A,"Mediante Resolución SBS Nº 1749-2020 (01/07/2020), se autorizó la liquidación voluntaria y posterior inicio del proceso liquidatorio de Rigel Perú S.A.","MEDIANTE RESOLUCION SBS NO 1749-2020 (01/07/2020), SE AUTORIZO LA LIQUIDACION VOLUNTARIA Y POSTERIOR INICIO DEL PROCESO LIQUIDATORIO DE RIGEL PERU S.A.",,sbs_S-401_2023-12_2024200498D.xls
2023-12,P009,75,A,"Mediante Resolución SBS Nº 3286-2020 (28/12/2020), se autorizó la liquidación voluntaria y posterior inicio del proceso liquidatorio de Coface Seguros.","MEDIANTE RESOLUCION SBS NO 3286-2020 (28/12/2020), SE AUTORIZO LA LIQUIDACION VOLUNTARIA Y POSTERIOR INICIO DEL PROCESO LIQUIDATORIO DE COFACE SEGUROS.",,sbs_S-401_2023-12_2024200498D.xls
2023-12,P009,76,A,"Mediante Resolución SBS N° 278-2021 (28/01/2021), se autorizó el cambio de denominación social de Compañía de Seguros de Vida Cámara S.A. a Vivir Seguros Compañía de Seguros de Vida S.A.","MEDIANTE RESOLUCION SBS N 278-2021 (28/01/2021), SE AUTORIZO EL CAMBIO DE DENOMINACION SOCIAL DE COMPANIA DE SEGUROS DE VIDA CAMARA S.A. A VIVIR SEGUROS COMPANIA DE SEGUROS DE VIDA S.A.",,sbs_S-401_2023-12_2024200498D.xls
2023-12,P009,77,A,"Mediante Resolución SBS N° 1724-2022 (25/05/2022), se autorizó la fusión por absorción de Mapfre Perú Vida con Mapfre Perú. A partir del 01.06.2022 esta empresa se denomina Mapfre Perú Compañía de Seguros y Reaseguros S.A.","MEDIANTE RESOLUCION SBS N 1724-2022 (25/05/2022), SE AUTORIZO LA FUSION POR ABSORCION DE MAPFRE PERU VIDA CON MAPFRE PERU. A PARTIR DEL 01.06.2022 ESTA EMPRESA SE DENOMINA MAPFRE PERU COMPANIA DE SEGUROS Y REASEGUROS S.A.",,sbs_S-401_2023-12_2024200498D.xls
2023-12,P010,67,A,"Mediante Resolución SBS N° 8551-2012 (15/11/2012), se autorizó el cambio de denominación social de InVita Seguros de Vida S.A. a Seguros Sura.","MEDIANTE RESOLUCION SBS N 8551-2012 (15/11/2012), SE AUTORIZO EL CAMBIO DE DENOMINACION SOCIAL DE INVITA SEGUROS DE VIDA S.A. A SEGUROS SURA.",,sbs_S-401_2023-12_2024200498D.xls
2023-12,P010,68,A,"Mediante Resolución SBS N° 2748-2015 (21/05/2015), se autorizó el cambio de denominación social de Aseguradora Magallanes Perú S.A. a HDI Seguros S.A.","MEDIANTE RESOLUCION SBS N 2748-2015 (21/05/2015), SE AUTORIZO EL CAMBIO DE DENOMINACION SOCIAL DE ASEGURADORA MAGALLANES PERU S.A. A HDI SEGUROS S.A.",,sbs_S-401_2023-12_2024200498D.xls
2023-12,P010,69,A,"Mediante Resolución SBS N° 1137-2016 (02/03/2016), se autorizó el cambio de denominación social de Ace Seguros S.A. a Chubb Seguros Perú S.A.","MEDIANTE RESOLUCION SBS N 1137-2016 (02/03/2016), SE AUTORIZO EL CAMBIO DE DENOMINACION SOCIAL DE ACE SEGUROS S.A. A CHUBB SEGUROS PERU S.A.",,sbs_S-401_2023-12_2024200498D.xls
2023-12,P010,70,A,"Mediante Resolución SBS N° 4961-2016 (14/09/2016), se autorizó el cambio de denominación social de AVAL Perú Compañía de Seguros S.A. a AVLA Perú Compañía de Seguros S.A.","MEDIANTE RESOLUCION SBS N 4961-2016 (14/09/2016), SE AUTORIZO EL CAMBIO DE DENOMINACION SOCIAL DE AVAL PERU COMPANIA DE SEGUROS S.A. A AVLA PERU COMPANIA DE SEGUROS S.A.",,sbs_S-401_2023-12_2024200498D.xls
2023-12,P010,71,A,"Mediante Resolución SBS N° 2836-2017 (19/07/2017), se autorizó la fusión por absorción de El Pacífico Vida con El Pacífico Peruano Suiza. A partir del 01.08.2017 esta empresa se denomina Pacífico Compañía de Seguros y Reaseguros.","MEDIANTE RESOLUCION SBS N 2836-2017 (19/07/2017), SE AUTORIZO LA FUSION POR ABSORCION DE EL PACIFICO VIDA CON EL PACIFICO PERUANO SUIZA. A PARTIR DEL 01.08.2017 ESTA EMPRESA SE DENOMINA PACIFICO COMPANIA DE SEGUROS Y REASEGUROS.",,sbs_S-401_2023-12_2024200498D.xls
2023-12,P010,72,A,"Mediante Resolución SBS N° 1170-2018 (27/03/2018), se autorizó la fusión por absorción de Interseguro Compañía de Seguros con Seguros Sura.","MEDIANTE RESOLUCION SBS N 1170-2018 (27/03/2018), SE AUTORIZO LA FUSION POR ABSORCION DE INTERSEGURO COMPANIA DE SEGUROS CON SEGUROS SURA.",,sbs_S-401_2023-12_2024200498D.xls
2023-12,P010,73,A,"Mediante Resolución SBS N° 2296-2019 (22/05/2019), se autorizó el cambio de denominación social de HDI Seguros S.A. a Qualitas Compañía de Seguros S.A.","MEDIANTE RESOLUCION SBS N 2296-2019 (22/05/2019), SE AUTORIZO EL CAMBIO DE DENOMINACION SOCIAL DE HDI SEGUROS S.A. A QUALITAS COMPANIA DE SEGUROS S.A.",,sbs_S-401_2023-12_2024200498D.xls
2023-12,P010,74,A,"Mediante Resolución SBS Nº 1749-2020 (01/07/2020), se autorizó la liquidación voluntaria y posterior inicio del proceso liquidatorio de Rigel Perú S.A.","MEDIANTE RESOLUCION SBS NO 1749-2020 (01/07/2020), SE AUTORIZO LA LIQUIDACION VOLUNTARIA Y POSTERIOR INICIO DEL PROCESO LIQUIDATORIO DE RIGEL PERU S.A.",,sbs_S-401_2023-12_2024200498D.xls
2023-12,P010,75,A,"Mediante Resolución SBS Nº 3286-2020 (28/12/2020), se autorizó la liquidación voluntaria y posterior inicio del proceso liquidatorio de Coface Seguros.","MEDIANTE RESOLUCION SBS NO 3286-2020 (28/12/2020), SE AUTORIZO LA LIQUIDACION VOLUNTARIA Y POSTERIOR INICIO DEL PROCESO LIQUIDATORIO DE COFACE SEGUROS.",,sbs_S-401_2023-12_2024200498D.xls
2023-12,P010,76,A,"Mediante Resolución SBS N° 278-2021 (28/01/2021), se autorizó el cambio de denominación social de Compañía de Seguros de Vida Cámara S.A. a Vivir Seguros Compañía de Seguros de Vida S.A.","MEDIANTE RESOLUCION SBS N 278-2021 (28/01/2021), SE AUTORIZO EL CAMBIO DE DENOMINACION SOCIAL DE COMPANIA DE SEGUROS DE VIDA CAMARA S.A. A VIVIR SEGUROS COMPANIA DE SEGUROS DE VIDA S.A.",,sbs_S-401_2023-12_2024200498D.xls
2023-12,P010,77,A,"Mediante Resolución SBS N° 1724-2022 (25/05/2022), se autorizó la fusión por absorción de Mapfre Perú Vida con Mapfre Perú. A partir del 01.06.2022 esta empresa se denomina Mapfre Perú Compañía de Seguros y Reaseguros S.A.","MEDIANTE RESOLUCION SBS N 1724-2022 (25/05/2022), SE AUTORIZO LA FUSION POR ABSORCION DE MAPFRE PERU VIDA CON MAPFRE PERU. A PARTIR DEL 01.06.2022 ESTA EMPRESA SE DENOMINA MAPFRE PERU COMPANIA DE SEGUROS Y REASEGUROS S.A.",,sbs_S-401_2023-12_2024200498D.xls
2024-01,P009,67,A,"Mediante Resolución SBS N° 8551-2012 (15/11/2012), se autorizó el cambio de denominación social de InVita Seguros de Vida S.A. a Seguros Sura.","MEDIANTE RESOLUCION SBS N 8551-2012 (15/11/2012), SE AUTORIZO EL CAMBIO DE DENOMINACION SOCIAL DE INVITA SEGUROS DE VIDA S.A. A SEGUROS SURA.",,sbs_S-401_2024-01_2024200498D.xls
2024-01,P009,68,A,"Mediante Resolución SBS N° 2748-2015 (21/05/2015), se autorizó el cambio de denominación social de Aseguradora Magallanes Perú S.A. a HDI Seguros S.A.","MEDIANTE RESOLUCION SBS N 2748-2015 (21/05/2015), SE AUTORIZO EL CAMBIO DE DENOMINACION SOCIAL DE ASEGURADORA MAGALLANES PERU S.A. A HDI SEGUROS S.A.",,sbs_S-401_2024-01_2024200498D.xls
2024-01,P009,69,A,"Mediante Resolución SBS N° 1137-2016 (02/03/2016), se autorizó el cambio de denominación social de Ace Seguros S.A. a Chubb Seguros Perú S.A.","MEDIANTE RESOLUCION SBS N 1137-2016 (02/03/2016), SE AUTORIZO EL CAMBIO DE DENOMINACION SOCIAL DE ACE SEGUROS S.A. A CHUBB SEGUROS PERU S.A.",,sbs_S-401_2024-01_2024200498D.xls
2024-01,P009,70,A,"Mediante Resolución SBS N° 4961-2016 (14/09/2016), se autorizó el cambio de denominación social de AVAL Perú Compañía de Seguros S.A. a AVLA Perú Compañía de Seguros S.A.","MEDIANTE RESOLUCION SBS N 4961-2016 (14/09/2016), SE AUTORIZO EL CAMBIO DE DENOMINACION SOCIAL DE AVAL PERU COMPANIA DE SEGUROS S.A. A AVLA PERU COMPANIA DE SEGUROS S.A.",,sbs_S-401_2024-01_2024200498D.xls
2024-01,P009,71,A,"Mediante Resolución SBS N° 2836-2017 (19/07/2017), se autorizó la fusión por absorción de El Pacífico Vida con El Pacífico Peruano Suiza. A partir del 01.08.2017 esta empresa se denomina Pacífico Compañía de Seguros y Reaseguros.","MEDIANTE RESOLUCION SBS N 2836-2017 (19/07/2017), SE AUTORIZO LA FUSION POR ABSORCION DE EL PACIFICO VIDA CON EL PACIFICO PERUANO SUIZA. A PARTIR DEL 01.08.2017 ESTA EMPRESA SE DENOMINA PACIFICO COMPANIA DE SEGUROS Y REASEGUROS.",,sbs_S-401_2024-01_2024200498D.xls
2024-01,P009,72,A,"Mediante Resolución SBS N° 1170-2018 (27/03/2018), se autorizó la fusión por absorción de Interseguro Compañía de Seguros con Seguros Sura.","MEDIANTE RESOLUCION SBS N 1170-2018 (27/03/2018), SE AUTORIZO LA FUSION POR ABSORCION DE INTERSEGURO COMPANIA DE SEGUROS CON SEGUROS SURA.",,sbs_S-401_2024-01_2024200498D.xls
2024-01,P009,73,A,"Mediante Resolución SBS N° 2296-2019 (22/05/2019), se autorizó el cambio de denominación social de HDI Seguros S.A. a Qualitas Compañía de Seguros S.A.","MEDIANTE RESOLUCION SBS N 2296-2019 (22/05/2019), SE AUTORIZO EL CAMBIO DE DENOMINACION SOCIAL DE HDI SEGUROS S.A. A QUALITAS COMPANIA DE SEGUROS S.A.",,sbs_S-401_2024-01_2024200498D.xls
2024-01,P009,74,A,"Mediante Resolución SBS Nº 1749-2020 (01/07/2020), se autorizó la liquidación voluntaria y posterior inicio del proceso liquidatorio de Rigel Perú S.A.","MEDIANTE RESOLUCION SBS NO 1749-2020 (01/07/2020), SE AUTORIZO LA LIQUIDACION VOLUNTARIA Y POSTERIOR INICIO DEL PROCESO LIQUIDATORIO DE RIGEL PERU S.A.",,sbs_S-401_2024-01_2024200498D.xls
2024-01,P009,75,A,"Mediante Resolución SBS Nº 3286-2020 (28/12/2020), se autorizó la liquidación voluntaria y posterior inicio del proceso liquidatorio de Coface Seguros.","MEDIANTE RESOLUCION SBS NO 3286-2020 (28/12/2020), SE AUTORIZO LA LIQUIDACION VOLUNTARIA Y POSTERIOR INICIO DEL PROCESO LIQUIDATORIO DE COFACE SEGUROS.",,sbs_S-401_2024-01_2024200498D.xls
2024-01,P009,76,A,"Mediante Resolución SBS N° 278-2021 (28/01/2021), se autorizó el cambio de denominación social de Compañía de Seguros de Vida Cámara S.A. a Vivir Seguros Compañía de Seguros de Vida S.A.","MEDIANTE RESOLUCION SBS N 278-2021 (28/01/2021), SE AUTORIZO EL CAMBIO DE DENOMINACION SOCIAL DE COMPANIA DE SEGUROS DE VIDA CAMARA S.A. A VIVIR SEGUROS COMPANIA DE SEGUROS DE VIDA S.A.",,sbs_S-401_2024-01_2024200498D.xls
2024-01,P009,77,A,"Mediante Resolución SBS N° 1724-2022 (25/05/2022), se autorizó la fusión por absorción de Mapfre Perú Vida con Mapfre Perú. A partir del 01.06.2022 esta empresa se denomina Mapfre Perú Compañía de Seguros y Reaseguros S.A.","MEDIANTE RESOLUCION SBS N 1724-2022 (25/05/2022), SE AUTORIZO LA FUSION POR ABSORCION DE MAPFRE PERU VIDA CON MAPFRE PERU. A PARTIR DEL 01.06.2022 ESTA EMPRESA SE DENOMINA MAPFRE PERU COMPANIA DE SEGUROS Y REASEGUROS S.A.",,sbs_S-401_2024-01_2024200498D.xls
2024-01,P009,78,A,*Actualizado al 12/12/2024,*ACTUALIZADO AL 12/12/2024,,sbs_S-401_2024-01_2024200498D.xls
2024-01,P010,67,A,"Mediante Resolución SBS N° 8551-2012 (15/11/2012), se autorizó el cambio de denominación social de InVita Seguros de Vida S.A. a Seguros Sura.","MEDIANTE RESOLUCION SBS N 8551-2012 (15/11/2012), SE AUTORIZO EL CAMBIO DE DENOMINACION SOCIAL DE INVITA SEGUROS DE VIDA S.A. A SEGUROS SURA.",,sbs_S-401_2024-01_2024200498D.xls
2024-01,P010,68,A,"Mediante Resolución SBS N° 2748-2015 (21/05/2015), se autorizó el cambio de denominación social de Aseguradora Magallanes Perú S.A. a HDI Seguros S.A.","MEDIANTE RESOLUCION SBS N 2748-2015 (21/05/2015), SE AUTORIZO EL CAMBIO DE DENOMINACION SOCIAL DE ASEGURADORA MAGALLANES PERU S.A. A HDI SEGUROS S.A.",,sbs_S-401_2024-01_2024200498D.xls
2024-01,P010,69,A,"Mediante Resolución SBS N° 1137-2016 (02/03/2016), se autorizó el cambio de denominación social de Ace Seguros S.A. a Chubb Seguros Perú S.A.","MEDIANTE RESOLUCION SBS N 1137-2016 (02/03/2016), SE AUTORIZO EL CAMBIO DE DENOMINACION SOCIAL DE ACE SEGUROS S.A. A CHUBB SEGUROS PERU S.A.",,sbs_S-401_2024-01_2024200498D.xls
2024-01,P010,70,A,"Mediante Resolución SBS N° 4961-2016 (14/09/2016), se autorizó el cambio de denominación social de AVAL Perú Compañía de Seguros S.A. a AVLA Perú Compañía de Seguros S.A.","MEDIANTE RESOLUCION SBS N 4961-2016 (14/09/2016), SE AUTORIZO EL CAMBIO DE DENOMINACION SOCIAL DE AVAL PERU COMPANIA DE SEGUROS S.A. A AVLA PERU COMPANIA DE SEGUROS S.A.",,sbs_S-401_2024-01_2024200498D.xls
2024-01,P010,71,A,"Mediante Resolución SBS N° 2836-2017 (19/07/2017), se autorizó la fusión por absorción de El Pacífico Vida con El Pacífico Peruano Suiza. A partir del 01.08.2017 esta empresa se denomina Pacífico Compañía de Seguros y Reaseguros.","MEDIANTE RESOLUCION SBS N 2836-2017 (19/07/2017), SE AUTORIZO LA FUSION POR ABSORCION DE EL PACIFICO VIDA CON EL PACIFICO PERUANO SUIZA. A PARTIR DEL 01.08.2017 ESTA EMPRESA SE DENOMINA PACIFICO COMPANIA DE SEGUROS Y REASEGUROS.",,sbs_S-401_2024-01_2024200498D.xls
2024-01,P010,72,A,"Mediante Resolución SBS N° 1170-2018 (27/03/2018), se autorizó la fusión por absorción de Interseguro Compañía de Seguros con Seguros Sura.","MEDIANTE RESOLUCION SBS N 1170-2018 (27/03/2018), SE AUTORIZO LA FUSION POR ABSORCION DE INTERSEGURO COMPANIA DE SEGUROS CON SEGUROS SURA.",,sbs_S-401_2024-01_2024200498D.xls
2024-01,P010,73,A,"Mediante Resolución SBS N° 2296-2019 (22/05/2019), se autorizó el cambio de denominación social de HDI Seguros S.A. a Qualitas Compañía de Seguros S.A.","MEDIANTE RESOLUCION SBS N 2296-2019 (22/05/2019), SE AUTORIZO EL CAMBIO DE DENOMINACION SOCIAL DE HDI SEGUROS S.A. A QUALITAS COMPANIA DE SEGUROS S.A.",,sbs_S-401_2024-01_2024200498D.xls
2024-01,P010,74,A,"Mediante Resolución SBS Nº 1749-2020 (01/07/2020), se autorizó la liquidación voluntaria y posterior inicio del proceso liquidatorio de Rigel Perú S.A.","MEDIANTE RESOLUCION SBS NO 1749-2020 (01/07/2020), SE AUTORIZO LA LIQUIDACION VOLUNTARIA Y POSTERIOR INICIO DEL PROCESO LIQUIDATORIO DE RIGEL PERU S.A.",,sbs_S-401_2024-01_2024200498D.xls
2024-01,P010,75,A,"Mediante Resolución SBS Nº 3286-2020 (28/12/2020), se autorizó la liquidación voluntaria y posterior inicio del proceso liquidatorio de Coface Seguros.","MEDIANTE RESOLUCION SBS NO 3286-2020 (28/12/2020), SE AUTORIZO LA LIQUIDACION VOLUNTARIA Y POSTERIOR INICIO DEL PROCESO LIQUIDATORIO DE COFACE SEGUROS.",,sbs_S-401_2024-01_2024200498D.xls
2024-01,P010,76,A,"Mediante Resolución SBS N° 278-2021 (28/01/2021), se autorizó el cambio de denominación social de Compañía de Seguros de Vida Cámara S.A. a Vivir Seguros Compañía de Seguros de Vida S.A.","MEDIANTE RESOLUCION SBS N 278-2021 (28/01/2021), SE AUTORIZO EL CAMBIO DE DENOMINACION SOCIAL DE COMPANIA DE SEGUROS DE VIDA CAMARA S.A. A VIVIR SEGUROS COMPANIA DE SEGUROS DE VIDA S.A.",,sbs_S-401_2024-01_2024200498D.xls
2024-01,P010,77,A,"Mediante Resolución SBS N° 1724-2022 (25/05/2022), se autorizó la fusión por absorción de Mapfre Perú Vida con Mapfre Perú. A partir del 01.06.2022 esta empresa se denomina Mapfre Perú Compañía de Seguros y Reaseguros S.A.","MEDIANTE RESOLUCION SBS N 1724-2022 (25/05/2022), SE AUTORIZO LA FUSION POR ABSORCION DE MAPFRE PERU VIDA CON MAPFRE PERU. A PARTIR DEL 01.06.2022 ESTA EMPRESA SE DENOMINA MAPFRE PERU COMPANIA DE SEGUROS Y REASEGUROS S.A.",,sbs_S-401_2024-01_2024200498D.xls
2024-01,P010,78,A,*Actualizado al 12/12/2024,*ACTUALIZADO AL 12/12/2024,,sbs_S-401_2024-01_2024200498D.xls
2024-02,P009,67,A,"Mediante Resolución SBS N° 8551-2012 (15/11/2012), se autorizó el cambio de denominación social de InVita Seguros de Vida S.A. a Seguros Sura.","MEDIANTE RESOLUCION SBS N 8551-2012 (15/11/2012), SE AUTORIZO EL CAMBIO DE DENOMINACION SOCIAL DE INVITA SEGUROS DE VIDA S.A. A SEGUROS SURA.",,sbs_S-401_2024-02_2024200498D.xls
2024-02,P009,68,A,"Mediante Resolución SBS N° 2748-2015 (21/05/2015), se autorizó el cambio de denominación social de Aseguradora Magallanes Perú S.A. a HDI Seguros S.A.","MEDIANTE RESOLUCION SBS N 2748-2015 (21/05/2015), SE AUTORIZO EL CAMBIO DE DENOMINACION SOCIAL DE ASEGURADORA MAGALLANES PERU S.A. A HDI SEGUROS S.A.",,sbs_S-401_2024-02_2024200498D.xls
2024-02,P009,69,A,"Mediante Resolución SBS N° 1137-2016 (02/03/2016), se autorizó el cambio de denominación social de Ace Seguros S.A. a Chubb Seguros Perú S.A.","MEDIANTE RESOLUCION SBS N 1137-2016 (02/03/2016), SE AUTORIZO EL CAMBIO DE DENOMINACION SOCIAL DE ACE SEGUROS S.A. A CHUBB SEGUROS PERU S.A.",,sbs_S-401_2024-02_2024200498D.xls
2024-02,P009,70,A,"Mediante Resolución SBS N° 4961-2016 (14/09/2016), se autorizó el cambio de denominación social de AVAL Perú Compañía de Seguros S.A. a AVLA Perú Compañía de Seguros S.A.","MEDIANTE RESOLUCION SBS N 4961-2016 (14/09/2016), SE AUTORIZO EL CAMBIO DE DENOMINACION SOCIAL DE AVAL PERU COMPANIA DE SEGUROS S.A. A AVLA PERU COMPANIA DE SEGUROS S.A.",,sbs_S-401_2024-02_2024200498D.xls
2024-02,P009,71,A,"Mediante Resolución SBS N° 2836-2017 (19/07/2017), se autorizó la fusión por absorción de El Pacífico Vida con El Pacífico Peruano Suiza. A partir del 01.08.2017 esta empresa se denomina Pacífico Compañía de Seguros y Reaseguros.","MEDIANTE RESOLUCION SBS N 2836-2017 (19/07/2017), SE AUTORIZO LA FUSION POR ABSORCION DE EL PACIFICO VIDA CON EL PACIFICO PERUANO SUIZA. A PARTIR DEL 01.08.2017 ESTA EMPRESA SE DENOMINA PACIFICO COMPANIA DE SEGUROS Y REASEGUROS.",,sbs_S-401_2024-02_2024200498D.xls
2024-02,P009,72,A,"Mediante Resolución SBS N° 1170-2018 (27/03/2018), se autorizó la fusión por absorción de Interseguro Compañía de Seguros con Seguros Sura.","MEDIANTE RESOLUCION SBS N 1170-2018 (27/03/2018), SE AUTORIZO LA FUSION POR ABSORCION DE INTERSEGURO COMPANIA DE SEGUROS CON SEGUROS SURA.",,sbs_S-401_2024-02_2024200498D.xls
2024-02,P009,73,A,"Mediante Resolución SBS N° 2296-2019 (22/05/2019), se autorizó el cambio de denominación social de HDI Seguros S.A. a Qualitas Compañía de Seguros S.A.","MEDIANTE RESOLUCION SBS N 2296-2019 (22/05/2019), SE AUTORIZO EL CAMBIO DE DENOMINACION SOCIAL DE HDI SEGUROS S.A. A QUALITAS COMPANIA DE SEGUROS S.A.",,sbs_S-401_2024-02_2024200498D.xls
2024-02,P009,74,A,"Mediante Resolución SBS Nº 1749-2020 (01/07/2020), se autorizó la liquidación voluntaria y posterior inicio del proceso liquidatorio de Rigel Perú S.A.","MEDIANTE RESOLUCION SBS NO 1749-2020 (01/07/2020), SE AUTORIZO LA LIQUIDACION VOLUNTARIA Y POSTERIOR INICIO DEL PROCESO LIQUIDATORIO DE RIGEL PERU S.A.",,sbs_S-401_2024-02_2024200498D.xls
2024-02,P009,75,A,"Mediante Resolución SBS Nº 3286-2020 (28/12/2020), se autorizó la liquidación voluntaria y posterior inicio del proceso liquidatorio de Coface Seguros.","MEDIANTE RESOLUCION SBS NO 3286-2020 (28/12/2020), SE AUTORIZO LA LIQUIDACION VOLUNTARIA Y POSTERIOR INICIO DEL PROCESO LIQUIDATORIO DE COFACE SEGUROS.",,sbs_S-401_2024-02_2024200498D.xls
2024-02,P009,76,A,"Mediante Resolución SBS N° 278-2021 (28/01/2021), se autorizó el cambio de denominación social de Compañía de Seguros de Vida Cámara S.A. a Vivir Seguros Compañía de Seguros de Vida S.A.","MEDIANTE RESOLUCION SBS N 278-2021 (28/01/2021), SE AUTORIZO EL CAMBIO DE DENOMINACION SOCIAL DE COMPANIA DE SEGUROS DE VIDA CAMARA S.A. A VIVIR SEGUROS COMPANIA DE SEGUROS DE VIDA S.A.",,sbs_S-401_2024-02_2024200498D.xls
2024-02,P009,77,A,"Mediante Resolución SBS N° 1724-2022 (25/05/2022), se autorizó la fusión por absorción de Mapfre Perú Vida con Mapfre Perú. A partir del 01.06.2022 esta empresa se denomina Mapfre Perú Compañía de Seguros y Reaseguros S.A.","MEDIANTE RESOLUCION SBS N 1724-2022 (25/05/2022), SE AUTORIZO LA FUSION POR ABSORCION DE MAPFRE PERU VIDA CON MAPFRE PERU. A PARTIR DEL 01.06.2022 ESTA EMPRESA SE DENOMINA MAPFRE PERU COMPANIA DE SEGUROS Y REASEGUROS S.A.",,sbs_S-401_2024-02_2024200498D.xls
2024-02,P009,78,A,*Actualizado al 16/12/2024,*ACTUALIZADO AL 16/12/2024,,sbs_S-401_2024-02_2024200498D.xls
2024-02,P010,67,A,"Mediante Resolución SBS N° 8551-2012 (15/11/2012), se autorizó el cambio de denominación social de InVita Seguros de Vida S.A. a Seguros Sura.","MEDIANTE RESOLUCION SBS N 8551-2012 (15/11/2012), SE AUTORIZO EL CAMBIO DE DENOMINACION SOCIAL DE INVITA SEGUROS DE VIDA S.A. A SEGUROS SURA.",,sbs_S-401_2024-02_2024200498D.xls
2024-02,P010,68,A,"Mediante Resolución SBS N° 2748-2015 (21/05/2015), se autorizó el cambio de denominación social de Aseguradora Magallanes Perú S.A. a HDI Seguros S.A.","MEDIANTE RESOLUCION SBS N 2748-2015 (21/05/2015), SE AUTORIZO EL CAMBIO DE DENOMINACION SOCIAL DE ASEGURADORA MAGALLANES PERU S.A. A HDI SEGUROS S.A.",,sbs_S-401_2024-02_2024200498D.xls
2024-02,P010,69,A,"Mediante Resolución SBS N° 1137-2016 (02/03/2016), se autorizó el cambio de denominación social de Ace Seguros S.A. a Chubb Seguros Perú S.A.","MEDIANTE RESOLUCION SBS N 1137-2016 (02/03/2016), SE AUTORIZO EL CAMBIO DE DENOMINACION SOCIAL DE ACE SEGUROS S.A. A CHUBB SEGUROS PERU S.A.",,sbs_S-401_2024-02_2024200498D.xls
2024-02,P010,70,A,"Mediante Resolución SBS N° 4961-2016 (14/09/2016), se autorizó el cambio de denominación social de AVAL Perú Compañía de Seguros S.A. a AVLA Perú Compañía de Seguros S.A.","MEDIANTE RESOLUCION SBS N 4961-2016 (14/09/2016), SE AUTORIZO EL CAMBIO DE DENOMINACION SOCIAL DE AVAL PERU COMPANIA DE SEGUROS S.A. A AVLA PERU COMPANIA DE SEGUROS S.A.",,sbs_S-401_2024-02_2024200498D.xls
2024-02,P010,71,A,"Mediante Resolución SBS N° 2836-2017 (19/07/2017), se autorizó la fusión por absorción de El Pacífico Vida con El Pacífico Peruano Suiza. A partir del 01.08.2017 esta empresa se denomina Pacífico Compañía de Seguros y Reaseguros.","MEDIANTE RESOLUCION SBS N 2836-2017 (19/07/2017), SE AUTORIZO LA FUSION POR ABSORCION DE EL PACIFICO VIDA CON EL PACIFICO PERUANO SUIZA. A PARTIR DEL 01.08.2017 ESTA EMPRESA SE DENOMINA PACIFICO COMPANIA DE SEGUROS Y REASEGUROS.",,sbs_S-401_2024-02_2024200498D.xls
2024-02,P010,72,A,"Mediante Resolución SBS N° 1170-2018 (27/03/2018), se autorizó la fusión por absorción de Interseguro Compañía de Seguros con Seguros Sura.","MEDIANTE RESOLUCION SBS N 1170-2018 (27/03/2018), SE AUTORIZO LA FUSION POR ABSORCION DE INTERSEGURO COMPANIA DE SEGUROS CON SEGUROS SURA.",,sbs_S-401_2024-02_2024200498D.xls
2024-02,P010,73,A,"Mediante Resolución SBS N° 2296-2019 (22/05/2019), se autorizó el cambio de denominación social de HDI Seguros S.A. a Qualitas Compañía de Seguros S.A.","MEDIANTE RESOLUCION SBS N 2296-2019 (22/05/2019), SE AUTORIZO EL CAMBIO DE DENOMINACION SOCIAL DE HDI SEGUROS S.A. A QUALITAS COMPANIA DE SEGUROS S.A.",,sbs_S-401_2024-02_2024200498D.xls
2024-02,P010,74,A,"Mediante Resolución SBS Nº 1749-2020 (01/07/2020), se autorizó la liquidación voluntaria y posterior inicio del proceso liquidatorio de Rigel Perú S.A.","MEDIANTE RESOLUCION SBS NO 1749-2020 (01/07/2020), SE AUTORIZO LA LIQUIDACION VOLUNTARIA Y POSTERIOR INICIO DEL PROCESO LIQUIDATORIO DE RIGEL PERU S.A.",,sbs_S-401_2024-02_2024200498D.xls
2024-02,P010,75,A,"Mediante Resolución SBS Nº 3286-2020 (28/12/2020), se autorizó la liquidación voluntaria y posterior inicio del proceso liquidatorio de Coface Seguros.","MEDIANTE RESOLUCION SBS NO 3286-2020 (28/12/2020), SE AUTORIZO LA LIQUIDACION VOLUNTARIA Y POSTERIOR INICIO DEL PROCESO LIQUIDATORIO DE COFACE SEGUROS.",,sbs_S-401_2024-02_2024200498D.xls
2024-02,P010,76,A,"Mediante Resolución SBS N° 278-2021 (28/01/2021), se autorizó el cambio de denominación social de Compañía de Seguros de Vida Cámara S.A. a Vivir Seguros Compañía de Seguros de Vida S.A.","MEDIANTE RESOLUCION SBS N 278-2021 (28/01/2021), SE AUTORIZO EL CAMBIO DE DENOMINACION SOCIAL DE COMPANIA DE SEGUROS DE VIDA CAMARA S.A. A VIVIR SEGUROS COMPANIA DE SEGUROS DE VIDA S.A.",,sbs_S-401_2024-02_2024200498D.xls
2024-02,P010,77,A,"Mediante Resolución SBS N° 1724-2022 (25/05/2022), se autorizó la fusión por absorción de Mapfre Perú Vida con Mapfre Perú. A partir del 01.06.2022 esta empresa se denomina Mapfre Perú Compañía de Seguros y Reaseguros S.A.","MEDIANTE RESOLUCION SBS N 1724-2022 (25/05/2022), SE AUTORIZO LA FUSION POR ABSORCION DE MAPFRE PERU VIDA CON MAPFRE PERU. A PARTIR DEL 01.06.2022 ESTA EMPRESA SE DENOMINA MAPFRE PERU COMPANIA DE SEGUROS Y REASEGUROS S.A.",,sbs_S-401_2024-02_2024200498D.xls
2024-02,P010,78,A,*Actualizado al 16/12/2024,*ACTUALIZADO AL 16/12/2024,,sbs_S-401_2024-02_2024200498D.xls
2024-03,P009,67,A,"Mediante Resolución SBS N° 8551-2012 (15/11/2012), se autorizó el cambio de denominación social de InVita Seguros de Vida S.A. a Seguros Sura.","MEDIANTE RESOLUCION SBS N 8551-2012 (15/11/2012), SE AUTORIZO EL CAMBIO DE DENOMINACION SOCIAL DE INVITA SEGUROS DE VIDA S.A. A SEGUROS SURA.",,sbs_S-401_2024-03_2024200498D.xls
2024-03,P009,68,A,"Mediante Resolución SBS N° 2748-2015 (21/05/2015), se autorizó el cambio de denominación social de Aseguradora Magallanes Perú S.A. a HDI Seguros S.A.","MEDIANTE RESOLUCION SBS N 2748-2015 (21/05/2015), SE AUTORIZO EL CAMBIO DE DENOMINACION SOCIAL DE ASEGURADORA MAGALLANES PERU S.A. A HDI SEGUROS S.A.",,sbs_S-401_2024-03_2024200498D.xls
2024-03,P009,69,A,"Mediante Resolución SBS N° 1137-2016 (02/03/2016), se autorizó el cambio de denominación social de Ace Seguros S.A. a Chubb Seguros Perú S.A.","MEDIANTE RESOLUCION SBS N 1137-2016 (02/03/2016), SE AUTORIZO EL CAMBIO DE DENOMINACION SOCIAL DE ACE SEGUROS S.A. A CHUBB SEGUROS PERU S.A.",,sbs_S-401_2024-03_2024200498D.xls
2024-03,P009,70,A,"Mediante Resolución SBS N° 4961-2016 (14/09/2016), se autorizó el cambio de denominación social de AVAL Perú Compañía de Seguros S.A. a AVLA Perú Compañía de Seguros S.A.","MEDIANTE RESOLUCION SBS N 4961-2016 (14/09/2016), SE AUTORIZO EL CAMBIO DE DENOMINACION SOCIAL DE AVAL PERU COMPANIA DE SEGUROS S.A. A AVLA PERU COMPANIA DE SEGUROS S.A.",,sbs_S-401_2024-03_2024200498D.xls
2024-03,P009,71,A,"Mediante Resolución SBS N° 2836-2017 (19/07/2017), se autorizó la fusión por absorción de El Pacífico Vida con El Pacífico Peruano Suiza. A partir del 01.08.2017 esta empresa se denomina Pacífico Compañía de Seguros y Reaseguros.","MEDIANTE RESOLUCION SBS N 2836-2017 (19/07/2017), SE AUTORIZO LA FUSION POR ABSORCION DE EL PACIFICO VIDA CON EL PACIFICO PERUANO SUIZA. A PARTIR DEL 01.08.2017 ESTA EMPRESA SE DENOMINA PACIFICO COMPANIA DE SEGUROS Y REASEGUROS.",,sbs_S-401_2024-03_2024200498D.xls
2024-03,P009,72,A,"Mediante Resolución SBS N° 1170-2018 (27/03/2018), se autorizó la fusión por absorción de Interseguro Compañía de Seguros con Seguros Sura.","MEDIANTE RESOLUCION SBS N 1170-2018 (27/03/2018), SE AUTORIZO LA FUSION POR ABSORCION DE INTERSEGURO COMPANIA DE SEGUROS CON SEGUROS SURA.",,sbs_S-401_2024-03_2024200498D.xls
2024-03,P009,73,A,"Mediante Resolución SBS N° 2296-2019 (22/05/2019), se autorizó el cambio de denominación social de HDI Seguros S.A. a Qualitas Compañía de Seguros S.A.","MEDIANTE RESOLUCION SBS N 2296-2019 (22/05/2019), SE AUTORIZO EL CAMBIO DE DENOMINACION SOCIAL DE HDI SEGUROS S.A. A QUALITAS COMPANIA DE SEGUROS S.A.",,sbs_S-401_2024-03_2024200498D.xls
2024-03,P009,74,A,"Mediante Resolución SBS Nº 1749-2020 (01/07/2020), se autorizó la liquidación voluntaria y posterior inicio del proceso liquidatorio de Rigel Perú S.A.","MEDIANTE RESOLUCION SBS NO 1749-2020 (01/07/2020), SE AUTORIZO LA LIQUIDACION VOLUNTARIA Y POSTERIOR INICIO DEL PROCESO LIQUIDATORIO DE RIGEL PERU S.A.",,sbs_S-401_2024-03_2024200498D.xls
2024-03,P009,75,A,"Mediante Resolución SBS Nº 3286-2020 (28/12/2020), se autorizó la liquidación voluntaria y posterior inicio del proceso liquidatorio de Coface Seguros.","MEDIANTE RESOLUCION SBS NO 3286-2020 (28/12/2020), SE AUTORIZO LA LIQUIDACION VOLUNTARIA Y POSTERIOR INICIO DEL PROCESO LIQUIDATORIO DE COFACE SEGUROS.",,sbs_S-401_2024-03_2024200498D.xls
2024-03,P009,76,A,"Mediante Resolución SBS N° 278-2021 (28/01/2021), se autorizó el cambio de denominación social de Compañía de Seguros de Vida Cámara S.A. a Vivir Seguros Compañía de Seguros de Vida S.A.","MEDIANTE RESOLUCION SBS N 278-2021 (28/01/2021), SE AUTORIZO EL CAMBIO DE DENOMINACION SOCIAL DE COMPANIA DE SEGUROS DE VIDA CAMARA S.A. A VIVIR SEGUROS COMPANIA DE SEGUROS DE VIDA S.A.",,sbs_S-401_2024-03_2024200498D.xls
2024-03,P009,77,A,"Mediante Resolución SBS N° 1724-2022 (25/05/2022), se autorizó la fusión por absorción de Mapfre Perú Vida con Mapfre Perú. A partir del 01.06.2022 esta empresa se denomina Mapfre Perú Compañía de Seguros y Reaseguros S.A.","MEDIANTE RESOLUCION SBS N 1724-2022 (25/05/2022), SE AUTORIZO LA FUSION POR ABSORCION DE MAPFRE PERU VIDA CON MAPFRE PERU. A PARTIR DEL 01.06.2022 ESTA EMPRESA SE DENOMINA MAPFRE PERU COMPANIA DE SEGUROS Y REASEGUROS S.A.",,sbs_S-401_2024-03_2024200498D.xls
2024-03,P009,78,A,*Actualizado al 17/12/2024,*ACTUALIZADO AL 17/12/2024,,sbs_S-401_2024-03_2024200498D.xls
2024-03,P010,67,A,"Mediante Resolución SBS N° 8551-2012 (15/11/2012), se autorizó el cambio de denominación social de InVita Seguros de Vida S.A. a Seguros Sura.","MEDIANTE RESOLUCION SBS N 8551-2012 (15/11/2012), SE AUTORIZO EL CAMBIO DE DENOMINACION SOCIAL DE INVITA SEGUROS DE VIDA S.A. A SEGUROS SURA.",,sbs_S-401_2024-03_2024200498D.xls
2024-03,P010,68,A,"Mediante Resolución SBS N° 2748-2015 (21/05/2015), se autorizó el cambio de denominación social de Aseguradora Magallanes Perú S.A. a HDI Seguros S.A.","MEDIANTE RESOLUCION SBS N 2748-2015 (21/05/2015), SE AUTORIZO EL CAMBIO DE DENOMINACION SOCIAL DE ASEGURADORA MAGALLANES PERU S.A. A HDI SEGUROS S.A.",,sbs_S-401_2024-03_2024200498D.xls
2024-03,P010,69,A,"Mediante Resolución SBS N° 1137-2016 (02/03/2016), se autorizó el cambio de denominación social de Ace Seguros S.A. a Chubb Seguros Perú S.A.","MEDIANTE RESOLUCION SBS N 1137-2016 (02/03/2016), SE AUTORIZO EL CAMBIO DE DENOMINACION SOCIAL DE ACE SEGUROS S.A. A CHUBB SEGUROS PERU S.A.",,sbs_S-401_2024-03_2024200498D.xls
2024-03,P010,70,A,"Mediante Resolución SBS N° 4961-2016 (14/09/2016), se autorizó el cambio de denominación social de AVAL Perú Compañía de Seguros S.A. a AVLA Perú Compañía de Seguros S.A.","MEDIANTE RESOLUCION SBS N 4961-2016 (14/09/2016), SE AUTORIZO EL CAMBIO DE DENOMINACION SOCIAL DE AVAL PERU COMPANIA DE SEGUROS S.A. A AVLA PERU COMPANIA DE SEGUROS S.A.",,sbs_S-401_2024-03_2024200498D.xls
2024-03,P010,71,A,"Mediante Resolución SBS N° 2836-2017 (19/07/2017), se autorizó la fusión por absorción de El Pacífico Vida con El Pacífico Peruano Suiza. A partir del 01.08.2017 esta empresa se denomina Pacífico Compañía de Seguros y Reaseguros.","MEDIANTE RESOLUCION SBS N 2836-2017 (19/07/2017), SE AUTORIZO LA FUSION POR ABSORCION DE EL PACIFICO VIDA CON EL PACIFICO PERUANO SUIZA. A PARTIR DEL 01.08.2017 ESTA EMPRESA SE DENOMINA PACIFICO COMPANIA DE SEGUROS Y REASEGUROS.",,sbs_S-401_2024-03_2024200498D.xls
2024-03,P010,72,A,"Mediante Resolución SBS N° 1170-2018 (27/03/2018), se autorizó la fusión por absorción de Interseguro Compañía de Seguros con Seguros Sura.","MEDIANTE RESOLUCION SBS N 1170-2018 (27/03/2018), SE AUTORIZO LA FUSION POR ABSORCION DE INTERSEGURO COMPANIA DE SEGUROS CON SEGUROS SURA.",,sbs_S-401_2024-03_2024200498D.xls
2024-03,P010,73,A,"Mediante Resolución SBS N° 2296-2019 (22/05/2019), se autorizó el cambio de denominación social de HDI Seguros S.A. a Qualitas Compañía de Seguros S.A.","MEDIANTE RESOLUCION SBS N 2296-2019 (22/05/2019), SE AUTORIZO EL CAMBIO DE DENOMINACION SOCIAL DE HDI SEGUROS S.A. A QUALITAS COMPANIA DE SEGUROS S.A.",,sbs_S-401_2024-03_2024200498D.xls
2024-03,P010,74,A,"Mediante Resolución SBS Nº 1749-2020 (01/07/2020), se autorizó la liquidación voluntaria y posterior inicio del proceso liquidatorio de Rigel Perú S.A.","MEDIANTE RESOLUCION SBS NO 1749-2020 (01/07/2020), SE AUTORIZO LA LIQUIDACION VOLUNTARIA Y POSTERIOR INICIO DEL PROCESO LIQUIDATORIO DE RIGEL PERU S.A.",,sbs_S-401_2024-03_2024200498D.xls
2024-03,P010,75,A,"Mediante Resolución SBS Nº 3286-2020 (28/12/2020), se autorizó la liquidación voluntaria y posterior inicio del proceso liquidatorio de Coface Seguros.","MEDIANTE RESOLUCION SBS NO 3286-2020 (28/12/2020), SE AUTORIZO LA LIQUIDACION VOLUNTARIA Y POSTERIOR INICIO DEL PROCESO LIQUIDATORIO DE COFACE SEGUROS.",,sbs_S-401_2024-03_2024200498D.xls
2024-03,P010,76,A,"Mediante Resolución SBS N° 278-2021 (28/01/2021), se autorizó el cambio de denominación social de Compañía de Seguros de Vida Cámara S.A. a Vivir Seguros Compañía de Seguros de Vida S.A.","MEDIANTE RESOLUCION SBS N 278-2021 (28/01/2021), SE AUTORIZO EL CAMBIO DE DENOMINACION SOCIAL DE COMPANIA DE SEGUROS DE VIDA CAMARA S.A. A VIVIR SEGUROS COMPANIA DE SEGUROS DE VIDA S.A.",,sbs_S-401_2024-03_2024200498D.xls
2024-03,P010,77,A,"Mediante Resolución SBS N° 1724-2022 (25/05/2022), se autorizó la fusión por absorción de Mapfre Perú Vida con Mapfre Perú. A partir del 01.06.2022 esta empresa se denomina Mapfre Perú Compañía de Seguros y Reaseguros S.A.","MEDIANTE RESOLUCION SBS N 1724-2022 (25/05/2022), SE AUTORIZO LA FUSION POR ABSORCION DE MAPFRE PERU VIDA CON MAPFRE PERU. A PARTIR DEL 01.06.2022 ESTA EMPRESA SE DENOMINA MAPFRE PERU COMPANIA DE SEGUROS Y REASEGUROS S.A.",,sbs_S-401_2024-03_2024200498D.xls
2024-03,P010,78,A,*Actualizado al 17/12/2024,*ACTUALIZADO AL 17/12/2024,,sbs_S-401_2024-03_2024200498D.xls
2024-04,P009,67,A,"Mediante Resolución SBS N° 8551-2012 (15/11/2012), se autorizó el cambio de denominación social de InVita Seguros de Vida S.A. a Seguros Sura.","MEDIANTE RESOLUCION SBS N 8551-2012 (15/11/2012), SE AUTORIZO EL CAMBIO DE DENOMINACION SOCIAL DE INVITA SEGUROS DE VIDA S.A. A SEGUROS SURA.",,sbs_S-401_2024-04_2024200498D.xls
2024-04,P009,68,A,"Mediante Resolución SBS N° 2748-2015 (21/05/2015), se autorizó el cambio de denominación social de Aseguradora Magallanes Perú S.A. a HDI Seguros S.A.","MEDIANTE RESOLUCION SBS N 2748-2015 (21/05/2015), SE AUTORIZO EL CAMBIO DE DENOMINACION SOCIAL DE ASEGURADORA MAGALLANES PERU S.A. A HDI SEGUROS S.A.",,sbs_S-401_2024-04_2024200498D.xls
2024-04,P009,69,A,"Mediante Resolución SBS N° 1137-2016 (02/03/2016), se autorizó el cambio de denominación social de Ace Seguros S.A. a Chubb Seguros Perú S.A.","MEDIANTE RESOLUCION SBS N 1137-2016 (02/03/2016), SE AUTORIZO EL CAMBIO DE DENOMINACION SOCIAL DE ACE SEGUROS S.A. A CHUBB SEGUROS PERU S.A.",,sbs_S-401_2024-04_2024200498D.xls
2024-04,P009,70,A,"Mediante Resolución SBS N° 4961-2016 (14/09/2016), se autorizó el cambio de denominación social de AVAL Perú Compañía de Seguros S.A. a AVLA Perú Compañía de Seguros S.A.","MEDIANTE RESOLUCION SBS N 4961-2016 (14/09/2016), SE AUTORIZO EL CAMBIO DE DENOMINACION SOCIAL DE AVAL PERU COMPANIA DE SEGUROS S.A. A AVLA PERU COMPANIA DE SEGUROS S.A.",,sbs_S-401_2024-04_2024200498D.xls
2024-04,P009,71,A,"Mediante Resolución SBS N° 2836-2017 (19/07/2017), se autorizó la fusión por absorción de El Pacífico Vida con El Pacífico Peruano Suiza. A partir del 01.08.2017 esta empresa se denomina Pacífico Compañía de Seguros y Reaseguros.","MEDIANTE RESOLUCION SBS N 2836-2017 (19/07/2017), SE AUTORIZO LA FUSION POR ABSORCION DE EL PACIFICO VIDA CON EL PACIFICO PERUANO SUIZA. A PARTIR DEL 01.08.2017 ESTA EMPRESA SE DENOMINA PACIFICO COMPANIA DE SEGUROS Y REASEGUROS.",,sbs_S-401_2024-04_2024200498D.xls
2024-04,P009,72,A,"Mediante Resolución SBS N° 1170-2018 (27/03/2018), se autorizó la fusión por absorción de Interseguro Compañía de Seguros con Seguros Sura.","MEDIANTE RESOLUCION SBS N 1170-2018 (27/03/2018), SE AUTORIZO LA FUSION POR ABSORCION DE INTERSEGURO COMPANIA DE SEGUROS CON SEGUROS SURA.",,sbs_S-401_2024-04_2024200498D.xls
2024-04,P009,73,A,"Mediante Resolución SBS N° 2296-2019 (22/05/2019), se autorizó el cambio de denominación social de HDI Seguros S.A. a Qualitas Compañía de Seguros S.A.","MEDIANTE RESOLUCION SBS N 2296-2019 (22/05/2019), SE AUTORIZO EL CAMBIO DE DENOMINACION SOCIAL DE HDI SEGUROS S.A. A QUALITAS COMPANIA DE SEGUROS S.A.",,sbs_S-401_2024-04_2024200498D.xls
2024-04,P009,74,A,"Mediante Resolución SBS Nº 1749-2020 (01/07/2020), se autorizó la liquidación voluntaria y posterior inicio del proceso liquidatorio de Rigel Perú S.A.","MEDIANTE RESOLUCION SBS NO 1749-2020 (01/07/2020), SE AUTORIZO LA LIQUIDACION VOLUNTARIA Y POSTERIOR INICIO DEL PROCESO LIQUIDATORIO DE RIGEL PERU S.A.",,sbs_S-401_2024-04_2024200498D.xls
2024-04,P009,75,A,"Mediante Resolución SBS Nº 3286-2020 (28/12/2020), se autorizó la liquidación voluntaria y posterior inicio del proceso liquidatorio de Coface Seguros.","MEDIANTE RESOLUCION SBS NO 3286-2020 (28/12/2020), SE AUTORIZO LA LIQUIDACION VOLUNTARIA Y POSTERIOR INICIO DEL PROCESO LIQUIDATORIO DE COFACE SEGUROS.",,sbs_S-401_2024-04_2024200498D.xls
2024-04,P009,76,A,"Mediante Resolución SBS N° 278-2021 (28/01/2021), se autorizó el cambio de denominación social de Compañía de Seguros de Vida Cámara S.A. a Vivir Seguros Compañía de Seguros de Vida S.A.","MEDIANTE RESOLUCION SBS N 278-2021 (28/01/2021), SE AUTORIZO EL CAMBIO DE DENOMINACION SOCIAL DE COMPANIA DE SEGUROS DE VIDA CAMARA S.A. A VIVIR SEGUROS COMPANIA DE SEGUROS DE VIDA S.A.",,sbs_S-401_2024-04_2024200498D.xls
2024-04,P009,77,A,"Mediante Resolución SBS N° 1724-2022 (25/05/2022), se autorizó la fusión por absorción de Mapfre Perú Vida con Mapfre Perú. A partir del 01.06.2022 esta empresa se denomina Mapfre Perú Compañía de Seguros y Reaseguros S.A.","MEDIANTE RESOLUCION SBS N 1724-2022 (25/05/2022), SE AUTORIZO LA FUSION POR ABSORCION DE MAPFRE PERU VIDA CON MAPFRE PERU. A PARTIR DEL 01.06.2022 ESTA EMPRESA SE DENOMINA MAPFRE PERU COMPANIA DE SEGUROS Y REASEGUROS S.A.",,sbs_S-401_2024-04_2024200498D.xls
2024-04,P009,78,A,*Actualizado al 18/122024,*ACTUALIZADO AL 18/122024,,sbs_S-401_2024-04_2024200498D.xls
2024-04,P010,67,A,"Mediante Resolución SBS N° 8551-2012 (15/11/2012), se autorizó el cambio de denominación social de InVita Seguros de Vida S.A. a Seguros Sura.","MEDIANTE RESOLUCION SBS N 8551-2012 (15/11/2012), SE AUTORIZO EL CAMBIO DE DENOMINACION SOCIAL DE INVITA SEGUROS DE VIDA S.A. A SEGUROS SURA.",,sbs_S-401_2024-04_2024200498D.xls
2024-04,P010,68,A,"Mediante Resolución SBS N° 2748-2015 (21/05/2015), se autorizó el cambio de denominación social de Aseguradora Magallanes Perú S.A. a HDI Seguros S.A.","MEDIANTE RESOLUCION SBS N 2748-2015 (21/05/2015), SE AUTORIZO EL CAMBIO DE DENOMINACION SOCIAL DE ASEGURADORA MAGALLANES PERU S.A. A HDI SEGUROS S.A.",,sbs_S-401_2024-04_2024200498D.xls
2024-04,P010,69,A,"Mediante Resolución SBS N° 1137-2016 (02/03/2016), se autorizó el cambio de denominación social de Ace Seguros S.A. a Chubb Seguros Perú S.A.","MEDIANTE RESOLUCION SBS N 1137-2016 (02/03/2016), SE AUTORIZO EL CAMBIO DE DENOMINACION SOCIAL DE ACE SEGUROS S.A. A CHUBB SEGUROS PERU S.A.",,sbs_S-401_2024-04_2024200498D.xls
2024-04,P010,70,A,"Mediante Resolución SBS N° 4961-2016 (14/09/2016), se autorizó el cambio de denominación social de AVAL Perú Compañía de Seguros S.A. a AVLA Perú Compañía de Seguros S.A.","MEDIANTE RESOLUCION SBS N 4961-2016 (14/09/2016), SE AUTORIZO EL CAMBIO DE DENOMINACION SOCIAL DE AVAL PERU COMPANIA DE SEGUROS S.A. A AVLA PERU COMPANIA DE SEGUROS S.A.",,sbs_S-401_2024-04_2024200498D.xls
2024-04,P010,71,A,"Mediante Resolución SBS N° 2836-2017 (19/07/2017), se autorizó la fusión por absorción de El Pacífico Vida con El Pacífico Peruano Suiza. A partir del 01.08.2017 esta empresa se denomina Pacífico Compañía de Seguros y Reaseguros.","MEDIANTE RESOLUCION SBS N 2836-2017 (19/07/2017), SE AUTORIZO LA FUSION POR ABSORCION DE EL PACIFICO VIDA CON EL PACIFICO PERUANO SUIZA. A PARTIR DEL 01.08.2017 ESTA EMPRESA SE DENOMINA PACIFICO COMPANIA DE SEGUROS Y REASEGUROS.",,sbs_S-401_2024-04_2024200498D.xls
2024-04,P010,72,A,"Mediante Resolución SBS N° 1170-2018 (27/03/2018), se autorizó la fusión por absorción de Interseguro Compañía de Seguros con Seguros Sura.","MEDIANTE RESOLUCION SBS N 1170-2018 (27/03/2018), SE AUTORIZO LA FUSION POR ABSORCION DE INTERSEGURO COMPANIA DE SEGUROS CON SEGUROS SURA.",,sbs_S-401_2024-04_2024200498D.xls
2024-04,P010,73,A,"Mediante Resolución SBS N° 2296-2019 (22/05/2019), se autorizó el cambio de denominación social de HDI Seguros S.A. a Qualitas Compañía de Seguros S.A.","MEDIANTE RESOLUCION SBS N 2296-2019 (22/05/2019), SE AUTORIZO EL CAMBIO DE DENOMINACION SOCIAL DE HDI SEGUROS S.A. A QUALITAS COMPANIA DE SEGUROS S.A.",,sbs_S-401_2024-04_2024200498D.xls
2024-04,P010,74,A,"Mediante Resolución SBS Nº 1749-2020 (01/07/2020), se autorizó la liquidación voluntaria y posterior inicio del proceso liquidatorio de Rigel Perú S.A.","MEDIANTE RESOLUCION SBS NO 1749-2020 (01/07/2020), SE AUTORIZO LA LIQUIDACION VOLUNTARIA Y POSTERIOR INICIO DEL PROCESO LIQUIDATORIO DE RIGEL PERU S.A.",,sbs_S-401_2024-04_2024200498D.xls
2024-04,P010,75,A,"Mediante Resolución SBS Nº 3286-2020 (28/12/2020), se autorizó la liquidación voluntaria y posterior inicio del proceso liquidatorio de Coface Seguros.","MEDIANTE RESOLUCION SBS NO 3286-2020 (28/12/2020), SE AUTORIZO LA LIQUIDACION VOLUNTARIA Y POSTERIOR INICIO DEL PROCESO LIQUIDATORIO DE COFACE SEGUROS.",,sbs_S-401_2024-04_2024200498D.xls
2024-04,P010,76,A,"Mediante Resolución SBS N° 278-2021 (28/01/2021), se autorizó el cambio de denominación social de Compañía de Seguros de Vida Cámara S.A. a Vivir Seguros Compañía de Seguros de Vida S.A.","MEDIANTE RESOLUCION SBS N 278-2021 (28/01/2021), SE AUTORIZO EL CAMBIO DE DENOMINACION SOCIAL DE COMPANIA DE SEGUROS DE VIDA CAMARA S.A. A VIVIR SEGUROS COMPANIA DE SEGUROS DE VIDA S.A.",,sbs_S-401_2024-04_2024200498D.xls
2024-04,P010,77,A,"Mediante Resolución SBS N° 1724-2022 (25/05/2022), se autorizó la fusión por absorción de Mapfre Perú Vida con Mapfre Perú. A partir del 01.06.2022 esta empresa se denomina Mapfre Perú Compañía de Seguros y Reaseguros S.A.","MEDIANTE RESOLUCION SBS N 1724-2022 (25/05/2022), SE AUTORIZO LA FUSION POR ABSORCION DE MAPFRE PERU VIDA CON MAPFRE PERU. A PARTIR DEL 01.06.2022 ESTA EMPRESA SE DENOMINA MAPFRE PERU COMPANIA DE SEGUROS Y REASEGUROS S.A.",,sbs_S-401_2024-04_2024200498D.xls
2024-04,P010,78,A,*Actualizado al 18/122024,*ACTUALIZADO AL 18/122024,,sbs_S-401_2024-04_2024200498D.xls
2024-05,P009,67,A,"Mediante Resolución SBS N° 8551-2012 (15/11/2012), se autorizó el cambio de denominación social de InVita Seguros de Vida S.A. a Seguros Sura.","MEDIANTE RESOLUCION SBS N 8551-2012 (15/11/2012), SE AUTORIZO EL CAMBIO DE DENOMINACION SOCIAL DE INVITA SEGUROS DE VIDA S.A. A SEGUROS SURA.",,sbs_S-401_2024-05_2024200498D.xls
2024-05,P009,68,A,"Mediante Resolución SBS N° 2748-2015 (21/05/2015), se autorizó el cambio de denominación social de Aseguradora Magallanes Perú S.A. a HDI Seguros S.A.","MEDIANTE RESOLUCION SBS N 2748-2015 (21/05/2015), SE AUTORIZO EL CAMBIO DE DENOMINACION SOCIAL DE ASEGURADORA MAGALLANES PERU S.A. A HDI SEGUROS S.A.",,sbs_S-401_2024-05_2024200498D.xls
2024-05,P009,69,A,"Mediante Resolución SBS N° 1137-2016 (02/03/2016), se autorizó el cambio de denominación social de Ace Seguros S.A. a Chubb Seguros Perú S.A.","MEDIANTE RESOLUCION SBS N 1137-2016 (02/03/2016), SE AUTORIZO EL CAMBIO DE DENOMINACION SOCIAL DE ACE SEGUROS S.A. A CHUBB SEGUROS PERU S.A.",,sbs_S-401_2024-05_2024200498D.xls
2024-05,P009,70,A,"Mediante Resolución SBS N° 4961-2016 (14/09/2016), se autorizó el cambio de denominación social de AVAL Perú Compañía de Seguros S.A. a AVLA Perú Compañía de Seguros S.A.","MEDIANTE RESOLUCION SBS N 4961-2016 (14/09/2016), SE AUTORIZO EL CAMBIO DE DENOMINACION SOCIAL DE AVAL PERU COMPANIA DE SEGUROS S.A. A AVLA PERU COMPANIA DE SEGUROS S.A.",,sbs_S-401_2024-05_2024200498D.xls
2024-05,P009,71,A,"Mediante Resolución SBS N° 2836-2017 (19/07/2017), se autorizó la fusión por absorción de El Pacífico Vida con El Pacífico Peruano Suiza. A partir del 01.08.2017 esta empresa se denomina Pacífico Compañía de Seguros y Reaseguros.","MEDIANTE RESOLUCION SBS N 2836-2017 (19/07/2017), SE AUTORIZO LA FUSION POR ABSORCION DE EL PACIFICO VIDA CON EL PACIFICO PERUANO SUIZA. A PARTIR DEL 01.08.2017 ESTA EMPRESA SE DENOMINA PACIFICO COMPANIA DE SEGUROS Y REASEGUROS.",,sbs_S-401_2024-05_2024200498D.xls
2024-05,P009,72,A,"Mediante Resolución SBS N° 1170-2018 (27/03/2018), se autorizó la fusión por absorción de Interseguro Compañía de Seguros con Seguros Sura.","MEDIANTE RESOLUCION SBS N 1170-2018 (27/03/2018), SE AUTORIZO LA FUSION POR ABSORCION DE INTERSEGURO COMPANIA DE SEGUROS CON SEGUROS SURA.",,sbs_S-401_2024-05_2024200498D.xls
2024-05,P009,73,A,"Mediante Resolución SBS N° 2296-2019 (22/05/2019), se autorizó el cambio de denominación social de HDI Seguros S.A. a Qualitas Compañía de Seguros S.A.","MEDIANTE RESOLUCION SBS N 2296-2019 (22/05/2019), SE AUTORIZO EL CAMBIO DE DENOMINACION SOCIAL DE HDI SEGUROS S.A. A QUALITAS COMPANIA DE SEGUROS S.A.",,sbs_S-401_2024-05_2024200498D.xls
2024-05,P009,74,A,"Mediante Resolución SBS Nº 1749-2020 (01/07/2020), se autorizó la liquidación voluntaria y posterior inicio del proceso liquidatorio de Rigel Perú S.A.","MEDIANTE RESOLUCION SBS NO 1749-2020 (01/07/2020), SE AUTORIZO LA LIQUIDACION VOLUNTARIA Y POSTERIOR INICIO DEL PROCESO LIQUIDATORIO DE RIGEL PERU S.A.",,sbs_S-401_2024-05_2024200498D.xls
2024-05,P009,75,A,"Mediante Resolución SBS Nº 3286-2020 (28/12/2020), se autorizó la liquidación voluntaria y posterior inicio del proceso liquidatorio de Coface Seguros.","MEDIANTE RESOLUCION SBS NO 3286-2020 (28/12/2020), SE AUTORIZO LA LIQUIDACION VOLUNTARIA Y POSTERIOR INICIO DEL PROCESO LIQUIDATORIO DE COFACE SEGUROS.",,sbs_S-401_2024-05_2024200498D.xls
2024-05,P009,76,A,"Mediante Resolución SBS N° 278-2021 (28/01/2021), se autorizó el cambio de denominación social de Compañía de Seguros de Vida Cámara S.A. a Vivir Seguros Compañía de Seguros de Vida S.A.","MEDIANTE RESOLUCION SBS N 278-2021 (28/01/2021), SE AUTORIZO EL CAMBIO DE DENOMINACION SOCIAL DE COMPANIA DE SEGUROS DE VIDA CAMARA S.A. A VIVIR SEGUROS COMPANIA DE SEGUROS DE VIDA S.A.",,sbs_S-401_2024-05_2024200498D.xls
2024-05,P009,77,A,"Mediante Resolución SBS N° 1724-2022 (25/05/2022), se autorizó la fusión por absorción de Mapfre Perú Vida con Mapfre Perú. A partir del 01.06.2022 esta empresa se denomina Mapfre Perú Compañía de Seguros y Reaseguros S.A.","MEDIANTE RESOLUCION SBS N 1724-2022 (25/05/2022), SE AUTORIZO LA FUSION POR ABSORCION DE MAPFRE PERU VIDA CON MAPFRE PERU. A PARTIR DEL 01.06.2022 ESTA EMPRESA SE DENOMINA MAPFRE PERU COMPANIA DE SEGUROS Y REASEGUROS S.A.",,sbs_S-401_2024-05_2024200498D.xls
2024-05,P009,79,A,*Actualizado al 05.12.2024,*ACTUALIZADO AL 05.12.2024,,sbs_S-401_2024-05_2024200498D.xls
2024-05,P010,67,A,"Mediante Resolución SBS N° 8551-2012 (15/11/2012), se autorizó el cambio de denominación social de InVita Seguros de Vida S.A. a Seguros Sura.","MEDIANTE RESOLUCION SBS N 8551-2012 (15/11/2012), SE AUTORIZO EL CAMBIO DE DENOMINACION SOCIAL DE INVITA SEGUROS DE VIDA S.A. A SEGUROS SURA.",,sbs_S-401_2024-05_2024200498D.xls
2024-05,P010,68,A,"Mediante Resolución SBS N° 2748-2015 (21/05/2015), se autorizó el cambio de denominación social de Aseguradora Magallanes Perú S.A. a HDI Seguros S.A.","MEDIANTE RESOLUCION SBS N 2748-2015 (21/05/2015), SE AUTORIZO EL CAMBIO DE DENOMINACION SOCIAL DE ASEGURADORA MAGALLANES PERU S.A. A HDI SEGUROS S.A.",,sbs_S-401_2024-05_2024200498D.xls
2024-05,P010,69,A,"Mediante Resolución SBS N° 1137-2016 (02/03/2016), se autorizó el cambio de denominación social de Ace Seguros S.A. a Chubb Seguros Perú S.A.","MEDIANTE RESOLUCION SBS N 1137-2016 (02/03/2016), SE AUTORIZO EL CAMBIO DE DENOMINACION SOCIAL DE ACE SEGUROS S.A. A CHUBB SEGUROS PERU S.A.",,sbs_S-401_2024-05_2024200498D.xls
2024-05,P010,70,A,"Mediante Resolución SBS N° 4961-2016 (14/09/2016), se autorizó el cambio de denominación social de AVAL Perú Compañía de Seguros S.A. a AVLA Perú Compañía de Seguros S.A.","MEDIANTE RESOLUCION SBS N 4961-2016 (14/09/2016), SE AUTORIZO EL CAMBIO DE DENOMINACION SOCIAL DE AVAL PERU COMPANIA DE SEGUROS S.A. A AVLA PERU COMPANIA DE SEGUROS S.A.",,sbs_S-401_2024-05_2024200498D.xls
2024-05,P010,71,A,"Mediante Resolución SBS N° 2836-2017 (19/07/2017), se autorizó la fusión por absorción de El Pacífico Vida con El Pacífico Peruano Suiza. A partir del 01.08.2017 esta empresa se denomina Pacífico Compañía de Seguros y Reaseguros.","MEDIANTE RESOLUCION SBS N 2836-2017 (19/07/2017), SE AUTORIZO LA FUSION POR ABSORCION DE EL PACIFICO VIDA CON EL PACIFICO PERUANO SUIZA. A PARTIR DEL 01.08.2017 ESTA EMPRESA SE DENOMINA PACIFICO COMPANIA DE SEGUROS Y REASEGUROS.",,sbs_S-401_2024-05_2024200498D.xls
2024-05,P010,72,A,"Mediante Resolución SBS N° 1170-2018 (27/03/2018), se autorizó la fusión por absorción de Interseguro Compañía de Seguros con Seguros Sura.","MEDIANTE RESOLUCION SBS N 1170-2018 (27/03/2018), SE AUTORIZO LA FUSION POR ABSORCION DE INTERSEGURO COMPANIA DE SEGUROS CON SEGUROS SURA.",,sbs_S-401_2024-05_2024200498D.xls
2024-05,P010,73,A,"Mediante Resolución SBS N° 2296-2019 (22/05/2019), se autorizó el cambio de denominación social de HDI Seguros S.A. a Qualitas Compañía de Seguros S.A.","MEDIANTE RESOLUCION SBS N 2296-2019 (22/05/2019), SE AUTORIZO EL CAMBIO DE DENOMINACION SOCIAL DE HDI SEGUROS S.A. A QUALITAS COMPANIA DE SEGUROS S.A.",,sbs_S-401_2024-05_2024200498D.xls
2024-05,P010,74,A,"Mediante Resolución SBS Nº 1749-2020 (01/07/2020), se autorizó la liquidación voluntaria y posterior inicio del proceso liquidatorio de Rigel Perú S.A.","MEDIANTE RESOLUCION SBS NO 1749-2020 (01/07/2020), SE AUTORIZO LA LIQUIDACION VOLUNTARIA Y POSTERIOR INICIO DEL PROCESO LIQUIDATORIO DE RIGEL PERU S.A.",,sbs_S-401_2024-05_2024200498D.xls
2024-05,P010,75,A,"Mediante Resolución SBS Nº 3286-2020 (28/12/2020), se autorizó la liquidación voluntaria y posterior inicio del proceso liquidatorio de Coface Seguros.","MEDIANTE RESOLUCION SBS NO 3286-2020 (28/12/2020), SE AUTORIZO LA LIQUIDACION VOLUNTARIA Y POSTERIOR INICIO DEL PROCESO LIQUIDATORIO DE COFACE SEGUROS.",,sbs_S-401_2024-05_2024200498D.xls
2024-05,P010,76,A,"Mediante Resolución SBS N° 278-2021 (28/01/2021), se autorizó el cambio de denominación social de Compañía de Seguros de Vida Cámara S.A. a Vivir Seguros Compañía de Seguros de Vida S.A.","MEDIANTE RESOLUCION SBS N 278-2021 (28/01/2021), SE AUTORIZO EL CAMBIO DE DENOMINACION SOCIAL DE COMPANIA DE SEGUROS DE VIDA CAMARA S.A. A VIVIR SEGUROS COMPANIA DE SEGUROS DE VIDA S.A.",,sbs_S-401_2024-05_2024200498D.xls
2024-05,P010,77,A,"Mediante Resolución SBS N° 1724-2022 (25/05/2022), se autorizó la fusión por absorción de Mapfre Perú Vida con Mapfre Perú. A partir del 01.06.2022 esta empresa se denomina Mapfre Perú Compañía de Seguros y Reaseguros S.A.","MEDIANTE RESOLUCION SBS N 1724-2022 (25/05/2022), SE AUTORIZO LA FUSION POR ABSORCION DE MAPFRE PERU VIDA CON MAPFRE PERU. A PARTIR DEL 01.06.2022 ESTA EMPRESA SE DENOMINA MAPFRE PERU COMPANIA DE SEGUROS Y REASEGUROS S.A.",,sbs_S-401_2024-05_2024200498D.xls
2024-05,P010,81,A,*Actualizado al 05.12.2024,*ACTUALIZADO AL 05.12.2024,,sbs_S-401_2024-05_2024200498D.xls
2024-06,P009,67,A,"Mediante Resolución SBS N° 8551-2012 (15/11/2012), se autorizó el cambio de denominación social de InVita Seguros de Vida S.A. a Seguros Sura.","MEDIANTE RESOLUCION SBS N 8551-2012 (15/11/2012), SE AUTORIZO EL CAMBIO DE DENOMINACION SOCIAL DE INVITA SEGUROS DE VIDA S.A. A SEGUROS SURA.",,sbs_S-401_2024-06_2024200498D.xls
2024-06,P009,68,A,"Mediante Resolución SBS N° 2748-2015 (21/05/2015), se autorizó el cambio de denominación social de Aseguradora Magallanes Perú S.A. a HDI Seguros S.A.","MEDIANTE RESOLUCION SBS N 2748-2015 (21/05/2015), SE AUTORIZO EL CAMBIO DE DENOMINACION SOCIAL DE ASEGURADORA MAGALLANES PERU S.A. A HDI SEGUROS S.A.",,sbs_S-401_2024-06_2024200498D.xls
2024-06,P009,69,A,"Mediante Resolución SBS N° 1137-2016 (02/03/2016), se autorizó el cambio de denominación social de Ace Seguros S.A. a Chubb Seguros Perú S.A.","MEDIANTE RESOLUCION SBS N 1137-2016 (02/03/2016), SE AUTORIZO EL CAMBIO DE DENOMINACION SOCIAL DE ACE SEGUROS S.A. A CHUBB SEGUROS PERU S.A.",,sbs_S-401_2024-06_2024200498D.xls
2024-06,P009,70,A,"Mediante Resolución SBS N° 4961-2016 (14/09/2016), se autorizó el cambio de denominación social de AVAL Perú Compañía de Seguros S.A. a AVLA Perú Compañía de Seguros S.A.","MEDIANTE RESOLUCION SBS N 4961-2016 (14/09/2016), SE AUTORIZO EL CAMBIO DE DENOMINACION SOCIAL DE AVAL PERU COMPANIA DE SEGUROS S.A. A AVLA PERU COMPANIA DE SEGUROS S.A.",,sbs_S-401_2024-06_2024200498D.xls
2024-06,P009,71,A,"Mediante Resolución SBS N° 2836-2017 (19/07/2017), se autorizó la fusión por absorción de El Pacífico Vida con El Pacífico Peruano Suiza. A partir del 01.08.2017 esta empresa se denomina Pacífico Compañía de Seguros y Reaseguros.","MEDIANTE RESOLUCION SBS N 2836-2017 (19/07/2017), SE AUTORIZO LA FUSION POR ABSORCION DE EL PACIFICO VIDA CON EL PACIFICO PERUANO SUIZA. A PARTIR DEL 01.08.2017 ESTA EMPRESA SE DENOMINA PACIFICO COMPANIA DE SEGUROS Y REASEGUROS.",,sbs_S-401_2024-06_2024200498D.xls
2024-06,P009,72,A,"Mediante Resolución SBS N° 1170-2018 (27/03/2018), se autorizó la fusión por absorción de Interseguro Compañía de Seguros con Seguros Sura.","MEDIANTE RESOLUCION SBS N 1170-2018 (27/03/2018), SE AUTORIZO LA FUSION POR ABSORCION DE INTERSEGURO COMPANIA DE SEGUROS CON SEGUROS SURA.",,sbs_S-401_2024-06_2024200498D.xls
2024-06,P009,73,A,"Mediante Resolución SBS N° 2296-2019 (22/05/2019), se autorizó el cambio de denominación social de HDI Seguros S.A. a Qualitas Compañía de Seguros S.A.","MEDIANTE RESOLUCION SBS N 2296-2019 (22/05/2019), SE AUTORIZO EL CAMBIO DE DENOMINACION SOCIAL DE HDI SEGUROS S.A. A QUALITAS COMPANIA DE SEGUROS S.A.",,sbs_S-401_2024-06_2024200498D.xls
2024-06,P009,74,A,"Mediante Resolución SBS Nº 1749-2020 (01/07/2020), se autorizó la liquidación voluntaria y posterior inicio del proceso liquidatorio de Rigel Perú S.A.","MEDIANTE RESOLUCION SBS NO 1749-2020 (01/07/2020), SE AUTORIZO LA LIQUIDACION VOLUNTARIA Y POSTERIOR INICIO DEL PROCESO LIQUIDATORIO DE RIGEL PERU S.A.",,sbs_S-401_2024-06_2024200498D.xls
2024-06,P009,75,A,"Mediante Resolución SBS Nº 3286-2020 (28/12/2020), se autorizó la liquidación voluntaria y posterior inicio del proceso liquidatorio de Coface Seguros.","MEDIANTE RESOLUCION SBS NO 3286-2020 (28/12/2020), SE AUTORIZO LA LIQUIDACION VOLUNTARIA Y POSTERIOR INICIO DEL PROCESO LIQUIDATORIO DE COFACE SEGUROS.",,sbs_S-401_2024-06_2024200498D.xls
2024-06,P009,76,A,"Mediante Resolución SBS N° 278-2021 (28/01/2021), se autorizó el cambio de denominación social de Compañía de Seguros de Vida Cámara S.A. a Vivir Seguros Compañía de Seguros de Vida S.A.","MEDIANTE RESOLUCION SBS N 278-2021 (28/01/2021), SE AUTORIZO EL CAMBIO DE DENOMINACION SOCIAL DE COMPANIA DE SEGUROS DE VIDA CAMARA S.A. A VIVIR SEGUROS COMPANIA DE SEGUROS DE VIDA S.A.",,sbs_S-401_2024-06_2024200498D.xls
2024-06,P009,77,A,"Mediante Resolución SBS N° 1724-2022 (25/05/2022), se autorizó la fusión por absorción de Mapfre Perú Vida con Mapfre Perú. A partir del 01.06.2022 esta empresa se denomina Mapfre Perú Compañía de Seguros y Reaseguros S.A.","MEDIANTE RESOLUCION SBS N 1724-2022 (25/05/2022), SE AUTORIZO LA FUSION POR ABSORCION DE MAPFRE PERU VIDA CON MAPFRE PERU. A PARTIR DEL 01.06.2022 ESTA EMPRESA SE DENOMINA MAPFRE PERU COMPANIA DE SEGUROS Y REASEGUROS S.A.",,sbs_S-401_2024-06_2024200498D.xls
2024-06,P009,81,A,*Actualizado al 05.12.2024,*ACTUALIZADO AL 05.12.2024,,sbs_S-401_2024-06_2024200498D.xls
2024-06,P010,67,A,"Mediante Resolución SBS N° 8551-2012 (15/11/2012), se autorizó el cambio de denominación social de InVita Seguros de Vida S.A. a Seguros Sura.","MEDIANTE RESOLUCION SBS N 8551-2012 (15/11/2012), SE AUTORIZO EL CAMBIO DE DENOMINACION SOCIAL DE INVITA SEGUROS DE VIDA S.A. A SEGUROS SURA.",,sbs_S-401_2024-06_2024200498D.xls
2024-06,P010,68,A,"Mediante Resolución SBS N° 2748-2015 (21/05/2015), se autorizó el cambio de denominación social de Aseguradora Magallanes Perú S.A. a HDI Seguros S.A.","MEDIANTE RESOLUCION SBS N 2748-2015 (21/05/2015), SE AUTORIZO EL CAMBIO DE DENOMINACION SOCIAL DE ASEGURADORA MAGALLANES PERU S.A. A HDI SEGUROS S.A.",,sbs_S-401_2024-06_2024200498D.xls
2024-06,P010,69,A,"Mediante Resolución SBS N° 1137-2016 (02/03/2016), se autorizó el cambio de denominación social de Ace Seguros S.A. a Chubb Seguros Perú S.A.","MEDIANTE RESOLUCION SBS N 1137-2016 (02/03/2016), SE AUTORIZO EL CAMBIO DE DENOMINACION SOCIAL DE ACE SEGUROS S.A. A CHUBB SEGUROS PERU S.A.",,sbs_S-401_2024-06_2024200498D.xls
2024-06,P010,70,A,"Mediante Resolución SBS N° 4961-2016 (14/09/2016), se autorizó el cambio de denominación social de AVAL Perú Compañía de Seguros S.A. a AVLA Perú Compañía de Seguros S.A.","MEDIANTE RESOLUCION SBS N 4961-2016 (14/09/2016), SE AUTORIZO EL CAMBIO DE DENOMINACION SOCIAL DE AVAL PERU COMPANIA DE SEGUROS S.A. A AVLA PERU COMPANIA DE SEGUROS S.A.",,sbs_S-401_2024-06_2024200498D.xls
2024-06,P010,71,A,"Mediante Resolución SBS N° 2836-2017 (19/07/2017), se autorizó la fusión por absorción de El Pacífico Vida con El Pacífico Peruano Suiza. A partir del 01.08.2017 esta empresa se denomina Pacífico Compañía de Seguros y Reaseguros.","MEDIANTE RESOLUCION SBS N 2836-2017 (19/07/2017), SE AUTORIZO LA FUSION POR ABSORCION DE EL PACIFICO VIDA CON EL PACIFICO PERUANO SUIZA. A PARTIR DEL 01.08.2017 ESTA EMPRESA SE DENOMINA PACIFICO COMPANIA DE SEGUROS Y REASEGUROS.",,sbs_S-401_2024-06_2024200498D.xls
2024-06,P010,72,A,"Mediante Resolución SBS N° 1170-2018 (27/03/2018), se autorizó la fusión por absorción de Interseguro Compañía de Seguros con Seguros Sura.","MEDIANTE RESOLUCION SBS N 1170-2018 (27/03/2018), SE AUTORIZO LA FUSION POR ABSORCION DE INTERSEGURO COMPANIA DE SEGUROS CON SEGUROS SURA.",,sbs_S-401_2024-06_2024200498D.xls
2024-06,P010,73,A,"Mediante Resolución SBS N° 2296-2019 (22/05/2019), se autorizó el cambio de denominación social de HDI Seguros S.A. a Qualitas Compañía de Seguros S.A.","MEDIANTE RESOLUCION SBS N 2296-2019 (22/05/2019), SE AUTORIZO EL CAMBIO DE DENOMINACION SOCIAL DE HDI SEGUROS S.A. A QUALITAS COMPANIA DE SEGUROS S.A.",,sbs_S-401_2024-06_2024200498D.xls
2024-06,P010,74,A,"Mediante Resolución SBS Nº 1749-2020 (01/07/2020), se autorizó la liquidación voluntaria y posterior inicio del proceso liquidatorio de Rigel Perú S.A.","MEDIANTE RESOLUCION SBS NO 1749-2020 (01/07/2020), SE AUTORIZO LA LIQUIDACION VOLUNTARIA Y POSTERIOR INICIO DEL PROCESO LIQUIDATORIO DE RIGEL PERU S.A.",,sbs_S-401_2024-06_2024200498D.xls
2024-06,P010,75,A,"Mediante Resolución SBS Nº 3286-2020 (28/12/2020), se autorizó la liquidación voluntaria y posterior inicio del proceso liquidatorio de Coface Seguros.","MEDIANTE RESOLUCION SBS NO 3286-2020 (28/12/2020), SE AUTORIZO LA LIQUIDACION VOLUNTARIA Y POSTERIOR INICIO DEL PROCESO LIQUIDATORIO DE COFACE SEGUROS.",,sbs_S-401_2024-06_2024200498D.xls
2024-06,P010,76,A,"Mediante Resolución SBS N° 278-2021 (28/01/2021), se autorizó el cambio de denominación social de Compañía de Seguros de Vida Cámara S.A. a Vivir Seguros Compañía de Seguros de Vida S.A.","MEDIANTE RESOLUCION SBS N 278-2021 (28/01/2021), SE AUTORIZO EL CAMBIO DE DENOMINACION SOCIAL DE COMPANIA DE SEGUROS DE VIDA CAMARA S.A. A VIVIR SEGUROS COMPANIA DE SEGUROS DE VIDA S.A.",,sbs_S-401_2024-06_2024200498D.xls
2024-06,P010,77,A,"Mediante Resolución SBS N° 1724-2022 (25/05/2022), se autorizó la fusión por absorción de Mapfre Perú Vida con Mapfre Perú. A partir del 01.06.2022 esta empresa se denomina Mapfre Perú Compañía de Seguros y Reaseguros S.A.","MEDIANTE RESOLUCION SBS N 1724-2022 (25/05/2022), SE AUTORIZO LA FUSION POR ABSORCION DE MAPFRE PERU VIDA CON MAPFRE PERU. A PARTIR DEL 01.06.2022 ESTA EMPRESA SE DENOMINA MAPFRE PERU COMPANIA DE SEGUROS Y REASEGUROS S.A.",,sbs_S-401_2024-06_2024200498D.xls
2024-06,P010,81,A,*Actualizado al 05.12.2024,*ACTUALIZADO AL 05.12.2024,,sbs_S-401_2024-06_2024200498D.xls
2024-07,P009,67,A,"Mediante Resolución SBS N° 8551-2012 (15/11/2012), se autorizó el cambio de denominación social de InVita Seguros de Vida S.A. a Seguros Sura.","MEDIANTE RESOLUCION SBS N 8551-2012 (15/11/2012), SE AUTORIZO EL CAMBIO DE DENOMINACION SOCIAL DE INVITA SEGUROS DE VIDA S.A. A SEGUROS SURA.",,sbs_S-401_2024-07_2024200498D.xls
2024-07,P009,68,A,"Mediante Resolución SBS N° 2748-2015 (21/05/2015), se autorizó el cambio de denominación social de Aseguradora Magallanes Perú S.A. a HDI Seguros S.A.","MEDIANTE RESOLUCION SBS N 2748-2015 (21/05/2015), SE AUTORIZO EL CAMBIO DE DENOMINACION SOCIAL DE ASEGURADORA MAGALLANES PERU S.A. A HDI SEGUROS S.A.",,sbs_S-401_2024-07_2024200498D.xls
2024-07,P009,69,A,"Mediante Resolución SBS N° 1137-2016 (02/03/2016), se autorizó el cambio de denominación social de Ace Seguros S.A. a Chubb Seguros Perú S.A.","MEDIANTE RESOLUCION SBS N 1137-2016 (02/03/2016), SE AUTORIZO EL CAMBIO DE DENOMINACION SOCIAL DE ACE SEGUROS S.A. A CHUBB SEGUROS PERU S.A.",,sbs_S-401_2024-07_2024200498D.xls
2024-07,P009,70,A,"Mediante Resolución SBS N° 4961-2016 (14/09/2016), se autorizó el cambio de denominación social de AVAL Perú Compañía de Seguros S.A. a AVLA Perú Compañía de Seguros S.A.","MEDIANTE RESOLUCION SBS N 4961-2016 (14/09/2016), SE AUTORIZO EL CAMBIO DE DENOMINACION SOCIAL DE AVAL PERU COMPANIA DE SEGUROS S.A. A AVLA PERU COMPANIA DE SEGUROS S.A.",,sbs_S-401_2024-07_2024200498D.xls
2024-07,P009,71,A,"Mediante Resolución SBS N° 2836-2017 (19/07/2017), se autorizó la fusión por absorción de El Pacífico Vida con El Pacífico Peruano Suiza. A partir del 01.08.2017 esta empresa se denomina Pacífico Compañía de Seguros y Reaseguros.","MEDIANTE RESOLUCION SBS N 2836-2017 (19/07/2017), SE AUTORIZO LA FUSION POR ABSORCION DE EL PACIFICO VIDA CON EL PACIFICO PERUANO SUIZA. A PARTIR DEL 01.08.2017 ESTA EMPRESA SE DENOMINA PACIFICO COMPANIA DE SEGUROS Y REASEGUROS.",,sbs_S-401_2024-07_2024200498D.xls
2024-07,P009,72,A,"Mediante Resolución SBS N° 1170-2018 (27/03/2018), se autorizó la fusión por absorción de Interseguro Compañía de Seguros con Seguros Sura.","MEDIANTE RESOLUCION SBS N 1170-2018 (27/03/2018), SE AUTORIZO LA FUSION POR ABSORCION DE INTERSEGURO COMPANIA DE SEGUROS CON SEGUROS SURA.",,sbs_S-401_2024-07_2024200498D.xls
2024-07,P009,73,A,"Mediante Resolución SBS N° 2296-2019 (22/05/2019), se autorizó el cambio de denominación social de HDI Seguros S.A. a Qualitas Compañía de Seguros S.A.","MEDIANTE RESOLUCION SBS N 2296-2019 (22/05/2019), SE AUTORIZO EL CAMBIO DE DENOMINACION SOCIAL DE HDI SEGUROS S.A. A QUALITAS COMPANIA DE SEGUROS S.A.",,sbs_S-401_2024-07_2024200498D.xls
2024-07,P009,74,A,"Mediante Resolución SBS Nº 1749-2020 (01/07/2020), se autorizó la liquidación voluntaria y posterior inicio del proceso liquidatorio de Rigel Perú S.A.","MEDIANTE RESOLUCION SBS NO 1749-2020 (01/07/2020), SE AUTORIZO LA LIQUIDACION VOLUNTARIA Y POSTERIOR INICIO DEL PROCESO LIQUIDATORIO DE RIGEL PERU S.A.",,sbs_S-401_2024-07_2024200498D.xls
2024-07,P009,75,A,"Mediante Resolución SBS Nº 3286-2020 (28/12/2020), se autorizó la liquidación voluntaria y posterior inicio del proceso liquidatorio de Coface Seguros.","MEDIANTE RESOLUCION SBS NO 3286-2020 (28/12/2020), SE AUTORIZO LA LIQUIDACION VOLUNTARIA Y POSTERIOR INICIO DEL PROCESO LIQUIDATORIO DE COFACE SEGUROS.",,sbs_S-401_2024-07_2024200498D.xls
2024-07,P009,76,A,"Mediante Resolución SBS N° 278-2021 (28/01/2021), se autorizó el cambio de denominación social de Compañía de Seguros de Vida Cámara S.A. a Vivir Seguros Compañía de Seguros de Vida S.A.","MEDIANTE RESOLUCION SBS N 278-2021 (28/01/2021), SE AUTORIZO EL CAMBIO DE DENOMINACION SOCIAL DE COMPANIA DE SEGUROS DE VIDA CAMARA S.A. A VIVIR SEGUROS COMPANIA DE SEGUROS DE VIDA S.A.",,sbs_S-401_2024-07_2024200498D.xls
2024-07,P009,77,A,"Mediante Resolución SBS N° 1724-2022 (25/05/2022), se autorizó la fusión por absorción de Mapfre Perú Vida con Mapfre Perú. A partir del 01.06.2022 esta empresa se denomina Mapfre Perú Compañía de Seguros y Reaseguros S.A.","MEDIANTE RESOLUCION SBS N 1724-2022 (25/05/2022), SE AUTORIZO LA FUSION POR ABSORCION DE MAPFRE PERU VIDA CON MAPFRE PERU. A PARTIR DEL 01.06.2022 ESTA EMPRESA SE DENOMINA MAPFRE PERU COMPANIA DE SEGUROS Y REASEGUROS S.A.",,sbs_S-401_2024-07_2024200498D.xls
2024-07,P009,80,A,*Actualizado al 05.12.2024,*ACTUALIZADO AL 05.12.2024,,sbs_S-401_2024-07_2024200498D.xls
2024-07,P010,67,A,"Mediante Resolución SBS N° 8551-2012 (15/11/2012), se autorizó el cambio de denominación social de InVita Seguros de Vida S.A. a Seguros Sura.","MEDIANTE RESOLUCION SBS N 8551-2012 (15/11/2012), SE AUTORIZO EL CAMBIO DE DENOMINACION SOCIAL DE INVITA SEGUROS DE VIDA S.A. A SEGUROS SURA.",,sbs_S-401_2024-07_2024200498D.xls
2024-07,P010,68,A,"Mediante Resolución SBS N° 2748-2015 (21/05/2015), se autorizó el cambio de denominación social de Aseguradora Magallanes Perú S.A. a HDI Seguros S.A.","MEDIANTE RESOLUCION SBS N 2748-2015 (21/05/2015), SE AUTORIZO EL CAMBIO DE DENOMINACION SOCIAL DE ASEGURADORA MAGALLANES PERU S.A. A HDI SEGUROS S.A.",,sbs_S-401_2024-07_2024200498D.xls
2024-07,P010,69,A,"Mediante Resolución SBS N° 1137-2016 (02/03/2016), se autorizó el cambio de denominación social de Ace Seguros S.A. a Chubb Seguros Perú S.A.","MEDIANTE RESOLUCION SBS N 1137-2016 (02/03/2016), SE AUTORIZO EL CAMBIO DE DENOMINACION SOCIAL DE ACE SEGUROS S.A. A CHUBB SEGUROS PERU S.A.",,sbs_S-401_2024-07_2024200498D.xls
2024-07,P010,70,A,"Mediante Resolución SBS N° 4961-2016 (14/09/2016), se autorizó el cambio de denominación social de AVAL Perú Compañía de Seguros S.A. a AVLA Perú Compañía de Seguros S.A.","MEDIANTE RESOLUCION SBS N 4961-2016 (14/09/2016), SE AUTORIZO EL CAMBIO DE DENOMINACION SOCIAL DE AVAL PERU COMPANIA DE SEGUROS S.A. A AVLA PERU COMPANIA DE SEGUROS S.A.",,sbs_S-401_2024-07_2024200498D.xls
2024-07,P010,71,A,"Mediante Resolución SBS N° 2836-2017 (19/07/2017), se autorizó la fusión por absorción de El Pacífico Vida con El Pacífico Peruano Suiza. A partir del 01.08.2017 esta empresa se denomina Pacífico Compañía de Seguros y Reaseguros.","MEDIANTE RESOLUCION SBS N 2836-2017 (19/07/2017), SE AUTORIZO LA FUSION POR ABSORCION DE EL PACIFICO VIDA CON EL PACIFICO PERUANO SUIZA. A PARTIR DEL 01.08.2017 ESTA EMPRESA SE DENOMINA PACIFICO COMPANIA DE SEGUROS Y REASEGUROS.",,sbs_S-401_2024-07_2024200498D.xls
2024-07,P010,72,A,"Mediante Resolución SBS N° 1170-2018 (27/03/2018), se autorizó la fusión por absorción de Interseguro Compañía de Seguros con Seguros Sura.","MEDIANTE RESOLUCION SBS N 1170-2018 (27/03/2018), SE AUTORIZO LA FUSION POR ABSORCION DE INTERSEGURO COMPANIA DE SEGUROS CON SEGUROS SURA.",,sbs_S-401_2024-07_2024200498D.xls
2024-07,P010,73,A,"Mediante Resolución SBS N° 2296-2019 (22/05/2019), se autorizó el cambio de denominación social de HDI Seguros S.A. a Qualitas Compañía de Seguros S.A.","MEDIANTE RESOLUCION SBS N 2296-2019 (22/05/2019), SE AUTORIZO EL CAMBIO DE DENOMINACION SOCIAL DE HDI SEGUROS S.A. A QUALITAS COMPANIA DE SEGUROS S.A.",,sbs_S-401_2024-07_2024200498D.xls
2024-07,P010,74,A,"Mediante Resolución SBS Nº 1749-2020 (01/07/2020), se autorizó la liquidación voluntaria y posterior inicio del proceso liquidatorio de Rigel Perú S.A.","MEDIANTE RESOLUCION SBS NO 1749-2020 (01/07/2020), SE AUTORIZO LA LIQUIDACION VOLUNTARIA Y POSTERIOR INICIO DEL PROCESO LIQUIDATORIO DE RIGEL PERU S.A.",,sbs_S-401_2024-07_2024200498D.xls
2024-07,P010,75,A,"Mediante Resolución SBS Nº 3286-2020 (28/12/2020), se autorizó la liquidación voluntaria y posterior inicio del proceso liquidatorio de Coface Seguros.","MEDIANTE RESOLUCION SBS NO 3286-2020 (28/12/2020), SE AUTORIZO LA LIQUIDACION VOLUNTARIA Y POSTERIOR INICIO DEL PROCESO LIQUIDATORIO DE COFACE SEGUROS.",,sbs_S-401_2024-07_2024200498D.xls
2024-07,P010,76,A,"Mediante Resolución SBS N° 278-2021 (28/01/2021), se autorizó el cambio de denominación social de Compañía de Seguros de Vida Cámara S.A. a Vivir Seguros Compañía de Seguros de Vida S.A.","MEDIANTE RESOLUCION SBS N 278-2021 (28/01/2021), SE AUTORIZO EL CAMBIO DE DENOMINACION SOCIAL DE COMPANIA DE SEGUROS DE VIDA CAMARA S.A. A VIVIR SEGUROS COMPANIA DE SEGUROS DE VIDA S.A.",,sbs_S-401_2024-07_2024200498D.xls
2024-07,P010,77,A,"Mediante Resolución SBS N° 1724-2022 (25/05/2022), se autorizó la fusión por absorción de Mapfre Perú Vida con Mapfre Perú. A partir del 01.06.2022 esta empresa se denomina Mapfre Perú Compañía de Seguros y Reaseguros S.A.","MEDIANTE RESOLUCION SBS N 1724-2022 (25/05/2022), SE AUTORIZO LA FUSION POR ABSORCION DE MAPFRE PERU VIDA CON MAPFRE PERU. A PARTIR DEL 01.06.2022 ESTA EMPRESA SE DENOMINA MAPFRE PERU COMPANIA DE SEGUROS Y REASEGUROS S.A.",,sbs_S-401_2024-07_2024200498D.xls
2024-07,P010,82,A,*Actualizado al 05.12.2024,*ACTUALIZADO AL 05.12.2024,,sbs_S-401_2024-07_2024200498D.xls
2024-08,P009,67,A,"Mediante Resolución SBS N° 8551-2012 (15/11/2012), se autorizó el cambio de denominación social de InVita Seguros de Vida S.A. a Seguros Sura.","MEDIANTE RESOLUCION SBS N 8551-2012 (15/11/2012), SE AUTORIZO EL CAMBIO DE DENOMINACION SOCIAL DE INVITA SEGUROS DE VIDA S.A. A SEGUROS SURA.",,sbs_S-401_2024-08_2024200498D.xls
2024-08,P009,68,A,"Mediante Resolución SBS N° 2748-2015 (21/05/2015), se autorizó el cambio de denominación social de Aseguradora Magallanes Perú S.A. a HDI Seguros S.A.","MEDIANTE RESOLUCION SBS N 2748-2015 (21/05/2015), SE AUTORIZO EL CAMBIO DE DENOMINACION SOCIAL DE ASEGURADORA MAGALLANES PERU S.A. A HDI SEGUROS S.A.",,sbs_S-401_2024-08_2024200498D.xls
2024-08,P009,69,A,"Mediante Resolución SBS N° 1137-2016 (02/03/2016), se autorizó el cambio de denominación social de Ace Seguros S.A. a Chubb Seguros Perú S.A.","MEDIANTE RESOLUCION SBS N 1137-2016 (02/03/2016), SE AUTORIZO EL CAMBIO DE DENOMINACION SOCIAL DE ACE SEGUROS S.A. A CHUBB SEGUROS PERU S.A.",,sbs_S-401_2024-08_2024200498D.xls
2024-08,P009,70,A,"Mediante Resolución SBS N° 4961-2016 (14/09/2016), se autorizó el cambio de denominación social de AVAL Perú Compañía de Seguros S.A. a AVLA Perú Compañía de Seguros S.A.","MEDIANTE RESOLUCION SBS N 4961-2016 (14/09/2016), SE AUTORIZO EL CAMBIO DE DENOMINACION SOCIAL DE AVAL PERU COMPANIA DE SEGUROS S.A. A AVLA PERU COMPANIA DE SEGUROS S.A.",,sbs_S-401_2024-08_2024200498D.xls
2024-08,P009,71,A,"Mediante Resolución SBS N° 2836-2017 (19/07/2017), se autorizó la fusión por absorción de El Pacífico Vida con El Pacífico Peruano Suiza. A partir del 01.08.2017 esta empresa se denomina Pacífico Compañía de Seguros y Reaseguros.","MEDIANTE RESOLUCION SBS N 2836-2017 (19/07/2017), SE AUTORIZO LA FUSION POR ABSORCION DE EL PACIFICO VIDA CON EL PACIFICO PERUANO SUIZA. A PARTIR DEL 01.08.2017 ESTA EMPRESA SE DENOMINA PACIFICO COMPANIA DE SEGUROS Y REASEGUROS.",,sbs_S-401_2024-08_2024200498D.xls
2024-08,P009,72,A,"Mediante Resolución SBS N° 1170-2018 (27/03/2018), se autorizó la fusión por absorción de Interseguro Compañía de Seguros con Seguros Sura.","MEDIANTE RESOLUCION SBS N 1170-2018 (27/03/2018), SE AUTORIZO LA FUSION POR ABSORCION DE INTERSEGURO COMPANIA DE SEGUROS CON SEGUROS SURA.",,sbs_S-401_2024-08_2024200498D.xls
2024-08,P009,73,A,"Mediante Resolución SBS N° 2296-2019 (22/05/2019), se autorizó el cambio de denominación social de HDI Seguros S.A. a Qualitas Compañía de Seguros S.A.","MEDIANTE RESOLUCION SBS N 2296-2019 (22/05/2019), SE AUTORIZO EL CAMBIO DE DENOMINACION SOCIAL DE HDI SEGUROS S.A. A QUALITAS COMPANIA DE SEGUROS S.A.",,sbs_S-401_2024-08_2024200498D.xls
2024-08,P009,74,A,"Mediante Resolución SBS Nº 1749-2020 (01/07/2020), se autorizó la liquidación voluntaria y posterior inicio del proceso liquidatorio de Rigel Perú S.A.","MEDIANTE RESOLUCION SBS NO 1749-2020 (01/07/2020), SE AUTORIZO LA LIQUIDACION VOLUNTARIA Y POSTERIOR INICIO DEL PROCESO LIQUIDATORIO DE RIGEL PERU S.A.",,sbs_S-401_2024-08_2024200498D.xls
2024-08,P009,75,A,"Mediante Resolución SBS Nº 3286-2020 (28/12/2020), se autorizó la liquidación voluntaria y posterior inicio del proceso liquidatorio de Coface Seguros.","MEDIANTE RESOLUCION SBS NO 3286-2020 (28/12/2020), SE AUTORIZO LA LIQUIDACION VOLUNTARIA Y POSTERIOR INICIO DEL PROCESO LIQUIDATORIO DE COFACE SEGUROS.",,sbs_S-401_2024-08_2024200498D.xls
2024-08,P009,76,A,"Mediante Resolución SBS N° 278-2021 (28/01/2021), se autorizó el cambio de denominación social de Compañía de Seguros de Vida Cámara S.A. a Vivir Seguros Compañía de Seguros de Vida S.A.","MEDIANTE RESOLUCION SBS N 278-2021 (28/01/2021), SE AUTORIZO EL CAMBIO DE DENOMINACION SOCIAL DE COMPANIA DE SEGUROS DE VIDA CAMARA S.A. A VIVIR SEGUROS COMPANIA DE SEGUROS DE VIDA S.A.",,sbs_S-401_2024-08_2024200498D.xls
2024-08,P009,77,A,"Mediante Resolución SBS N° 1724-2022 (25/05/2022), se autorizó la fusión por absorción de Mapfre Perú Vida con Mapfre Perú. A partir del 01.06.2022 esta empresa se denomina Mapfre Perú Compañía de Seguros y Reaseguros S.A.","MEDIANTE RESOLUCION SBS N 1724-2022 (25/05/2022), SE AUTORIZO LA FUSION POR ABSORCION DE MAPFRE PERU VIDA CON MAPFRE PERU. A PARTIR DEL 01.06.2022 ESTA EMPRESA SE DENOMINA MAPFRE PERU COMPANIA DE SEGUROS Y REASEGUROS S.A.",,sbs_S-401_2024-08_2024200498D.xls
2024-08,P009,82,A,* Actualizado al 05.12.2024,* ACTUALIZADO AL 05.12.2024,,sbs_S-401_2024-08_2024200498D.xls
2024-08,P010,67,A,"Mediante Resolución SBS N° 8551-2012 (15/11/2012), se autorizó el cambio de denominación social de InVita Seguros de Vida S.A. a Seguros Sura.","MEDIANTE RESOLUCION SBS N 8551-2012 (15/11/2012), SE AUTORIZO EL CAMBIO DE DENOMINACION SOCIAL DE INVITA SEGUROS DE VIDA S.A. A SEGUROS SURA.",,sbs_S-401_2024-08_2024200498D.xls
2024-08,P010,68,A,"Mediante Resolución SBS N° 2748-2015 (21/05/2015), se autorizó el cambio de denominación social de Aseguradora Magallanes Perú S.A. a HDI Seguros S.A.","MEDIANTE RESOLUCION SBS N 2748-2015 (21/05/2015), SE AUTORIZO EL CAMBIO DE DENOMINACION SOCIAL DE ASEGURADORA MAGALLANES PERU S.A. A HDI SEGUROS S.A.",,sbs_S-401_2024-08_2024200498D.xls
2024-08,P010,69,A,"Mediante Resolución SBS N° 1137-2016 (02/03/2016), se autorizó el cambio de denominación social de Ace Seguros S.A. a Chubb Seguros Perú S.A.","MEDIANTE RESOLUCION SBS N 1137-2016 (02/03/2016), SE AUTORIZO EL CAMBIO DE DENOMINACION SOCIAL DE ACE SEGUROS S.A. A CHUBB SEGUROS PERU S.A.",,sbs_S-401_2024-08_2024200498D.xls
2024-08,P010,70,A,"Mediante Resolución SBS N° 4961-2016 (14/09/2016), se autorizó el cambio de denominación social de AVAL Perú Compañía de Seguros S.A. a AVLA Perú Compañía de Seguros S.A.","MEDIANTE RESOLUCION SBS N 4961-2016 (14/09/2016), SE AUTORIZO EL CAMBIO DE DENOMINACION SOCIAL DE AVAL PERU COMPANIA DE SEGUROS S.A. A AVLA PERU COMPANIA DE SEGUROS S.A.",,sbs_S-401_2024-08_2024200498D.xls
2024-08,P010,71,A,"Mediante Resolución SBS N° 2836-2017 (19/07/2017), se autorizó la fusión por absorción de El Pacífico Vida con El Pacífico Peruano Suiza. A partir del 01.08.2017 esta empresa se denomina Pacífico Compañía de Seguros y Reaseguros.","MEDIANTE RESOLUCION SBS N 2836-2017 (19/07/2017), SE AUTORIZO LA FUSION POR ABSORCION DE EL PACIFICO VIDA CON EL PACIFICO PERUANO SUIZA. A PARTIR DEL 01.08.2017 ESTA EMPRESA SE DENOMINA PACIFICO COMPANIA DE SEGUROS Y REASEGUROS.",,sbs_S-401_2024-08_2024200498D.xls
2024-08,P010,72,A,"Mediante Resolución SBS N° 1170-2018 (27/03/2018), se autorizó la fusión por absorción de Interseguro Compañía de Seguros con Seguros Sura.","MEDIANTE RESOLUCION SBS N 1170-2018 (27/03/2018), SE AUTORIZO LA FUSION POR ABSORCION DE INTERSEGURO COMPANIA DE SEGUROS CON SEGUROS SURA.",,sbs_S-401_2024-08_2024200498D.xls
2024-08,P010,73,A,"Mediante Resolución SBS N° 2296-2019 (22/05/2019), se autorizó el cambio de denominación social de HDI Seguros S.A. a Qualitas Compañía de Seguros S.A.","MEDIANTE RESOLUCION SBS N 2296-2019 (22/05/2019), SE AUTORIZO EL CAMBIO DE DENOMINACION SOCIAL DE HDI SEGUROS S.A. A QUALITAS COMPANIA DE SEGUROS S.A.",,sbs_S-401_2024-08_2024200498D.xls
2024-08,P010,74,A,"Mediante Resolución SBS Nº 1749-2020 (01/07/2020), se autorizó la liquidación voluntaria y posterior inicio del proceso liquidatorio de Rigel Perú S.A.","MEDIANTE RESOLUCION SBS NO 1749-2020 (01/07/2020), SE AUTORIZO LA LIQUIDACION VOLUNTARIA Y POSTERIOR INICIO DEL PROCESO LIQUIDATORIO DE RIGEL PERU S.A.",,sbs_S-401_2024-08_2024200498D.xls
2024-08,P010,75,A,"Mediante Resolución SBS Nº 3286-2020 (28/12/2020), se autorizó la liquidación voluntaria y posterior inicio del proceso liquidatorio de Coface Seguros.","MEDIANTE RESOLUCION SBS NO 3286-2020 (28/12/2020), SE AUTORIZO LA LIQUIDACION VOLUNTARIA Y POSTERIOR INICIO DEL PROCESO LIQUIDATORIO DE COFACE SEGUROS.",,sbs_S-401_2024-08_2024200498D.xls
2024-08,P010,76,A,"Mediante Resolución SBS N° 278-2021 (28/01/2021), se autorizó el cambio de denominación social de Compañía de Seguros de Vida Cámara S.A. a Vivir Seguros Compañía de Seguros de Vida S.A.","MEDIANTE RESOLUCION SBS N 278-2021 (28/01/2021), SE AUTORIZO EL CAMBIO DE DENOMINACION SOCIAL DE COMPANIA DE SEGUROS DE VIDA CAMARA S.A. A VIVIR SEGUROS COMPANIA DE SEGUROS DE VIDA S.A.",,sbs_S-401_2024-08_2024200498D.xls
2024-08,P010,77,A,"Mediante Resolución SBS N° 1724-2022 (25/05/2022), se autorizó la fusión por absorción de Mapfre Perú Vida con Mapfre Perú. A partir del 01.06.2022 esta empresa se denomina Mapfre Perú Compañía de Seguros y Reaseguros S.A.","MEDIANTE RESOLUCION SBS N 1724-2022 (25/05/2022), SE AUTORIZO LA FUSION POR ABSORCION DE MAPFRE PERU VIDA CON MAPFRE PERU. A PARTIR DEL 01.06.2022 ESTA EMPRESA SE DENOMINA MAPFRE PERU COMPANIA DE SEGUROS Y REASEGUROS S.A.",,sbs_S-401_2024-08_2024200498D.xls
2024-08,P010,81,A,* Actualizado al 05.12.2024,* ACTUALIZADO AL 05.12.2024,,sbs_S-401_2024-08_2024200498D.xls
2024-09,P009,67,A,"Mediante Resolución SBS N° 8551-2012 (15/11/2012), se autorizó el cambio de denominación social de InVita Seguros de Vida S.A. a Seguros Sura.","MEDIANTE RESOLUCION SBS N 8551-2012 (15/11/2012), SE AUTORIZO EL CAMBIO DE DENOMINACION SOCIAL DE INVITA SEGUROS DE VIDA S.A. A SEGUROS SURA.",,sbs_S-401_2024-09_2024200498D.xls
2024-09,P009,68,A,"Mediante Resolución SBS N° 2748-2015 (21/05/2015), se autorizó el cambio de denominación social de Aseguradora Magallanes Perú S.A. a HDI Seguros S.A.","MEDIANTE RESOLUCION SBS N 2748-2015 (21/05/2015), SE AUTORIZO EL CAMBIO DE DENOMINACION SOCIAL DE ASEGURADORA MAGALLANES PERU S.A. A HDI SEGUROS S.A.",,sbs_S-401_2024-09_2024200498D.xls
2024-09,P009,69,A,"Mediante Resolución SBS N° 1137-2016 (02/03/2016), se autorizó el cambio de denominación social de Ace Seguros S.A. a Chubb Seguros Perú S.A.","MEDIANTE RESOLUCION SBS N 1137-2016 (02/03/2016), SE AUTORIZO EL CAMBIO DE DENOMINACION SOCIAL DE ACE SEGUROS S.A. A CHUBB SEGUROS PERU S.A.",,sbs_S-401_2024-09_2024200498D.xls
2024-09,P009,70,A,"Mediante Resolución SBS N° 4961-2016 (14/09/2016), se autorizó el cambio de denominación social de AVAL Perú Compañía de Seguros S.A. a AVLA Perú Compañía de Seguros S.A.","MEDIANTE RESOLUCION SBS N 4961-2016 (14/09/2016), SE AUTORIZO EL CAMBIO DE DENOMINACION SOCIAL DE AVAL PERU COMPANIA DE SEGUROS S.A. A AVLA PERU COMPANIA DE SEGUROS S.A.",,sbs_S-401_2024-09_2024200498D.xls
2024-09,P009,71,A,"Mediante Resolución SBS N° 2836-2017 (19/07/2017), se autorizó la fusión por absorción de El Pacífico Vida con El Pacífico Peruano Suiza. A partir del 01.08.2017 esta empresa se denomina Pacífico Compañía de Seguros y Reaseguros.","MEDIANTE RESOLUCION SBS N 2836-2017 (19/07/2017), SE AUTORIZO LA FUSION POR ABSORCION DE EL PACIFICO VIDA CON EL PACIFICO PERUANO SUIZA. A PARTIR DEL 01.08.2017 ESTA EMPRESA SE DENOMINA PACIFICO COMPANIA DE SEGUROS Y REASEGUROS.",,sbs_S-401_2024-09_2024200498D.xls
2024-09,P009,72,A,"Mediante Resolución SBS N° 1170-2018 (27/03/2018), se autorizó la fusión por absorción de Interseguro Compañía de Seguros con Seguros Sura.","MEDIANTE RESOLUCION SBS N 1170-2018 (27/03/2018), SE AUTORIZO LA FUSION POR ABSORCION DE INTERSEGURO COMPANIA DE SEGUROS CON SEGUROS SURA.",,sbs_S-401_2024-09_2024200498D.xls
2024-09,P009,73,A,"Mediante Resolución SBS N° 2296-2019 (22/05/2019), se autorizó el cambio de denominación social de HDI Seguros S.A. a Qualitas Compañía de Seguros S.A.","MEDIANTE RESOLUCION SBS N 2296-2019 (22/05/2019), SE AUTORIZO EL CAMBIO DE DENOMINACION SOCIAL DE HDI SEGUROS S.A. A QUALITAS COMPANIA DE SEGUROS S.A.",,sbs_S-401_2024-09_2024200498D.xls
2024-09,P009,74,A,"Mediante Resolución SBS Nº 1749-2020 (01/07/2020), se autorizó la liquidación voluntaria y posterior inicio del proceso liquidatorio de Rigel Perú S.A.","MEDIANTE RESOLUCION SBS NO 1749-2020 (01/07/2020), SE AUTORIZO LA LIQUIDACION VOLUNTARIA Y POSTERIOR INICIO DEL PROCESO LIQUIDATORIO DE RIGEL PERU S.A.",,sbs_S-401_2024-09_2024200498D.xls
2024-09,P009,75,A,"Mediante Resolución SBS Nº 3286-2020 (28/12/2020), se autorizó la liquidación voluntaria y posterior inicio del proceso liquidatorio de Coface Seguros.","MEDIANTE RESOLUCION SBS NO 3286-2020 (28/12/2020), SE AUTORIZO LA LIQUIDACION VOLUNTARIA Y POSTERIOR INICIO DEL PROCESO LIQUIDATORIO DE COFACE SEGUROS.",,sbs_S-401_2024-09_2024200498D.xls
2024-09,P009,76,A,"Mediante Resolución SBS N° 278-2021 (28/01/2021), se autorizó el cambio de denominación social de Compañía de Seguros de Vida Cámara S.A. a Vivir Seguros Compañía de Seguros de Vida S.A.","MEDIANTE RESOLUCION SBS N 278-2021 (28/01/2021), SE AUTORIZO EL CAMBIO DE DENOMINACION SOCIAL DE COMPANIA DE SEGUROS DE VIDA CAMARA S.A. A VIVIR SEGUROS COMPANIA DE SEGUROS DE VIDA S.A.",,sbs_S-401_2024-09_2024200498D.xls
2024-09,P009,77,A,"Mediante Resolución SBS N° 1724-2022 (25/05/2022), se autorizó la fusión por absorción de Mapfre Perú Vida con Mapfre Perú. A partir del 01.06.2022 esta empresa se denomina Mapfre Perú Compañía de Seguros y Reaseguros S.A.","MEDIANTE RESOLUCION SBS N 1724-2022 (25/05/2022), SE AUTORIZO LA FUSION POR ABSORCION DE MAPFRE PERU VIDA CON MAPFRE PERU. A PARTIR DEL 01.06.2022 ESTA EMPRESA SE DENOMINA MAPFRE PERU COMPANIA DE SEGUROS Y REASEGUROS S.A.",,sbs_S-401_2024-09_2024200498D.xls
2024-09,P010,67,A,"Mediante Resolución SBS N° 8551-2012 (15/11/2012), se autorizó el cambio de denominación social de InVita Seguros de Vida S.A. a Seguros Sura.","MEDIANTE RESOLUCION SBS N 8551-2012 (15/11/2012), SE AUTORIZO EL CAMBIO DE DENOMINACION SOCIAL DE INVITA SEGUROS DE VIDA S.A. A SEGUROS SURA.",,sbs_S-401_2024-09_2024200498D.xls
2024-09,P010,68,A,"Mediante Resolución SBS N° 2748-2015 (21/05/2015), se autorizó el cambio de denominación social de Aseguradora Magallanes Perú S.A. a HDI Seguros S.A.","MEDIANTE RESOLUCION SBS N 2748-2015 (21/05/2015), SE AUTORIZO EL CAMBIO DE DENOMINACION SOCIAL DE ASEGURADORA MAGALLANES PERU S.A. A HDI SEGUROS S.A.",,sbs_S-401_2024-09_2024200498D.xls
2024-09,P010,69,A,"Mediante Resolución SBS N° 1137-2016 (02/03/2016), se autorizó el cambio de denominación social de Ace Seguros S.A. a Chubb Seguros Perú S.A.","MEDIANTE RESOLUCION SBS N 1137-2016 (02/03/2016), SE AUTORIZO EL CAMBIO DE DENOMINACION SOCIAL DE ACE SEGUROS S.A. A CHUBB SEGUROS PERU S.A.",,sbs_S-401_2024-09_2024200498D.xls
2024-09,P010,70,A,"Mediante Resolución SBS N° 4961-2016 (14/09/2016), se autorizó el cambio de denominación social de AVAL Perú Compañía de Seguros S.A. a AVLA Perú Compañía de Seguros S.A.","MEDIANTE RESOLUCION SBS N 4961-2016 (14/09/2016), SE AUTORIZO EL CAMBIO DE DENOMINACION SOCIAL DE AVAL PERU COMPANIA DE SEGUROS S.A. A AVLA PERU COMPANIA DE SEGUROS S.A.",,sbs_S-401_2024-09_2024200498D.xls
2024-09,P010,71,A,"Mediante Resolución SBS N° 2836-2017 (19/07/2017), se autorizó la fusión por absorción de El Pacífico Vida con El Pacífico Peruano Suiza. A partir del 01.08.2017 esta empresa se denomina Pacífico Compañía de Seguros y Reaseguros.","MEDIANTE RESOLUCION SBS N 2836-2017 (19/07/2017), SE AUTORIZO LA FUSION POR ABSORCION DE EL PACIFICO VIDA CON EL PACIFICO PERUANO SUIZA. A PARTIR DEL 01.08.2017 ESTA EMPRESA SE DENOMINA PACIFICO COMPANIA DE SEGUROS Y REASEGUROS.",,sbs_S-401_2024-09_2024200498D.xls
2024-09,P010,72,A,"Mediante Resolución SBS N° 1170-2018 (27/03/2018), se autorizó la fusión por absorción de Interseguro Compañía de Seguros con Seguros Sura.","MEDIANTE RESOLUCION SBS N 1170-2018 (27/03/2018), SE AUTORIZO LA FUSION POR ABSORCION DE INTERSEGURO COMPANIA DE SEGUROS CON SEGUROS SURA.",,sbs_S-401_2024-09_2024200498D.xls
2024-09,P010,73,A,"Mediante Resolución SBS N° 2296-2019 (22/05/2019), se autorizó el cambio de denominación social de HDI Seguros S.A. a Qualitas Compañía de Seguros S.A.","MEDIANTE RESOLUCION SBS N 2296-2019 (22/05/2019), SE AUTORIZO EL CAMBIO DE DENOMINACION SOCIAL DE HDI SEGUROS S.A. A QUALITAS COMPANIA DE SEGUROS S.A.",,sbs_S-401_2024-09_2024200498D.xls
2024-09,P010,74,A,"Mediante Resolución SBS Nº 1749-2020 (01/07/2020), se autorizó la liquidación voluntaria y posterior inicio del proceso liquidatorio de Rigel Perú S.A.","MEDIANTE RESOLUCION SBS NO 1749-2020 (01/07/2020), SE AUTORIZO LA LIQUIDACION VOLUNTARIA Y POSTERIOR INICIO DEL PROCESO LIQUIDATORIO DE RIGEL PERU S.A.",,sbs_S-401_2024-09_2024200498D.xls
2024-09,P010,75,A,"Mediante Resolución SBS Nº 3286-2020 (28/12/2020), se autorizó la liquidación voluntaria y posterior inicio del proceso liquidatorio de Coface Seguros.","MEDIANTE RESOLUCION SBS NO 3286-2020 (28/12/2020), SE AUTORIZO LA LIQUIDACION VOLUNTARIA Y POSTERIOR INICIO DEL PROCESO LIQUIDATORIO DE COFACE SEGUROS.",,sbs_S-401_2024-09_2024200498D.xls
2024-09,P010,76,A,"Mediante Resolución SBS N° 278-2021 (28/01/2021), se autorizó el cambio de denominación social de Compañía de Seguros de Vida Cámara S.A. a Vivir Seguros Compañía de Seguros de Vida S.A.","MEDIANTE RESOLUCION SBS N 278-2021 (28/01/2021), SE AUTORIZO EL CAMBIO DE DENOMINACION SOCIAL DE COMPANIA DE SEGUROS DE VIDA CAMARA S.A. A VIVIR SEGUROS COMPANIA DE SEGUROS DE VIDA S.A.",,sbs_S-401_2024-09_2024200498D.xls
2024-09,P010,77,A,"Mediante Resolución SBS N° 1724-2022 (25/05/2022), se autorizó la fusión por absorción de Mapfre Perú Vida con Mapfre Perú. A partir del 01.06.2022 esta empresa se denomina Mapfre Perú Compañía de Seguros y Reaseguros S.A.","MEDIANTE RESOLUCION SBS N 1724-2022 (25/05/2022), SE AUTORIZO LA FUSION POR ABSORCION DE MAPFRE PERU VIDA CON MAPFRE PERU. A PARTIR DEL 01.06.2022 ESTA EMPRESA SE DENOMINA MAPFRE PERU COMPANIA DE SEGUROS Y REASEGUROS S.A.",,sbs_S-401_2024-09_2024200498D.xls
2024-10,P009,67,A,"Mediante Resolución SBS N° 8551-2012 (15/11/2012), se autorizó el cambio de denominación social de InVita Seguros de Vida S.A. a Seguros Sura.","MEDIANTE RESOLUCION SBS N 8551-2012 (15/11/2012), SE AUTORIZO EL CAMBIO DE DENOMINACION SOCIAL DE INVITA SEGUROS DE VIDA S.A. A SEGUROS SURA.",,sbs_S-401_2024-10_2024200498D.xls
2024-10,P009,68,A,"Mediante Resolución SBS N° 2748-2015 (21/05/2015), se autorizó el cambio de denominación social de Aseguradora Magallanes Perú S.A. a HDI Seguros S.A.","MEDIANTE RESOLUCION SBS N 2748-2015 (21/05/2015), SE AUTORIZO EL CAMBIO DE DENOMINACION SOCIAL DE ASEGURADORA MAGALLANES PERU S.A. A HDI SEGUROS S.A.",,sbs_S-401_2024-10_2024200498D.xls
2024-10,P009,69,A,"Mediante Resolución SBS N° 1137-2016 (02/03/2016), se autorizó el cambio de denominación social de Ace Seguros S.A. a Chubb Seguros Perú S.A.","MEDIANTE RESOLUCION SBS N 1137-2016 (02/03/2016), SE AUTORIZO EL CAMBIO DE DENOMINACION SOCIAL DE ACE SEGUROS S.A. A CHUBB SEGUROS PERU S.A.",,sbs_S-401_2024-10_2024200498D.xls
2024-10,P009,70,A,"Mediante Resolución SBS N° 4961-2016 (14/09/2016), se autorizó el cambio de denominación social de AVAL Perú Compañía de Seguros S.A. a AVLA Perú Compañía de Seguros S.A.","MEDIANTE RESOLUCION SBS N 4961-2016 (14/09/2016), SE AUTORIZO EL CAMBIO DE DENOMINACION SOCIAL DE AVAL PERU COMPANIA DE SEGUROS S.A. A AVLA PERU COMPANIA DE SEGUROS S.A.",,sbs_S-401_2024-10_2024200498D.xls
2024-10,P009,71,A,"Mediante Resolución SBS N° 2836-2017 (19/07/2017), se autorizó la fusión por absorción de El Pacífico Vida con El Pacífico Peruano Suiza. A partir del 01.08.2017 esta empresa se denomina Pacífico Compañía de Seguros y Reaseguros.","MEDIANTE RESOLUCION SBS N 2836-2017 (19/07/2017), SE AUTORIZO LA FUSION POR ABSORCION DE EL PACIFICO VIDA CON EL PACIFICO PERUANO SUIZA. A PARTIR DEL 01.08.2017 ESTA EMPRESA SE DENOMINA PACIFICO COMPANIA DE SEGUROS Y REASEGUROS.",,sbs_S-401_2024-10_2024200498D.xls
2024-10,P009,72,A,"Mediante Resolución SBS N° 1170-2018 (27/03/2018), se autorizó la fusión por absorción de Interseguro Compañía de Seguros con Seguros Sura.","MEDIANTE RESOLUCION SBS N 1170-2018 (27/03/2018), SE AUTORIZO LA FUSION POR ABSORCION DE INTERSEGURO COMPANIA DE SEGUROS CON SEGUROS SURA.",,sbs_S-401_2024-10_2024200498D.xls
2024-10,P009,73,A,"Mediante Resolución SBS N° 2296-2019 (22/05/2019), se autorizó el cambio de denominación social de HDI Seguros S.A. a Qualitas Compañía de Seguros S.A.","MEDIANTE RESOLUCION SBS N 2296-2019 (22/05/2019), SE AUTORIZO EL CAMBIO DE DENOMINACION SOCIAL DE HDI SEGUROS S.A. A QUALITAS COMPANIA DE SEGUROS S.A.",,sbs_S-401_2024-10_2024200498D.xls
2024-10,P009,74,A,"Mediante Resolución SBS Nº 1749-2020 (01/07/2020), se autorizó la liquidación voluntaria y posterior inicio del proceso liquidatorio de Rigel Perú S.A.","MEDIANTE RESOLUCION SBS NO 1749-2020 (01/07/2020), SE AUTORIZO LA LIQUIDACION VOLUNTARIA Y POSTERIOR INICIO DEL PROCESO LIQUIDATORIO DE RIGEL PERU S.A.",,sbs_S-401_2024-10_2024200498D.xls
2024-10,P009,75,A,"Mediante Resolución SBS Nº 3286-2020 (28/12/2020), se autorizó la liquidación voluntaria y posterior inicio del proceso liquidatorio de Coface Seguros.","MEDIANTE RESOLUCION SBS NO 3286-2020 (28/12/2020), SE AUTORIZO LA LIQUIDACION VOLUNTARIA Y POSTERIOR INICIO DEL PROCESO LIQUIDATORIO DE COFACE SEGUROS.",,sbs_S-401_2024-10_2024200498D.xls
2024-10,P009,76,A,"Mediante Resolución SBS N° 278-2021 (28/01/2021), se autorizó el cambio de denominación social de Compañía de Seguros de Vida Cámara S.A. a Vivir Seguros Compañía de Seguros de Vida S.A.","MEDIANTE RESOLUCION SBS N 278-2021 (28/01/2021), SE AUTORIZO EL CAMBIO DE DENOMINACION SOCIAL DE COMPANIA DE SEGUROS DE VIDA CAMARA S.A. A VIVIR SEGUROS COMPANIA DE SEGUROS DE VIDA S.A.",,sbs_S-401_2024-10_2024200498D.xls
2024-10,P009,77,A,"Mediante Resolución SBS N° 1724-2022 (25/05/2022), se autorizó la fusión por absorción de Mapfre Perú Vida con Mapfre Perú. A partir del 01.06.2022 esta empresa se denomina Mapfre Perú Compañía de Seguros y Reaseguros S.A.","MEDIANTE RESOLUCION SBS N 1724-2022 (25/05/2022), SE AUTORIZO LA FUSION POR ABSORCION DE MAPFRE PERU VIDA CON MAPFRE PERU. A PARTIR DEL 01.06.2022 ESTA EMPRESA SE DENOMINA MAPFRE PERU COMPANIA DE SEGUROS Y REASEGUROS S.A.",,sbs_S-401_2024-10_2024200498D.xls
2024-10,P010,67,A,"Mediante Resolución SBS N° 8551-2012 (15/11/2012), se autorizó el cambio de denominación social de InVita Seguros de Vida S.A. a Seguros Sura.","MEDIANTE RESOLUCION SBS N 8551-2012 (15/11/2012), SE AUTORIZO EL CAMBIO DE DENOMINACION SOCIAL DE INVITA SEGUROS DE VIDA S.A. A SEGUROS SURA.",,sbs_S-401_2024-10_2024200498D.xls
2024-10,P010,68,A,"Mediante Resolución SBS N° 2748-2015 (21/05/2015), se autorizó el cambio de denominación social de Aseguradora Magallanes Perú S.A. a HDI Seguros S.A.","MEDIANTE RESOLUCION SBS N 2748-2015 (21/05/2015), SE AUTORIZO EL CAMBIO DE DENOMINACION SOCIAL DE ASEGURADORA MAGALLANES PERU S.A. A HDI SEGUROS S.A.",,sbs_S-401_2024-10_2024200498D.xls
2024-10,P010,69,A,"Mediante Resolución SBS N° 1137-2016 (02/03/2016), se autorizó el cambio de denominación social de Ace Seguros S.A. a Chubb Seguros Perú S.A.","MEDIANTE RESOLUCION SBS N 1137-2016 (02/03/2016), SE AUTORIZO EL CAMBIO DE DENOMINACION SOCIAL DE ACE SEGUROS S.A. A CHUBB SEGUROS PERU S.A.",,sbs_S-401_2024-10_2024200498D.xls
2024-10,P010,70,A,"Mediante Resolución SBS N° 4961-2016 (14/09/2016), se autorizó el cambio de denominación social de AVAL Perú Compañía de Seguros S.A. a AVLA Perú Compañía de Seguros S.A.","MEDIANTE RESOLUCION SBS N 4961-2016 (14/09/2016), SE AUTORIZO EL CAMBIO DE DENOMINACION SOCIAL DE AVAL PERU COMPANIA DE SEGUROS S.A. A AVLA PERU COMPANIA DE SEGUROS S.A.",,sbs_S-401_2024-10_2024200498D.xls
2024-10,P010,71,A,"Mediante Resolución SBS N° 2836-2017 (19/07/2017), se autorizó la fusión por absorción de El Pacífico Vida con El Pacífico Peruano Suiza. A partir del 01.08.2017 esta empresa se denomina Pacífico Compañía de Seguros y Reaseguros.","MEDIANTE RESOLUCION SBS N 2836-2017 (19/07/2017), SE AUTORIZO LA FUSION POR ABSORCION DE EL PACIFICO VIDA CON EL PACIFICO PERUANO SUIZA. A PARTIR DEL 01.08.2017 ESTA EMPRESA SE DENOMINA PACIFICO COMPANIA DE SEGUROS Y REASEGUROS.",,sbs_S-401_2024-10_2024200498D.xls
2024-10,P010,72,A,"Mediante Resolución SBS N° 1170-2018 (27/03/2018), se autorizó la fusión por absorción de Interseguro Compañía de Seguros con Seguros Sura.","MEDIANTE RESOLUCION SBS N 1170-2018 (27/03/2018), SE AUTORIZO LA FUSION POR ABSORCION DE INTERSEGURO COMPANIA DE SEGUROS CON SEGUROS SURA.",,sbs_S-401_2024-10_2024200498D.xls
2024-10,P010,73,A,"Mediante Resolución SBS N° 2296-2019 (22/05/2019), se autorizó el cambio de denominación social de HDI Seguros S.A. a Qualitas Compañía de Seguros S.A.","MEDIANTE RESOLUCION SBS N 2296-2019 (22/05/2019), SE AUTORIZO EL CAMBIO DE DENOMINACION SOCIAL DE HDI SEGUROS S.A. A QUALITAS COMPANIA DE SEGUROS S.A.",,sbs_S-401_2024-10_2024200498D.xls
2024-10,P010,74,A,"Mediante Resolución SBS Nº 1749-2020 (01/07/2020), se autorizó la liquidación voluntaria y posterior inicio del proceso liquidatorio de Rigel Perú S.A.","MEDIANTE RESOLUCION SBS NO 1749-2020 (01/07/2020), SE AUTORIZO LA LIQUIDACION VOLUNTARIA Y POSTERIOR INICIO DEL PROCESO LIQUIDATORIO DE RIGEL PERU S.A.",,sbs_S-401_2024-10_2024200498D.xls
2024-10,P010,75,A,"Mediante Resolución SBS Nº 3286-2020 (28/12/2020), se autorizó la liquidación voluntaria y posterior inicio del proceso liquidatorio de Coface Seguros.","MEDIANTE RESOLUCION SBS NO 3286-2020 (28/12/2020), SE AUTORIZO LA LIQUIDACION VOLUNTARIA Y POSTERIOR INICIO DEL PROCESO LIQUIDATORIO DE COFACE SEGUROS.",,sbs_S-401_2024-10_2024200498D.xls
2024-10,P010,76,A,"Mediante Resolución SBS N° 278-2021 (28/01/2021), se autorizó el cambio de denominación social de Compañía de Seguros de Vida Cámara S.A. a Vivir Seguros Compañía de Seguros de Vida S.A.","MEDIANTE RESOLUCION SBS N 278-2021 (28/01/2021), SE AUTORIZO EL CAMBIO DE DENOMINACION SOCIAL DE COMPANIA DE SEGUROS DE VIDA CAMARA S.A. A VIVIR SEGUROS COMPANIA DE SEGUROS DE VIDA S.A.",,sbs_S-401_2024-10_2024200498D.xls
2024-10,P010,77,A,"Mediante Resolución SBS N° 1724-2022 (25/05/2022), se autorizó la fusión por absorción de Mapfre Perú Vida con Mapfre Perú. A partir del 01.06.2022 esta empresa se denomina Mapfre Perú Compañía de Seguros y Reaseguros S.A.","MEDIANTE RESOLUCION SBS N 1724-2022 (25/05/2022), SE AUTORIZO LA FUSION POR ABSORCION DE MAPFRE PERU VIDA CON MAPFRE PERU. A PARTIR DEL 01.06.2022 ESTA EMPRESA SE DENOMINA MAPFRE PERU COMPANIA DE SEGUROS Y REASEGUROS S.A.",,sbs_S-401_2024-10_2024200498D.xls
2024-11,P009,67,A,"Mediante Resolución SBS N° 8551-2012 (15/11/2012), se autorizó el cambio de denominación social de InVita Seguros de Vida S.A. a Seguros Sura.","MEDIANTE RESOLUCION SBS N 8551-2012 (15/11/2012), SE AUTORIZO EL CAMBIO DE DENOMINACION SOCIAL DE INVITA SEGUROS DE VIDA S.A. A SEGUROS SURA.",,sbs_S-401_2024-11_2024200498D.xls
2024-11,P009,68,A,"Mediante Resolución SBS N° 2748-2015 (21/05/2015), se autorizó el cambio de denominación social de Aseguradora Magallanes Perú S.A. a HDI Seguros S.A.","MEDIANTE RESOLUCION SBS N 2748-2015 (21/05/2015), SE AUTORIZO EL CAMBIO DE DENOMINACION SOCIAL DE ASEGURADORA MAGALLANES PERU S.A. A HDI SEGUROS S.A.",,sbs_S-401_2024-11_2024200498D.xls
2024-11,P009,69,A,"Mediante Resolución SBS N° 1137-2016 (02/03/2016), se autorizó el cambio de denominación social de Ace Seguros S.A. a Chubb Seguros Perú S.A.","MEDIANTE RESOLUCION SBS N 1137-2016 (02/03/2016), SE AUTORIZO EL CAMBIO DE DENOMINACION SOCIAL DE ACE SEGUROS S.A. A CHUBB SEGUROS PERU S.A.",,sbs_S-401_2024-11_2024200498D.xls
2024-11,P009,70,A,"Mediante Resolución SBS N° 4961-2016 (14/09/2016), se autorizó el cambio de denominación social de AVAL Perú Compañía de Seguros S.A. a AVLA Perú Compañía de Seguros S.A.","MEDIANTE RESOLUCION SBS N 4961-2016 (14/09/2016), SE AUTORIZO EL CAMBIO DE DENOMINACION SOCIAL DE AVAL PERU COMPANIA DE SEGUROS S.A. A AVLA PERU COMPANIA DE SEGUROS S.A.",,sbs_S-401_2024-11_2024200498D.xls
2024-11,P009,71,A,"Mediante Resolución SBS N° 2836-2017 (19/07/2017), se autorizó la fusión por absorción de El Pacífico Vida con El Pacífico Peruano Suiza. A partir del 01.08.2017 esta empresa se denomina Pacífico Compañía de Seguros y Reaseguros.","MEDIANTE RESOLUCION SBS N 2836-2017 (19/07/2017), SE AUTORIZO LA FUSION POR ABSORCION DE EL PACIFICO VIDA CON EL PACIFICO PERUANO SUIZA. A PARTIR DEL 01.08.2017 ESTA EMPRESA SE DENOMINA PACIFICO COMPANIA DE SEGUROS Y REASEGUROS.",,sbs_S-401_2024-11_2024200498D.xls
2024-11,P009,72,A,"Mediante Resolución SBS N° 1170-2018 (27/03/2018), se autorizó la fusión por absorción de Interseguro Compañía de Seguros con Seguros Sura.","MEDIANTE RESOLUCION SBS N 1170-2018 (27/03/2018), SE AUTORIZO LA FUSION POR ABSORCION DE INTERSEGURO COMPANIA DE SEGUROS CON SEGUROS SURA.",,sbs_S-401_2024-11_2024200498D.xls
2024-11,P009,73,A,"Mediante Resolución SBS N° 2296-2019 (22/05/2019), se autorizó el cambio de denominación social de HDI Seguros S.A. a Qualitas Compañía de Seguros S.A.","MEDIANTE RESOLUCION SBS N 2296-2019 (22/05/2019), SE AUTORIZO EL CAMBIO DE DENOMINACION SOCIAL DE HDI SEGUROS S.A. A QUALITAS COMPANIA DE SEGUROS S.A.",,sbs_S-401_2024-11_2024200498D.xls
2024-11,P009,74,A,"Mediante Resolución SBS Nº 1749-2020 (01/07/2020), se autorizó la liquidación voluntaria y posterior inicio del proceso liquidatorio de Rigel Perú S.A.","MEDIANTE RESOLUCION SBS NO 1749-2020 (01/07/2020), SE AUTORIZO LA LIQUIDACION VOLUNTARIA Y POSTERIOR INICIO DEL PROCESO LIQUIDATORIO DE RIGEL PERU S.A.",,sbs_S-401_2024-11_2024200498D.xls
2024-11,P009,75,A,"Mediante Resolución SBS Nº 3286-2020 (28/12/2020), se autorizó la liquidación voluntaria y posterior inicio del proceso liquidatorio de Coface Seguros.","MEDIANTE RESOLUCION SBS NO 3286-2020 (28/12/2020), SE AUTORIZO LA LIQUIDACION VOLUNTARIA Y POSTERIOR INICIO DEL PROCESO LIQUIDATORIO DE COFACE SEGUROS.",,sbs_S-401_2024-11_2024200498D.xls
2024-11,P009,76,A,"Mediante Resolución SBS N° 278-2021 (28/01/2021), se autorizó el cambio de denominación social de Compañía de Seguros de Vida Cámara S.A. a Vivir Seguros Compañía de Seguros de Vida S.A.","MEDIANTE RESOLUCION SBS N 278-2021 (28/01/2021), SE AUTORIZO EL CAMBIO DE DENOMINACION SOCIAL DE COMPANIA DE SEGUROS DE VIDA CAMARA S.A. A VIVIR SEGUROS COMPANIA DE SEGUROS DE VIDA S.A.",,sbs_S-401_2024-11_2024200498D.xls
2024-11,P009,77,A,"Mediante Resolución SBS N° 1724-2022 (25/05/2022), se autorizó la fusión por absorción de Mapfre Perú Vida con Mapfre Perú. A partir del 01.06.2022 esta empresa se denomina Mapfre Perú Compañía de Seguros y Reaseguros S.A.","MEDIANTE RESOLUCION SBS N 1724-2022 (25/05/2022), SE AUTORIZO LA FUSION POR ABSORCION DE MAPFRE PERU VIDA CON MAPFRE PERU. A PARTIR DEL 01.06.2022 ESTA EMPRESA SE DENOMINA MAPFRE PERU COMPANIA DE SEGUROS Y REASEGUROS S.A.",,sbs_S-401_2024-11_2024200498D.xls
2024-11,P010,67,A,"Mediante Resolución SBS N° 8551-2012 (15/11/2012), se autorizó el cambio de denominación social de InVita Seguros de Vida S.A. a Seguros Sura.","MEDIANTE RESOLUCION SBS N 8551-2012 (15/11/2012), SE AUTORIZO EL CAMBIO DE DENOMINACION SOCIAL DE INVITA SEGUROS DE VIDA S.A. A SEGUROS SURA.",,sbs_S-401_2024-11_2024200498D.xls
2024-11,P010,68,A,"Mediante Resolución SBS N° 2748-2015 (21/05/2015), se autorizó el cambio de denominación social de Aseguradora Magallanes Perú S.A. a HDI Seguros S.A.","MEDIANTE RESOLUCION SBS N 2748-2015 (21/05/2015), SE AUTORIZO EL CAMBIO DE DENOMINACION SOCIAL DE ASEGURADORA MAGALLANES PERU S.A. A HDI SEGUROS S.A.",,sbs_S-401_2024-11_2024200498D.xls
2024-11,P010,69,A,"Mediante Resolución SBS N° 1137-2016 (02/03/2016), se autorizó el cambio de denominación social de Ace Seguros S.A. a Chubb Seguros Perú S.A.","MEDIANTE RESOLUCION SBS N 1137-2016 (02/03/2016), SE AUTORIZO EL CAMBIO DE DENOMINACION SOCIAL DE ACE SEGUROS S.A. A CHUBB SEGUROS PERU S.A.",,sbs_S-401_2024-11_2024200498D.xls
2024-11,P010,70,A,"Mediante Resolución SBS N° 4961-2016 (14/09/2016), se autorizó el cambio de denominación social de AVAL Perú Compañía de Seguros S.A. a AVLA Perú Compañía de Seguros S.A.","MEDIANTE RESOLUCION SBS N 4961-2016 (14/09/2016), SE AUTORIZO EL CAMBIO DE DENOMINACION SOCIAL DE AVAL PERU COMPANIA DE SEGUROS S.A. A AVLA PERU COMPANIA DE SEGUROS S.A.",,sbs_S-401_2024-11_2024200498D.xls
2024-11,P010,71,A,"Mediante Resolución SBS N° 2836-2017 (19/07/2017), se autorizó la fusión por absorción de El Pacífico Vida con El Pacífico Peruano Suiza. A partir del 01.08.2017 esta empresa se denomina Pacífico Compañía de Seguros y Reaseguros.","MEDIANTE RESOLUCION SBS N 2836-2017 (19/07/2017), SE AUTORIZO LA FUSION POR ABSORCION DE EL PACIFICO VIDA CON EL PACIFICO PERUANO SUIZA. A PARTIR DEL 01.08.2017 ESTA EMPRESA SE DENOMINA PACIFICO COMPANIA DE SEGUROS Y REASEGUROS.",,sbs_S-401_2024-11_2024200498D.xls
2024-11,P010,72,A,"Mediante Resolución SBS N° 1170-2018 (27/03/2018), se autorizó la fusión por absorción de Interseguro Compañía de Seguros con Seguros Sura.","MEDIANTE RESOLUCION SBS N 1170-2018 (27/03/2018), SE AUTORIZO LA FUSION POR ABSORCION DE INTERSEGURO COMPANIA DE SEGUROS CON SEGUROS SURA.",,sbs_S-401_2024-11_2024200498D.xls
2024-11,P010,73,A,"Mediante Resolución SBS N° 2296-2019 (22/05/2019), se autorizó el cambio de denominación social de HDI Seguros S.A. a Qualitas Compañía de Seguros S.A.","MEDIANTE RESOLUCION SBS N 2296-2019 (22/05/2019), SE AUTORIZO EL CAMBIO DE DENOMINACION SOCIAL DE HDI SEGUROS S.A. A QUALITAS COMPANIA DE SEGUROS S.A.",,sbs_S-401_2024-11_2024200498D.xls
2024-11,P010,74,A,"Mediante Resolución SBS Nº 1749-2020 (01/07/2020), se autorizó la liquidación voluntaria y posterior inicio del proceso liquidatorio de Rigel Perú S.A.","MEDIANTE RESOLUCION SBS NO 1749-2020 (01/07/2020), SE AUTORIZO LA LIQUIDACION VOLUNTARIA Y POSTERIOR INICIO DEL PROCESO LIQUIDATORIO DE RIGEL PERU S.A.",,sbs_S-401_2024-11_2024200498D.xls
2024-11,P010,75,A,"Mediante Resolución SBS Nº 3286-2020 (28/12/2020), se autorizó la liquidación voluntaria y posterior inicio del proceso liquidatorio de Coface Seguros.","MEDIANTE RESOLUCION SBS NO 3286-2020 (28/12/2020), SE AUTORIZO LA LIQUIDACION VOLUNTARIA Y POSTERIOR INICIO DEL PROCESO LIQUIDATORIO DE COFACE SEGUROS.",,sbs_S-401_2024-11_2024200498D.xls
2024-11,P010,76,A,"Mediante Resolución SBS N° 278-2021 (28/01/2021), se autorizó el cambio de denominación social de Compañía de Seguros de Vida Cámara S.A. a Vivir Seguros Compañía de Seguros de Vida S.A.","MEDIANTE RESOLUCION SBS N 278-2021 (28/01/2021), SE AUTORIZO EL CAMBIO DE DENOMINACION SOCIAL DE COMPANIA DE SEGUROS DE VIDA CAMARA S.A. A VIVIR SEGUROS COMPANIA DE SEGUROS DE VIDA S.A.",,sbs_S-401_2024-11_2024200498D.xls
2024-11,P010,77,A,"Mediante Resolución SBS N° 1724-2022 (25/05/2022), se autorizó la fusión por absorción de Mapfre Perú Vida con Mapfre Perú. A partir del 01.06.2022 esta empresa se denomina Mapfre Perú Compañía de Seguros y Reaseguros S.A.","MEDIANTE RESOLUCION SBS N 1724-2022 (25/05/2022), SE AUTORIZO LA FUSION POR ABSORCION DE MAPFRE PERU VIDA CON MAPFRE PERU. A PARTIR DEL 01.06.2022 ESTA EMPRESA SE DENOMINA MAPFRE PERU COMPANIA DE SEGUROS Y REASEGUROS S.A.",,sbs_S-401_2024-11_2024200498D.xls
2024-12,P009,67,A,"Mediante Resolución SBS N° 8551-2012 (15/11/2012), se autorizó el cambio de denominación social de InVita Seguros de Vida S.A. a Seguros Sura.","MEDIANTE RESOLUCION SBS N 8551-2012 (15/11/2012), SE AUTORIZO EL CAMBIO DE DENOMINACION SOCIAL DE INVITA SEGUROS DE VIDA S.A. A SEGUROS SURA.",,sbs_S-401_2024-12_2024200498D.xls
2024-12,P009,68,A,"Mediante Resolución SBS N° 2748-2015 (21/05/2015), se autorizó el cambio de denominación social de Aseguradora Magallanes Perú S.A. a HDI Seguros S.A.","MEDIANTE RESOLUCION SBS N 2748-2015 (21/05/2015), SE AUTORIZO EL CAMBIO DE DENOMINACION SOCIAL DE ASEGURADORA MAGALLANES PERU S.A. A HDI SEGUROS S.A.",,sbs_S-401_2024-12_2024200498D.xls
2024-12,P009,69,A,"Mediante Resolución SBS N° 1137-2016 (02/03/2016), se autorizó el cambio de denominación social de Ace Seguros S.A. a Chubb Seguros Perú S.A.","MEDIANTE RESOLUCION SBS N 1137-2016 (02/03/2016), SE AUTORIZO EL CAMBIO DE DENOMINACION SOCIAL DE ACE SEGUROS S.A. A CHUBB SEGUROS PERU S.A.",,sbs_S-401_2024-12_2024200498D.xls
2024-12,P009,70,A,"Mediante Resolución SBS N° 4961-2016 (14/09/2016), se autorizó el cambio de denominación social de AVAL Perú Compañía de Seguros S.A. a AVLA Perú Compañía de Seguros S.A.","MEDIANTE RESOLUCION SBS N 4961-2016 (14/09/2016), SE AUTORIZO EL CAMBIO DE DENOMINACION SOCIAL DE AVAL PERU COMPANIA DE SEGUROS S.A. A AVLA PERU COMPANIA DE SEGUROS S.A.",,sbs_S-401_2024-12_2024200498D.xls
2024-12,P009,71,A,"Mediante Resolución SBS N° 2836-2017 (19/07/2017), se autorizó la fusión por absorción de El Pacífico Vida con El Pacífico Peruano Suiza. A partir del 01.08.2017 esta empresa se denomina Pacífico Compañía de Seguros y Reaseguros.","MEDIANTE RESOLUCION SBS N 2836-2017 (19/07/2017), SE AUTORIZO LA FUSION POR ABSORCION DE EL PACIFICO VIDA CON EL PACIFICO PERUANO SUIZA. A PARTIR DEL 01.08.2017 ESTA EMPRESA SE DENOMINA PACIFICO COMPANIA DE SEGUROS Y REASEGUROS.",,sbs_S-401_2024-12_2024200498D.xls
2024-12,P009,72,A,"Mediante Resolución SBS N° 1170-2018 (27/03/2018), se autorizó la fusión por absorción de Interseguro Compañía de Seguros con Seguros Sura.","MEDIANTE RESOLUCION SBS N 1170-2018 (27/03/2018), SE AUTORIZO LA FUSION POR ABSORCION DE INTERSEGURO COMPANIA DE SEGUROS CON SEGUROS SURA.",,sbs_S-401_2024-12_2024200498D.xls
2024-12,P009,73,A,"Mediante Resolución SBS N° 2296-2019 (22/05/2019), se autorizó el cambio de denominación social de HDI Seguros S.A. a Qualitas Compañía de Seguros S.A.","MEDIANTE RESOLUCION SBS N 2296-2019 (22/05/2019), SE AUTORIZO EL CAMBIO DE DENOMINACION SOCIAL DE HDI SEGUROS S.A. A QUALITAS COMPANIA DE SEGUROS S.A.",,sbs_S-401_2024-12_2024200498D.xls
2024-12,P009,74,A,"Mediante Resolución SBS Nº 1749-2020 (01/07/2020), se autorizó la liquidación voluntaria y posterior inicio del proceso liquidatorio de Rigel Perú S.A.","MEDIANTE RESOLUCION SBS NO 1749-2020 (01/07/2020), SE AUTORIZO LA LIQUIDACION VOLUNTARIA Y POSTERIOR INICIO DEL PROCESO LIQUIDATORIO DE RIGEL PERU S.A.",,sbs_S-401_2024-12_2024200498D.xls
2024-12,P009,75,A,"Mediante Resolución SBS Nº 3286-2020 (28/12/2020), se autorizó la liquidación voluntaria y posterior inicio del proceso liquidatorio de Coface Seguros.","MEDIANTE RESOLUCION SBS NO 3286-2020 (28/12/2020), SE AUTORIZO LA LIQUIDACION VOLUNTARIA Y POSTERIOR INICIO DEL PROCESO LIQUIDATORIO DE COFACE SEGUROS.",,sbs_S-401_2024-12_2024200498D.xls
2024-12,P009,76,A,"Mediante Resolución SBS N° 278-2021 (28/01/2021), se autorizó el cambio de denominación social de Compañía de Seguros de Vida Cámara S.A. a Vivir Seguros Compañía de Seguros de Vida S.A.","MEDIANTE RESOLUCION SBS N 278-2021 (28/01/2021), SE AUTORIZO EL CAMBIO DE DENOMINACION SOCIAL DE COMPANIA DE SEGUROS DE VIDA CAMARA S.A. A VIVIR SEGUROS COMPANIA DE SEGUROS DE VIDA S.A.",,sbs_S-401_2024-12_2024200498D.xls
2024-12,P009,77,A,"Mediante Resolución SBS N° 1724-2022 (25/05/2022), se autorizó la fusión por absorción de Mapfre Perú Vida con Mapfre Perú. A partir del 01.06.2022 esta empresa se denomina Mapfre Perú Compañía de Seguros y Reaseguros S.A.","MEDIANTE RESOLUCION SBS N 1724-2022 (25/05/2022), SE AUTORIZO LA FUSION POR ABSORCION DE MAPFRE PERU VIDA CON MAPFRE PERU. A PARTIR DEL 01.06.2022 ESTA EMPRESA SE DENOMINA MAPFRE PERU COMPANIA DE SEGUROS Y REASEGUROS S.A.",,sbs_S-401_2024-12_2024200498D.xls
2024-12,P010,67,A,"Mediante Resolución SBS N° 8551-2012 (15/11/2012), se autorizó el cambio de denominación social de InVita Seguros de Vida S.A. a Seguros Sura.","MEDIANTE RESOLUCION SBS N 8551-2012 (15/11/2012), SE AUTORIZO EL CAMBIO DE DENOMINACION SOCIAL DE INVITA SEGUROS DE VIDA S.A. A SEGUROS SURA.",,sbs_S-401_2024-12_2024200498D.xls
2024-12,P010,68,A,"Mediante Resolución SBS N° 2748-2015 (21/05/2015), se autorizó el cambio de denominación social de Aseguradora Magallanes Perú S.A. a HDI Seguros S.A.","MEDIANTE RESOLUCION SBS N 2748-2015 (21/05/2015), SE AUTORIZO EL CAMBIO DE DENOMINACION SOCIAL DE ASEGURADORA MAGALLANES PERU S.A. A HDI SEGUROS S.A.",,sbs_S-401_2024-12_2024200498D.xls
2024-12,P010,69,A,"Mediante Resolución SBS N° 1137-2016 (02/03/2016), se autorizó el cambio de denominación social de Ace Seguros S.A. a Chubb Seguros Perú S.A.","MEDIANTE RESOLUCION SBS N 1137-2016 (02/03/2016), SE AUTORIZO EL CAMBIO DE DENOMINACION SOCIAL DE ACE SEGUROS S.A. A CHUBB SEGUROS PERU S.A.",,sbs_S-401_2024-12_2024200498D.xls
2024-12,P010,70,A,"Mediante Resolución SBS N° 4961-2016 (14/09/2016), se autorizó el cambio de denominación social de AVAL Perú Compañía de Seguros S.A. a AVLA Perú Compañía de Seguros S.A.","MEDIANTE RESOLUCION SBS N 4961-2016 (14/09/2016), SE AUTORIZO EL CAMBIO DE DENOMINACION SOCIAL DE AVAL PERU COMPANIA DE SEGUROS S.A. A AVLA PERU COMPANIA DE SEGUROS S.A.",,sbs_S-401_2024-12_2024200498D.xls
2024-12,P010,71,A,"Mediante Resolución SBS N° 2836-2017 (19/07/2017), se autorizó la fusión por absorción de El Pacífico Vida con El Pacífico Peruano Suiza. A partir del 01.08.2017 esta empresa se denomina Pacífico Compañía de Seguros y Reaseguros.","MEDIANTE RESOLUCION SBS N 2836-2017 (19/07/2017), SE AUTORIZO LA FUSION POR ABSORCION DE EL PACIFICO VIDA CON EL PACIFICO PERUANO SUIZA. A PARTIR DEL 01.08.2017 ESTA EMPRESA SE DENOMINA PACIFICO COMPANIA DE SEGUROS Y REASEGUROS.",,sbs_S-401_2024-12_2024200498D.xls
2024-12,P010,72,A,"Mediante Resolución SBS N° 1170-2018 (27/03/2018), se autorizó la fusión por absorción de Interseguro Compañía de Seguros con Seguros Sura.","MEDIANTE RESOLUCION SBS N 1170-2018 (27/03/2018), SE AUTORIZO LA FUSION POR ABSORCION DE INTERSEGURO COMPANIA DE SEGUROS CON SEGUROS SURA.",,sbs_S-401_2024-12_2024200498D.xls
2024-12,P010,73,A,"Mediante Resolución SBS N° 2296-2019 (22/05/2019), se autorizó el cambio de denominación social de HDI Seguros S.A. a Qualitas Compañía de Seguros S.A.","MEDIANTE RESOLUCION SBS N 2296-2019 (22/05/2019), SE AUTORIZO EL CAMBIO DE DENOMINACION SOCIAL DE HDI SEGUROS S.A. A QUALITAS COMPANIA DE SEGUROS S.A.",,sbs_S-401_2024-12_2024200498D.xls
2024-12,P010,74,A,"Mediante Resolución SBS Nº 1749-2020 (01/07/2020), se autorizó la liquidación voluntaria y posterior inicio del proceso liquidatorio de Rigel Perú S.A.","MEDIANTE RESOLUCION SBS NO 1749-2020 (01/07/2020), SE AUTORIZO LA LIQUIDACION VOLUNTARIA Y POSTERIOR INICIO DEL PROCESO LIQUIDATORIO DE RIGEL PERU S.A.",,sbs_S-401_2024-12_2024200498D.xls
2024-12,P010,75,A,"Mediante Resolución SBS Nº 3286-2020 (28/12/2020), se autorizó la liquidación voluntaria y posterior inicio del proceso liquidatorio de Coface Seguros.","MEDIANTE RESOLUCION SBS NO 3286-2020 (28/12/2020), SE AUTORIZO LA LIQUIDACION VOLUNTARIA Y POSTERIOR INICIO DEL PROCESO LIQUIDATORIO DE COFACE SEGUROS.",,sbs_S-401_2024-12_2024200498D.xls
2024-12,P010,76,A,"Mediante Resolución SBS N° 278-2021 (28/01/2021), se autorizó el cambio de denominación social de Compañía de Seguros de Vida Cámara S.A. a Vivir Seguros Compañía de Seguros de Vida S.A.","MEDIANTE RESOLUCION SBS N 278-2021 (28/01/2021), SE AUTORIZO EL CAMBIO DE DENOMINACION SOCIAL DE COMPANIA DE SEGUROS DE VIDA CAMARA S.A. A VIVIR SEGUROS COMPANIA DE SEGUROS DE VIDA S.A.",,sbs_S-401_2024-12_2024200498D.xls
2024-12,P010,77,A,"Mediante Resolución SBS N° 1724-2022 (25/05/2022), se autorizó la fusión por absorción de Mapfre Perú Vida con Mapfre Perú. A partir del 01.06.2022 esta empresa se denomina Mapfre Perú Compañía de Seguros y Reaseguros S.A.","MEDIANTE RESOLUCION SBS N 1724-2022 (25/05/2022), SE AUTORIZO LA FUSION POR ABSORCION DE MAPFRE PERU VIDA CON MAPFRE PERU. A PARTIR DEL 01.06.2022 ESTA EMPRESA SE DENOMINA MAPFRE PERU COMPANIA DE SEGUROS Y REASEGUROS S.A.",,sbs_S-401_2024-12_2024200498D.xls
2025-01,P009,67,A,"Mediante Resolución SBS N° 8551-2012 (15/11/2012), se autorizó el cambio de denominación social de InVita Seguros de Vida S.A. a Seguros Sura.","MEDIANTE RESOLUCION SBS N 8551-2012 (15/11/2012), SE AUTORIZO EL CAMBIO DE DENOMINACION SOCIAL DE INVITA SEGUROS DE VIDA S.A. A SEGUROS SURA.",,sbs_S-401_2025-01_2024200498D.xls
2025-01,P009,68,A,"Mediante Resolución SBS N° 2748-2015 (21/05/2015), se autorizó el cambio de denominación social de Aseguradora Magallanes Perú S.A. a HDI Seguros S.A.","MEDIANTE RESOLUCION SBS N 2748-2015 (21/05/2015), SE AUTORIZO EL CAMBIO DE DENOMINACION SOCIAL DE ASEGURADORA MAGALLANES PERU S.A. A HDI SEGUROS S.A.",,sbs_S-401_2025-01_2024200498D.xls
2025-01,P009,69,A,"Mediante Resolución SBS N° 1137-2016 (02/03/2016), se autorizó el cambio de denominación social de Ace Seguros S.A. a Chubb Seguros Perú S.A.","MEDIANTE RESOLUCION SBS N 1137-2016 (02/03/2016), SE AUTORIZO EL CAMBIO DE DENOMINACION SOCIAL DE ACE SEGUROS S.A. A CHUBB SEGUROS PERU S.A.",,sbs_S-401_2025-01_2024200498D.xls
2025-01,P009,70,A,"Mediante Resolución SBS N° 4961-2016 (14/09/2016), se autorizó el cambio de denominación social de AVAL Perú Compañía de Seguros S.A. a AVLA Perú Compañía de Seguros S.A.","MEDIANTE RESOLUCION SBS N 4961-2016 (14/09/2016), SE AUTORIZO EL CAMBIO DE DENOMINACION SOCIAL DE AVAL PERU COMPANIA DE SEGUROS S.A. A AVLA PERU COMPANIA DE SEGUROS S.A.",,sbs_S-401_2025-01_2024200498D.xls
2025-01,P009,71,A,"Mediante Resolución SBS N° 2836-2017 (19/07/2017), se autorizó la fusión por absorción de El Pacífico Vida con El Pacífico Peruano Suiza. A partir del 01.08.2017 esta empresa se denomina Pacífico Compañía de Seguros y Reaseguros.","MEDIANTE RESOLUCION SBS N 2836-2017 (19/07/2017), SE AUTORIZO LA FUSION POR ABSORCION DE EL PACIFICO VIDA CON EL PACIFICO PERUANO SUIZA. A PARTIR DEL 01.08.2017 ESTA EMPRESA SE DENOMINA PACIFICO COMPANIA DE SEGUROS Y REASEGUROS.",,sbs_S-401_2025-01_2024200498D.xls
2025-01,P009,72,A,"Mediante Resolución SBS N° 1170-2018 (27/03/2018), se autorizó la fusión por absorción de Interseguro Compañía de Seguros con Seguros Sura.","MEDIANTE RESOLUCION SBS N 1170-2018 (27/03/2018), SE AUTORIZO LA FUSION POR ABSORCION DE INTERSEGURO COMPANIA DE SEGUROS CON SEGUROS SURA.",,sbs_S-401_2025-01_2024200498D.xls
2025-01,P009,73,A,"Mediante Resolución SBS N° 2296-2019 (22/05/2019), se autorizó el cambio de denominación social de HDI Seguros S.A. a Qualitas Compañía de Seguros S.A.","MEDIANTE RESOLUCION SBS N 2296-2019 (22/05/2019), SE AUTORIZO EL CAMBIO DE DENOMINACION SOCIAL DE HDI SEGUROS S.A. A QUALITAS COMPANIA DE SEGUROS S.A.",,sbs_S-401_2025-01_2024200498D.xls
2025-01,P009,74,A,"Mediante Resolución SBS Nº 1749-2020 (01/07/2020), se autorizó la liquidación voluntaria y posterior inicio del proceso liquidatorio de Rigel Perú S.A.","MEDIANTE RESOLUCION SBS NO 1749-2020 (01/07/2020), SE AUTORIZO LA LIQUIDACION VOLUNTARIA Y POSTERIOR INICIO DEL PROCESO LIQUIDATORIO DE RIGEL PERU S.A.",,sbs_S-401_2025-01_2024200498D.xls
2025-01,P009,75,A,"Mediante Resolución SBS Nº 3286-2020 (28/12/2020), se autorizó la liquidación voluntaria y posterior inicio del proceso liquidatorio de Coface Seguros.","MEDIANTE RESOLUCION SBS NO 3286-2020 (28/12/2020), SE AUTORIZO LA LIQUIDACION VOLUNTARIA Y POSTERIOR INICIO DEL PROCESO LIQUIDATORIO DE COFACE SEGUROS.",,sbs_S-401_2025-01_2024200498D.xls
2025-01,P009,76,A,"Mediante Resolución SBS N° 278-2021 (28/01/2021), se autorizó el cambio de denominación social de Compañía de Seguros de Vida Cámara S.A. a Vivir Seguros Compañía de Seguros de Vida S.A.","MEDIANTE RESOLUCION SBS N 278-2021 (28/01/2021), SE AUTORIZO EL CAMBIO DE DENOMINACION SOCIAL DE COMPANIA DE SEGUROS DE VIDA CAMARA S.A. A VIVIR SEGUROS COMPANIA DE SEGUROS DE VIDA S.A.",,sbs_S-401_2025-01_2024200498D.xls
2025-01,P009,77,A,"Mediante Resolución SBS N° 1724-2022 (25/05/2022), se autorizó la fusión por absorción de Mapfre Perú Vida con Mapfre Perú. A partir del 01.06.2022 esta empresa se denomina Mapfre Perú Compañía de Seguros y Reaseguros S.A.","MEDIANTE RESOLUCION SBS N 1724-2022 (25/05/2022), SE AUTORIZO LA FUSION POR ABSORCION DE MAPFRE PERU VIDA CON MAPFRE PERU. A PARTIR DEL 01.06.2022 ESTA EMPRESA SE DENOMINA MAPFRE PERU COMPANIA DE SEGUROS Y REASEGUROS S.A.",,sbs_S-401_2025-01_2024200498D.xls
2025-01,P010,67,A,"Mediante Resolución SBS N° 8551-2012 (15/11/2012), se autorizó el cambio de denominación social de InVita Seguros de Vida S.A. a Seguros Sura.","MEDIANTE RESOLUCION SBS N 8551-2012 (15/11/2012), SE AUTORIZO EL CAMBIO DE DENOMINACION SOCIAL DE INVITA SEGUROS DE VIDA S.A. A SEGUROS SURA.",,sbs_S-401_2025-01_2024200498D.xls
2025-01,P010,68,A,"Mediante Resolución SBS N° 2748-2015 (21/05/2015), se autorizó el cambio de denominación social de Aseguradora Magallanes Perú S.A. a HDI Seguros S.A.","MEDIANTE RESOLUCION SBS N 2748-2015 (21/05/2015), SE AUTORIZO EL CAMBIO DE DENOMINACION SOCIAL DE ASEGURADORA MAGALLANES PERU S.A. A HDI SEGUROS S.A.",,sbs_S-401_2025-01_2024200498D.xls
2025-01,P010,69,A,"Mediante Resolución SBS N° 1137-2016 (02/03/2016), se autorizó el cambio de denominación social de Ace Seguros S.A. a Chubb Seguros Perú S.A.","MEDIANTE RESOLUCION SBS N 1137-2016 (02/03/2016), SE AUTORIZO EL CAMBIO DE DENOMINACION SOCIAL DE ACE SEGUROS S.A. A CHUBB SEGUROS PERU S.A.",,sbs_S-401_2025-01_2024200498D.xls
2025-01,P010,70,A,"Mediante Resolución SBS N° 4961-2016 (14/09/2016), se autorizó el cambio de denominación social de AVAL Perú Compañía de Seguros S.A. a AVLA Perú Compañía de Seguros S.A.","MEDIANTE RESOLUCION SBS N 4961-2016 (14/09/2016), SE AUTORIZO EL CAMBIO DE DENOMINACION SOCIAL DE AVAL PERU COMPANIA DE SEGUROS S.A. A AVLA PERU COMPANIA DE SEGUROS S.A.",,sbs_S-401_2025-01_2024200498D.xls
2025-01,P010,71,A,"Mediante Resolución SBS N° 2836-2017 (19/07/2017), se autorizó la fusión por absorción de El Pacífico Vida con El Pacífico Peruano Suiza. A partir del 01.08.2017 esta empresa se denomina Pacífico Compañía de Seguros y Reaseguros.","MEDIANTE RESOLUCION SBS N 2836-2017 (19/07/2017), SE AUTORIZO LA FUSION POR ABSORCION DE EL PACIFICO VIDA CON EL PACIFICO PERUANO SUIZA. A PARTIR DEL 01.08.2017 ESTA EMPRESA SE DENOMINA PACIFICO COMPANIA DE SEGUROS Y REASEGUROS.",,sbs_S-401_2025-01_2024200498D.xls
2025-01,P010,72,A,"Mediante Resolución SBS N° 1170-2018 (27/03/2018), se autorizó la fusión por absorción de Interseguro Compañía de Seguros con Seguros Sura.","MEDIANTE RESOLUCION SBS N 1170-2018 (27/03/2018), SE AUTORIZO LA FUSION POR ABSORCION DE INTERSEGURO COMPANIA DE SEGUROS CON SEGUROS SURA.",,sbs_S-401_2025-01_2024200498D.xls
2025-01,P010,73,A,"Mediante Resolución SBS N° 2296-2019 (22/05/2019), se autorizó el cambio de denominación social de HDI Seguros S.A. a Qualitas Compañía de Seguros S.A.","MEDIANTE RESOLUCION SBS N 2296-2019 (22/05/2019), SE AUTORIZO EL CAMBIO DE DENOMINACION SOCIAL DE HDI SEGUROS S.A. A QUALITAS COMPANIA DE SEGUROS S.A.",,sbs_S-401_2025-01_2024200498D.xls
2025-01,P010,74,A,"Mediante Resolución SBS Nº 1749-2020 (01/07/2020), se autorizó la liquidación voluntaria y posterior inicio del proceso liquidatorio de Rigel Perú S.A.","MEDIANTE RESOLUCION SBS NO 1749-2020 (01/07/2020), SE AUTORIZO LA LIQUIDACION VOLUNTARIA Y POSTERIOR INICIO DEL PROCESO LIQUIDATORIO DE RIGEL PERU S.A.",,sbs_S-401_2025-01_2024200498D.xls
2025-01,P010,75,A,"Mediante Resolución SBS Nº 3286-2020 (28/12/2020), se autorizó la liquidación voluntaria y posterior inicio del proceso liquidatorio de Coface Seguros.","MEDIANTE RESOLUCION SBS NO 3286-2020 (28/12/2020), SE AUTORIZO LA LIQUIDACION VOLUNTARIA Y POSTERIOR INICIO DEL PROCESO LIQUIDATORIO DE COFACE SEGUROS.",,sbs_S-401_2025-01_2024200498D.xls
2025-01,P010,76,A,"Mediante Resolución SBS N° 278-2021 (28/01/2021), se autorizó el cambio de denominación social de Compañía de Seguros de Vida Cámara S.A. a Vivir Seguros Compañía de Seguros de Vida S.A.","MEDIANTE RESOLUCION SBS N 278-2021 (28/01/2021), SE AUTORIZO EL CAMBIO DE DENOMINACION SOCIAL DE COMPANIA DE SEGUROS DE VIDA CAMARA S.A. A VIVIR SEGUROS COMPANIA DE SEGUROS DE VIDA S.A.",,sbs_S-401_2025-01_2024200498D.xls
2025-01,P010,77,A,"Mediante Resolución SBS N° 1724-2022 (25/05/2022), se autorizó la fusión por absorción de Mapfre Perú Vida con Mapfre Perú. A partir del 01.06.2022 esta empresa se denomina Mapfre Perú Compañía de Seguros y Reaseguros S.A.","MEDIANTE RESOLUCION SBS N 1724-2022 (25/05/2022), SE AUTORIZO LA FUSION POR ABSORCION DE MAPFRE PERU VIDA CON MAPFRE PERU. A PARTIR DEL 01.06.2022 ESTA EMPRESA SE DENOMINA MAPFRE PERU COMPANIA DE SEGUROS Y REASEGUROS S.A.",,sbs_S-401_2025-01_2024200498D.xls
2025-02,P009,67,A,"Mediante Resolución SBS N° 8551-2012 (15/11/2012), se autorizó el cambio de denominación social de InVita Seguros de Vida S.A. a Seguros Sura.","MEDIANTE RESOLUCION SBS N 8551-2012 (15/11/2012), SE AUTORIZO EL CAMBIO DE DENOMINACION SOCIAL DE INVITA SEGUROS DE VIDA S.A. A SEGUROS SURA.",,sbs_S-401_2025-02_2024200498D.xls
2025-02,P009,68,A,"Mediante Resolución SBS N° 2748-2015 (21/05/2015), se autorizó el cambio de denominación social de Aseguradora Magallanes Perú S.A. a HDI Seguros S.A.","MEDIANTE RESOLUCION SBS N 2748-2015 (21/05/2015), SE AUTORIZO EL CAMBIO DE DENOMINACION SOCIAL DE ASEGURADORA MAGALLANES PERU S.A. A HDI SEGUROS S.A.",,sbs_S-401_2025-02_2024200498D.xls
2025-02,P009,69,A,"Mediante Resolución SBS N° 1137-2016 (02/03/2016), se autorizó el cambio de denominación social de Ace Seguros S.A. a Chubb Seguros Perú S.A.","MEDIANTE RESOLUCION SBS N 1137-2016 (02/03/2016), SE AUTORIZO EL CAMBIO DE DENOMINACION SOCIAL DE ACE SEGUROS S.A. A CHUBB SEGUROS PERU S.A.",,sbs_S-401_2025-02_2024200498D.xls
2025-02,P009,70,A,"Mediante Resolución SBS N° 4961-2016 (14/09/2016), se autorizó el cambio de denominación social de AVAL Perú Compañía de Seguros S.A. a AVLA Perú Compañía de Seguros S.A.","MEDIANTE RESOLUCION SBS N 4961-2016 (14/09/2016), SE AUTORIZO EL CAMBIO DE DENOMINACION SOCIAL DE AVAL PERU COMPANIA DE SEGUROS S.A. A AVLA PERU COMPANIA DE SEGUROS S.A.",,sbs_S-401_2025-02_2024200498D.xls
2025-02,P009,71,A,"Mediante Resolución SBS N° 2836-2017 (19/07/2017), se autorizó la fusión por absorción de El Pacífico Vida con El Pacífico Peruano Suiza. A partir del 01.08.2017 esta empresa se denomina Pacífico Compañía de Seguros y Reaseguros.","MEDIANTE RESOLUCION SBS N 2836-2017 (19/07/2017), SE AUTORIZO LA FUSION POR ABSORCION DE EL PACIFICO VIDA CON EL PACIFICO PERUANO SUIZA. A PARTIR DEL 01.08.2017 ESTA EMPRESA SE DENOMINA PACIFICO COMPANIA DE SEGUROS Y REASEGUROS.",,sbs_S-401_2025-02_2024200498D.xls
2025-02,P009,72,A,"Mediante Resolución SBS N° 1170-2018 (27/03/2018), se autorizó la fusión por absorción de Interseguro Compañía de Seguros con Seguros Sura.","MEDIANTE RESOLUCION SBS N 1170-2018 (27/03/2018), SE AUTORIZO LA FUSION POR ABSORCION DE INTERSEGURO COMPANIA DE SEGUROS CON SEGUROS SURA.",,sbs_S-401_2025-02_2024200498D.xls
2025-02,P009,73,A,"Mediante Resolución SBS N° 2296-2019 (22/05/2019), se autorizó el cambio de denominación social de HDI Seguros S.A. a Qualitas Compañía de Seguros S.A.","MEDIANTE RESOLUCION SBS N 2296-2019 (22/05/2019), SE AUTORIZO EL CAMBIO DE DENOMINACION SOCIAL DE HDI SEGUROS S.A. A QUALITAS COMPANIA DE SEGUROS S.A.",,sbs_S-401_2025-02_2024200498D.xls
2025-02,P009,74,A,"Mediante Resolución SBS Nº 1749-2020 (01/07/2020), se autorizó la liquidación voluntaria y posterior inicio del proceso liquidatorio de Rigel Perú S.A.","MEDIANTE RESOLUCION SBS NO 1749-2020 (01/07/2020), SE AUTORIZO LA LIQUIDACION VOLUNTARIA Y POSTERIOR INICIO DEL PROCESO LIQUIDATORIO DE RIGEL PERU S.A.",,sbs_S-401_2025-02_2024200498D.xls
2025-02,P009,75,A,"Mediante Resolución SBS Nº 3286-2020 (28/12/2020), se autorizó la liquidación voluntaria y posterior inicio del proceso liquidatorio de Coface Seguros.","MEDIANTE RESOLUCION SBS NO 3286-2020 (28/12/2020), SE AUTORIZO LA LIQUIDACION VOLUNTARIA Y POSTERIOR INICIO DEL PROCESO LIQUIDATORIO DE COFACE SEGUROS.",,sbs_S-401_2025-02_2024200498D.xls
2025-02,P009,76,A,"Mediante Resolución SBS N° 278-2021 (28/01/2021), se autorizó el cambio de denominación social de Compañía de Seguros de Vida Cámara S.A. a Vivir Seguros Compañía de Seguros de Vida S.A.","MEDIANTE RESOLUCION SBS N 278-2021 (28/01/2021), SE AUTORIZO EL CAMBIO DE DENOMINACION SOCIAL DE COMPANIA DE SEGUROS DE VIDA CAMARA S.A. A VIVIR SEGUROS COMPANIA DE SEGUROS DE VIDA S.A.",,sbs_S-401_2025-02_2024200498D.xls
2025-02,P009,77,A,"Mediante Resolución SBS N° 1724-2022 (25/05/2022), se autorizó la fusión por absorción de Mapfre Perú Vida con Mapfre Perú. A partir del 01.06.2022 esta empresa se denomina Mapfre Perú Compañía de Seguros y Reaseguros S.A.","MEDIANTE RESOLUCION SBS N 1724-2022 (25/05/2022), SE AUTORIZO LA FUSION POR ABSORCION DE MAPFRE PERU VIDA CON MAPFRE PERU. A PARTIR DEL 01.06.2022 ESTA EMPRESA SE DENOMINA MAPFRE PERU COMPANIA DE SEGUROS Y REASEGUROS S.A.",,sbs_S-401_2025-02_2024200498D.xls
2025-02,P010,67,A,"Mediante Resolución SBS N° 8551-2012 (15/11/2012), se autorizó el cambio de denominación social de InVita Seguros de Vida S.A. a Seguros Sura.","MEDIANTE RESOLUCION SBS N 8551-2012 (15/11/2012), SE AUTORIZO EL CAMBIO DE DENOMINACION SOCIAL DE INVITA SEGUROS DE VIDA S.A. A SEGUROS SURA.",,sbs_S-401_2025-02_2024200498D.xls
2025-02,P010,68,A,"Mediante Resolución SBS N° 2748-2015 (21/05/2015), se autorizó el cambio de denominación social de Aseguradora Magallanes Perú S.A. a HDI Seguros S.A.","MEDIANTE RESOLUCION SBS N 2748-2015 (21/05/2015), SE AUTORIZO EL CAMBIO DE DENOMINACION SOCIAL DE ASEGURADORA MAGALLANES PERU S.A. A HDI SEGUROS S.A.",,sbs_S-401_2025-02_2024200498D.xls
2025-02,P010,69,A,"Mediante Resolución SBS N° 1137-2016 (02/03/2016), se autorizó el cambio de denominación social de Ace Seguros S.A. a Chubb Seguros Perú S.A.","MEDIANTE RESOLUCION SBS N 1137-2016 (02/03/2016), SE AUTORIZO EL CAMBIO DE DENOMINACION SOCIAL DE ACE SEGUROS S.A. A CHUBB SEGUROS PERU S.A.",,sbs_S-401_2025-02_2024200498D.xls
2025-02,P010,70,A,"Mediante Resolución SBS N° 4961-2016 (14/09/2016), se autorizó el cambio de denominación social de AVAL Perú Compañía de Seguros S.A. a AVLA Perú Compañía de Seguros S.A.","MEDIANTE RESOLUCION SBS N 4961-2016 (14/09/2016), SE AUTORIZO EL CAMBIO DE DENOMINACION SOCIAL DE AVAL PERU COMPANIA DE SEGUROS S.A. A AVLA PERU COMPANIA DE SEGUROS S.A.",,sbs_S-401_2025-02_2024200498D.xls
2025-02,P010,71,A,"Mediante Resolución SBS N° 2836-2017 (19/07/2017), se autorizó la fusión por absorción de El Pacífico Vida con El Pacífico Peruano Suiza. A partir del 01.08.2017 esta empresa se denomina Pacífico Compañía de Seguros y Reaseguros.","MEDIANTE RESOLUCION SBS N 2836-2017 (19/07/2017), SE AUTORIZO LA FUSION POR ABSORCION DE EL PACIFICO VIDA CON EL PACIFICO PERUANO SUIZA. A PARTIR DEL 01.08.2017 ESTA EMPRESA SE DENOMINA PACIFICO COMPANIA DE SEGUROS Y REASEGUROS.",,sbs_S-401_2025-02_2024200498D.xls
2025-02,P010,72,A,"Mediante Resolución SBS N° 1170-2018 (27/03/2018), se autorizó la fusión por absorción de Interseguro Compañía de Seguros con Seguros Sura.","MEDIANTE RESOLUCION SBS N 1170-2018 (27/03/2018), SE AUTORIZO LA FUSION POR ABSORCION DE INTERSEGURO COMPANIA DE SEGUROS CON SEGUROS SURA.",,sbs_S-401_2025-02_2024200498D.xls
2025-02,P010,73,A,"Mediante Resolución SBS N° 2296-2019 (22/05/2019), se autorizó el cambio de denominación social de HDI Seguros S.A. a Qualitas Compañía de Seguros S.A.","MEDIANTE RESOLUCION SBS N 2296-2019 (22/05/2019), SE AUTORIZO EL CAMBIO DE DENOMINACION SOCIAL DE HDI SEGUROS S.A. A QUALITAS COMPANIA DE SEGUROS S.A.",,sbs_S-401_2025-02_2024200498D.xls
2025-02,P010,74,A,"Mediante Resolución SBS Nº 1749-2020 (01/07/2020), se autorizó la liquidación voluntaria y posterior inicio del proceso liquidatorio de Rigel Perú S.A.","MEDIANTE RESOLUCION SBS NO 1749-2020 (01/07/2020), SE AUTORIZO LA LIQUIDACION VOLUNTARIA Y POSTERIOR INICIO DEL PROCESO LIQUIDATORIO DE RIGEL PERU S.A.",,sbs_S-401_2025-02_2024200498D.xls
2025-02,P010,75,A,"Mediante Resolución SBS Nº 3286-2020 (28/12/2020), se autorizó la liquidación voluntaria y posterior inicio del proceso liquidatorio de Coface Seguros.","MEDIANTE RESOLUCION SBS NO 3286-2020 (28/12/2020), SE AUTORIZO LA LIQUIDACION VOLUNTARIA Y POSTERIOR INICIO DEL PROCESO LIQUIDATORIO DE COFACE SEGUROS.",,sbs_S-401_2025-02_2024200498D.xls
2025-02,P010,76,A,"Mediante Resolución SBS N° 278-2021 (28/01/2021), se autorizó el cambio de denominación social de Compañía de Seguros de Vida Cámara S.A. a Vivir Seguros Compañía de Seguros de Vida S.A.","MEDIANTE RESOLUCION SBS N 278-2021 (28/01/2021), SE AUTORIZO EL CAMBIO DE DENOMINACION SOCIAL DE COMPANIA DE SEGUROS DE VIDA CAMARA S.A. A VIVIR SEGUROS COMPANIA DE SEGUROS DE VIDA S.A.",,sbs_S-401_2025-02_2024200498D.xls
2025-02,P010,77,A,"Mediante Resolución SBS N° 1724-2022 (25/05/2022), se autorizó la fusión por absorción de Mapfre Perú Vida con Mapfre Perú. A partir del 01.06.2022 esta empresa se denomina Mapfre Perú Compañía de Seguros y Reaseguros S.A.","MEDIANTE RESOLUCION SBS N 1724-2022 (25/05/2022), SE AUTORIZO LA FUSION POR ABSORCION DE MAPFRE PERU VIDA CON MAPFRE PERU. A PARTIR DEL 01.06.2022 ESTA EMPRESA SE DENOMINA MAPFRE PERU COMPANIA DE SEGUROS Y REASEGUROS S.A.",,sbs_S-401_2025-02_2024200498D.xls
2025-03,P009,67,A,"Mediante Resolución SBS N° 8551-2012 (15/11/2012), se autorizó el cambio de denominación social de InVita Seguros de Vida S.A. a Seguros Sura.","MEDIANTE RESOLUCION SBS N 8551-2012 (15/11/2012), SE AUTORIZO EL CAMBIO DE DENOMINACION SOCIAL DE INVITA SEGUROS DE VIDA S.A. A SEGUROS SURA.",,sbs_S-401_2025-03_2024200498D.xls
2025-03,P009,68,A,"Mediante Resolución SBS N° 2748-2015 (21/05/2015), se autorizó el cambio de denominación social de Aseguradora Magallanes Perú S.A. a HDI Seguros S.A.","MEDIANTE RESOLUCION SBS N 2748-2015 (21/05/2015), SE AUTORIZO EL CAMBIO DE DENOMINACION SOCIAL DE ASEGURADORA MAGALLANES PERU S.A. A HDI SEGUROS S.A.",,sbs_S-401_2025-03_2024200498D.xls
2025-03,P009,69,A,"Mediante Resolución SBS N° 1137-2016 (02/03/2016), se autorizó el cambio de denominación social de Ace Seguros S.A. a Chubb Seguros Perú S.A.","MEDIANTE RESOLUCION SBS N 1137-2016 (02/03/2016), SE AUTORIZO EL CAMBIO DE DENOMINACION SOCIAL DE ACE SEGUROS S.A. A CHUBB SEGUROS PERU S.A.",,sbs_S-401_2025-03_2024200498D.xls
2025-03,P009,70,A,"Mediante Resolución SBS N° 4961-2016 (14/09/2016), se autorizó el cambio de denominación social de AVAL Perú Compañía de Seguros S.A. a AVLA Perú Compañía de Seguros S.A.","MEDIANTE RESOLUCION SBS N 4961-2016 (14/09/2016), SE AUTORIZO EL CAMBIO DE DENOMINACION SOCIAL DE AVAL PERU COMPANIA DE SEGUROS S.A. A AVLA PERU COMPANIA DE SEGUROS S.A.",,sbs_S-401_2025-03_2024200498D.xls
2025-03,P009,71,A,"Mediante Resolución SBS N° 2836-2017 (19/07/2017), se autorizó la fusión por absorción de El Pacífico Vida con El Pacífico Peruano Suiza. A partir del 01.08.2017 esta empresa se denomina Pacífico Compañía de Seguros y Reaseguros.","MEDIANTE RESOLUCION SBS N 2836-2017 (19/07/2017), SE AUTORIZO LA FUSION POR ABSORCION DE EL PACIFICO VIDA CON EL PACIFICO PERUANO SUIZA. A PARTIR DEL 01.08.2017 ESTA EMPRESA SE DENOMINA PACIFICO COMPANIA DE SEGUROS Y REASEGUROS.",,sbs_S-401_2025-03_2024200498D.xls
2025-03,P009,72,A,"Mediante Resolución SBS N° 1170-2018 (27/03/2018), se autorizó la fusión por absorción de Interseguro Compañía de Seguros con Seguros Sura.","MEDIANTE RESOLUCION SBS N 1170-2018 (27/03/2018), SE AUTORIZO LA FUSION POR ABSORCION DE INTERSEGURO COMPANIA DE SEGUROS CON SEGUROS SURA.",,sbs_S-401_2025-03_2024200498D.xls
2025-03,P009,73,A,"Mediante Resolución SBS N° 2296-2019 (22/05/2019), se autorizó el cambio de denominación social de HDI Seguros S.A. a Qualitas Compañía de Seguros S.A.","MEDIANTE RESOLUCION SBS N 2296-2019 (22/05/2019), SE AUTORIZO EL CAMBIO DE DENOMINACION SOCIAL DE HDI SEGUROS S.A. A QUALITAS COMPANIA DE SEGUROS S.A.",,sbs_S-401_2025-03_2024200498D.xls
2025-03,P009,74,A,"Mediante Resolución SBS Nº 1749-2020 (01/07/2020), se autorizó la liquidación voluntaria y posterior inicio del proceso liquidatorio de Rigel Perú S.A.","MEDIANTE RESOLUCION SBS NO 1749-2020 (01/07/2020), SE AUTORIZO LA LIQUIDACION VOLUNTARIA Y POSTERIOR INICIO DEL PROCESO LIQUIDATORIO DE RIGEL PERU S.A.",,sbs_S-401_2025-03_2024200498D.xls
2025-03,P009,75,A,"Mediante Resolución SBS Nº 3286-2020 (28/12/2020), se autorizó la liquidación voluntaria y posterior inicio del proceso liquidatorio de Coface Seguros.","MEDIANTE RESOLUCION SBS NO 3286-2020 (28/12/2020), SE AUTORIZO LA LIQUIDACION VOLUNTARIA Y POSTERIOR INICIO DEL PROCESO LIQUIDATORIO DE COFACE SEGUROS.",,sbs_S-401_2025-03_2024200498D.xls
2025-03,P009,76,A,"Mediante Resolución SBS N° 278-2021 (28/01/2021), se autorizó el cambio de denominación social de Compañía de Seguros de Vida Cámara S.A. a Vivir Seguros Compañía de Seguros de Vida S.A.","MEDIANTE RESOLUCION SBS N 278-2021 (28/01/2021), SE AUTORIZO EL CAMBIO DE DENOMINACION SOCIAL DE COMPANIA DE SEGUROS DE VIDA CAMARA S.A. A VIVIR SEGUROS COMPANIA DE SEGUROS DE VIDA S.A.",,sbs_S-401_2025-03_2024200498D.xls
2025-03,P009,77,A,"Mediante Resolución SBS N° 1724-2022 (25/05/2022), se autorizó la fusión por absorción de Mapfre Perú Vida con Mapfre Perú. A partir del 01.06.2022 esta empresa se denomina Mapfre Perú Compañía de Seguros y Reaseguros S.A.","MEDIANTE RESOLUCION SBS N 1724-2022 (25/05/2022), SE AUTORIZO LA FUSION POR ABSORCION DE MAPFRE PERU VIDA CON MAPFRE PERU. A PARTIR DEL 01.06.2022 ESTA EMPRESA SE DENOMINA MAPFRE PERU COMPANIA DE SEGUROS Y REASEGUROS S.A.",,sbs_S-401_2025-03_2024200498D.xls
2025-03,P009,78,A,*Actualizado al 31/07/2025,*ACTUALIZADO AL 31/07/2025,,sbs_S-401_2025-03_2024200498D.xls
2025-03,P010,67,A,"Mediante Resolución SBS N° 8551-2012 (15/11/2012), se autorizó el cambio de denominación social de InVita Seguros de Vida S.A. a Seguros Sura.","MEDIANTE RESOLUCION SBS N 8551-2012 (15/11/2012), SE AUTORIZO EL CAMBIO DE DENOMINACION SOCIAL DE INVITA SEGUROS DE VIDA S.A. A SEGUROS SURA.",,sbs_S-401_2025-03_2024200498D.xls
2025-03,P010,68,A,"Mediante Resolución SBS N° 2748-2015 (21/05/2015), se autorizó el cambio de denominación social de Aseguradora Magallanes Perú S.A. a HDI Seguros S.A.","MEDIANTE RESOLUCION SBS N 2748-2015 (21/05/2015), SE AUTORIZO EL CAMBIO DE DENOMINACION SOCIAL DE ASEGURADORA MAGALLANES PERU S.A. A HDI SEGUROS S.A.",,sbs_S-401_2025-03_2024200498D.xls
2025-03,P010,69,A,"Mediante Resolución SBS N° 1137-2016 (02/03/2016), se autorizó el cambio de denominación social de Ace Seguros S.A. a Chubb Seguros Perú S.A.","MEDIANTE RESOLUCION SBS N 1137-2016 (02/03/2016), SE AUTORIZO EL CAMBIO DE DENOMINACION SOCIAL DE ACE SEGUROS S.A. A CHUBB SEGUROS PERU S.A.",,sbs_S-401_2025-03_2024200498D.xls
2025-03,P010,70,A,"Mediante Resolución SBS N° 4961-2016 (14/09/2016), se autorizó el cambio de denominación social de AVAL Perú Compañía de Seguros S.A. a AVLA Perú Compañía de Seguros S.A.","MEDIANTE RESOLUCION SBS N 4961-2016 (14/09/2016), SE AUTORIZO EL CAMBIO DE DENOMINACION SOCIAL DE AVAL PERU COMPANIA DE SEGUROS S.A. A AVLA PERU COMPANIA DE SEGUROS S.A.",,sbs_S-401_2025-03_2024200498D.xls
2025-03,P010,71,A,"Mediante Resolución SBS N° 2836-2017 (19/07/2017), se autorizó la fusión por absorción de El Pacífico Vida con El Pacífico Peruano Suiza. A partir del 01.08.2017 esta empresa se denomina Pacífico Compañía de Seguros y Reaseguros.","MEDIANTE RESOLUCION SBS N 2836-2017 (19/07/2017), SE AUTORIZO LA FUSION POR ABSORCION DE EL PACIFICO VIDA CON EL PACIFICO PERUANO SUIZA. A PARTIR DEL 01.08.2017 ESTA EMPRESA SE DENOMINA PACIFICO COMPANIA DE SEGUROS Y REASEGUROS.",,sbs_S-401_2025-03_2024200498D.xls
2025-03,P010,72,A,"Mediante Resolución SBS N° 1170-2018 (27/03/2018), se autorizó la fusión por absorción de Interseguro Compañía de Seguros con Seguros Sura.","MEDIANTE RESOLUCION SBS N 1170-2018 (27/03/2018), SE AUTORIZO LA FUSION POR ABSORCION DE INTERSEGURO COMPANIA DE SEGUROS CON SEGUROS SURA.",,sbs_S-401_2025-03_2024200498D.xls
2025-03,P010,73,A,"Mediante Resolución SBS N° 2296-2019 (22/05/2019), se autorizó el cambio de denominación social de HDI Seguros S.A. a Qualitas Compañía de Seguros S.A.","MEDIANTE RESOLUCION SBS N 2296-2019 (22/05/2019), SE AUTORIZO EL CAMBIO DE DENOMINACION SOCIAL DE HDI SEGUROS S.A. A QUALITAS COMPANIA DE SEGUROS S.A.",,sbs_S-401_2025-03_2024200498D.xls
2025-03,P010,74,A,"Mediante Resolución SBS Nº 1749-2020 (01/07/2020), se autorizó la liquidación voluntaria y posterior inicio del proceso liquidatorio de Rigel Perú S.A.","MEDIANTE RESOLUCION SBS NO 1749-2020 (01/07/2020), SE AUTORIZO LA LIQUIDACION VOLUNTARIA Y POSTERIOR INICIO DEL PROCESO LIQUIDATORIO DE RIGEL PERU S.A.",,sbs_S-401_2025-03_2024200498D.xls
2025-03,P010,75,A,"Mediante Resolución SBS Nº 3286-2020 (28/12/2020), se autorizó la liquidación voluntaria y posterior inicio del proceso liquidatorio de Coface Seguros.","MEDIANTE RESOLUCION SBS NO 3286-2020 (28/12/2020), SE AUTORIZO LA LIQUIDACION VOLUNTARIA Y POSTERIOR INICIO DEL PROCESO LIQUIDATORIO DE COFACE SEGUROS.",,sbs_S-401_2025-03_2024200498D.xls
2025-03,P010,76,A,"Mediante Resolución SBS N° 278-2021 (28/01/2021), se autorizó el cambio de denominación social de Compañía de Seguros de Vida Cámara S.A. a Vivir Seguros Compañía de Seguros de Vida S.A.","MEDIANTE RESOLUCION SBS N 278-2021 (28/01/2021), SE AUTORIZO EL CAMBIO DE DENOMINACION SOCIAL DE COMPANIA DE SEGUROS DE VIDA CAMARA S.A. A VIVIR SEGUROS COMPANIA DE SEGUROS DE VIDA S.A.",,sbs_S-401_2025-03_2024200498D.xls
2025-03,P010,77,A,"Mediante Resolución SBS N° 1724-2022 (25/05/2022), se autorizó la fusión por absorción de Mapfre Perú Vida con Mapfre Perú. A partir del 01.06.2022 esta empresa se denomina Mapfre Perú Compañía de Seguros y Reaseguros S.A.","MEDIANTE RESOLUCION SBS N 1724-2022 (25/05/2022), SE AUTORIZO LA FUSION POR ABSORCION DE MAPFRE PERU VIDA CON MAPFRE PERU. A PARTIR DEL 01.06.2022 ESTA EMPRESA SE DENOMINA MAPFRE PERU COMPANIA DE SEGUROS Y REASEGUROS S.A.",,sbs_S-401_2025-03_2024200498D.xls
2025-03,P010,78,A,*Actualizado al 31/07/2025,*ACTUALIZADO AL 31/07/2025,,sbs_S-401_2025-03_2024200498D.xls
2025-04,P009,67,A,"Mediante Resolución SBS N° 8551-2012 (15/11/2012), se autorizó el cambio de denominación social de InVita Seguros de Vida S.A. a Seguros Sura.","MEDIANTE RESOLUCION SBS N 8551-2012 (15/11/2012), SE AUTORIZO EL CAMBIO DE DENOMINACION SOCIAL DE INVITA SEGUROS DE VIDA S.A. A SEGUROS SURA.",,sbs_S-401_2025-04_2024200498D.xls
2025-04,P009,68,A,"Mediante Resolución SBS N° 2748-2015 (21/05/2015), se autorizó el cambio de denominación social de Aseguradora Magallanes Perú S.A. a HDI Seguros S.A.","MEDIANTE RESOLUCION SBS N 2748-2015 (21/05/2015), SE AUTORIZO EL CAMBIO DE DENOMINACION SOCIAL DE ASEGURADORA MAGALLANES PERU S.A. A HDI SEGUROS S.A.",,sbs_S-401_2025-04_2024200498D.xls
2025-04,P009,69,A,"Mediante Resolución SBS N° 1137-2016 (02/03/2016), se autorizó el cambio de denominación social de Ace Seguros S.A. a Chubb Seguros Perú S.A.","MEDIANTE RESOLUCION SBS N 1137-2016 (02/03/2016), SE AUTORIZO EL CAMBIO DE DENOMINACION SOCIAL DE ACE SEGUROS S.A. A CHUBB SEGUROS PERU S.A.",,sbs_S-401_2025-04_2024200498D.xls
2025-04,P009,70,A,"Mediante Resolución SBS N° 4961-2016 (14/09/2016), se autorizó el cambio de denominación social de AVAL Perú Compañía de Seguros S.A. a AVLA Perú Compañía de Seguros S.A.","MEDIANTE RESOLUCION SBS N 4961-2016 (14/09/2016), SE AUTORIZO EL CAMBIO DE DENOMINACION SOCIAL DE AVAL PERU COMPANIA DE SEGUROS S.A. A AVLA PERU COMPANIA DE SEGUROS S.A.",,sbs_S-401_2025-04_2024200498D.xls
2025-04,P009,71,A,"Mediante Resolución SBS N° 2836-2017 (19/07/2017), se autorizó la fusión por absorción de El Pacífico Vida con El Pacífico Peruano Suiza. A partir del 01.08.2017 esta empresa se denomina Pacífico Compañía de Seguros y Reaseguros.","MEDIANTE RESOLUCION SBS N 2836-2017 (19/07/2017), SE AUTORIZO LA FUSION POR ABSORCION DE EL PACIFICO VIDA CON EL PACIFICO PERUANO SUIZA. A PARTIR DEL 01.08.2017 ESTA EMPRESA SE DENOMINA PACIFICO COMPANIA DE SEGUROS Y REASEGUROS.",,sbs_S-401_2025-04_2024200498D.xls
2025-04,P009,72,A,"Mediante Resolución SBS N° 1170-2018 (27/03/2018), se autorizó la fusión por absorción de Interseguro Compañía de Seguros con Seguros Sura.","MEDIANTE RESOLUCION SBS N 1170-2018 (27/03/2018), SE AUTORIZO LA FUSION POR ABSORCION DE INTERSEGURO COMPANIA DE SEGUROS CON SEGUROS SURA.",,sbs_S-401_2025-04_2024200498D.xls
2025-04,P009,73,A,"Mediante Resolución SBS N° 2296-2019 (22/05/2019), se autorizó el cambio de denominación social de HDI Seguros S.A. a Qualitas Compañía de Seguros S.A.","MEDIANTE RESOLUCION SBS N 2296-2019 (22/05/2019), SE AUTORIZO EL CAMBIO DE DENOMINACION SOCIAL DE HDI SEGUROS S.A. A QUALITAS COMPANIA DE SEGUROS S.A.",,sbs_S-401_2025-04_2024200498D.xls
2025-04,P009,74,A,"Mediante Resolución SBS Nº 1749-2020 (01/07/2020), se autorizó la liquidación voluntaria y posterior inicio del proceso liquidatorio de Rigel Perú S.A.","MEDIANTE RESOLUCION SBS NO 1749-2020 (01/07/2020), SE AUTORIZO LA LIQUIDACION VOLUNTARIA Y POSTERIOR INICIO DEL PROCESO LIQUIDATORIO DE RIGEL PERU S.A.",,sbs_S-401_2025-04_2024200498D.xls
2025-04,P009,75,A,"Mediante Resolución SBS Nº 3286-2020 (28/12/2020), se autorizó la liquidación voluntaria y posterior inicio del proceso liquidatorio de Coface Seguros.","MEDIANTE RESOLUCION SBS NO 3286-2020 (28/12/2020), SE AUTORIZO LA LIQUIDACION VOLUNTARIA Y POSTERIOR INICIO DEL PROCESO LIQUIDATORIO DE COFACE SEGUROS.",,sbs_S-401_2025-04_2024200498D.xls
2025-04,P009,76,A,"Mediante Resolución SBS N° 278-2021 (28/01/2021), se autorizó el cambio de denominación social de Compañía de Seguros de Vida Cámara S.A. a Vivir Seguros Compañía de Seguros de Vida S.A.","MEDIANTE RESOLUCION SBS N 278-2021 (28/01/2021), SE AUTORIZO EL CAMBIO DE DENOMINACION SOCIAL DE COMPANIA DE SEGUROS DE VIDA CAMARA S.A. A VIVIR SEGUROS COMPANIA DE SEGUROS DE VIDA S.A.",,sbs_S-401_2025-04_2024200498D.xls
2025-04,P009,77,A,"Mediante Resolución SBS N° 1724-2022 (25/05/2022), se autorizó la fusión por absorción de Mapfre Perú Vida con Mapfre Perú. A partir del 01.06.2022 esta empresa se denomina Mapfre Perú Compañía de Seguros y Reaseguros S.A.","MEDIANTE RESOLUCION SBS N 1724-2022 (25/05/2022), SE AUTORIZO LA FUSION POR ABSORCION DE MAPFRE PERU VIDA CON MAPFRE PERU. A PARTIR DEL 01.06.2022 ESTA EMPRESA SE DENOMINA MAPFRE PERU COMPANIA DE SEGUROS Y REASEGUROS S.A.",,sbs_S-401_2025-04_2024200498D.xls
2025-04,P009,78,A,*Actualizado al 31/07/2025,*ACTUALIZADO AL 31/07/2025,,sbs_S-401_2025-04_2024200498D.xls
2025-04,P010,67,A,"Mediante Resolución SBS N° 8551-2012 (15/11/2012), se autorizó el cambio de denominación social de InVita Seguros de Vida S.A. a Seguros Sura.","MEDIANTE RESOLUCION SBS N 8551-2012 (15/11/2012), SE AUTORIZO EL CAMBIO DE DENOMINACION SOCIAL DE INVITA SEGUROS DE VIDA S.A. A SEGUROS SURA.",,sbs_S-401_2025-04_2024200498D.xls
2025-04,P010,68,A,"Mediante Resolución SBS N° 2748-2015 (21/05/2015), se autorizó el cambio de denominación social de Aseguradora Magallanes Perú S.A. a HDI Seguros S.A.","MEDIANTE RESOLUCION SBS N 2748-2015 (21/05/2015), SE AUTORIZO EL CAMBIO DE DENOMINACION SOCIAL DE ASEGURADORA MAGALLANES PERU S.A. A HDI SEGUROS S.A.",,sbs_S-401_2025-04_2024200498D.xls
2025-04,P010,69,A,"Mediante Resolución SBS N° 1137-2016 (02/03/2016), se autorizó el cambio de denominación social de Ace Seguros S.A. a Chubb Seguros Perú S.A.","MEDIANTE RESOLUCION SBS N 1137-2016 (02/03/2016), SE AUTORIZO EL CAMBIO DE DENOMINACION SOCIAL DE ACE SEGUROS S.A. A CHUBB SEGUROS PERU S.A.",,sbs_S-401_2025-04_2024200498D.xls
2025-04,P010,70,A,"Mediante Resolución SBS N° 4961-2016 (14/09/2016), se autorizó el cambio de denominación social de AVAL Perú Compañía de Seguros S.A. a AVLA Perú Compañía de Seguros S.A.","MEDIANTE RESOLUCION SBS N 4961-2016 (14/09/2016), SE AUTORIZO EL CAMBIO DE DENOMINACION SOCIAL DE AVAL PERU COMPANIA DE SEGUROS S.A. A AVLA PERU COMPANIA DE SEGUROS S.A.",,sbs_S-401_2025-04_2024200498D.xls
2025-04,P010,71,A,"Mediante Resolución SBS N° 2836-2017 (19/07/2017), se autorizó la fusión por absorción de El Pacífico Vida con El Pacífico Peruano Suiza. A partir del 01.08.2017 esta empresa se denomina Pacífico Compañía de Seguros y Reaseguros.","MEDIANTE RESOLUCION SBS N 2836-2017 (19/07/2017), SE AUTORIZO LA FUSION POR ABSORCION DE EL PACIFICO VIDA CON EL PACIFICO PERUANO SUIZA. A PARTIR DEL 01.08.2017 ESTA EMPRESA SE DENOMINA PACIFICO COMPANIA DE SEGUROS Y REASEGUROS.",,sbs_S-401_2025-04_2024200498D.xls
2025-04,P010,72,A,"Mediante Resolución SBS N° 1170-2018 (27/03/2018), se autorizó la fusión por absorción de Interseguro Compañía de Seguros con Seguros Sura.","MEDIANTE RESOLUCION SBS N 1170-2018 (27/03/2018), SE AUTORIZO LA FUSION POR ABSORCION DE INTERSEGURO COMPANIA DE SEGUROS CON SEGUROS SURA.",,sbs_S-401_2025-04_2024200498D.xls
2025-04,P010,73,A,"Mediante Resolución SBS N° 2296-2019 (22/05/2019), se autorizó el cambio de denominación social de HDI Seguros S.A. a Qualitas Compañía de Seguros S.A.","MEDIANTE RESOLUCION SBS N 2296-2019 (22/05/2019), SE AUTORIZO EL CAMBIO DE DENOMINACION SOCIAL DE HDI SEGUROS S.A. A QUALITAS COMPANIA DE SEGUROS S.A.",,sbs_S-401_2025-04_2024200498D.xls
2025-04,P010,74,A,"Mediante Resolución SBS Nº 1749-2020 (01/07/2020), se autorizó la liquidación voluntaria y posterior inicio del proceso liquidatorio de Rigel Perú S.A.","MEDIANTE RESOLUCION SBS NO 1749-2020 (01/07/2020), SE AUTORIZO LA LIQUIDACION VOLUNTARIA Y POSTERIOR INICIO DEL PROCESO LIQUIDATORIO DE RIGEL PERU S.A.",,sbs_S-401_2025-04_2024200498D.xls
2025-04,P010,75,A,"Mediante Resolución SBS Nº 3286-2020 (28/12/2020), se autorizó la liquidación voluntaria y posterior inicio del proceso liquidatorio de Coface Seguros.","MEDIANTE RESOLUCION SBS NO 3286-2020 (28/12/2020), SE AUTORIZO LA LIQUIDACION VOLUNTARIA Y POSTERIOR INICIO DEL PROCESO LIQUIDATORIO DE COFACE SEGUROS.",,sbs_S-401_2025-04_2024200498D.xls
2025-04,P010,76,A,"Mediante Resolución SBS N° 278-2021 (28/01/2021), se autorizó el cambio de denominación social de Compañía de Seguros de Vida Cámara S.A. a Vivir Seguros Compañía de Seguros de Vida S.A.","MEDIANTE RESOLUCION SBS N 278-2021 (28/01/2021), SE AUTORIZO EL CAMBIO DE DENOMINACION SOCIAL DE COMPANIA DE SEGUROS DE VIDA CAMARA S.A. A VIVIR SEGUROS COMPANIA DE SEGUROS DE VIDA S.A.",,sbs_S-401_2025-04_2024200498D.xls
2025-04,P010,77,A,"Mediante Resolución SBS N° 1724-2022 (25/05/2022), se autorizó la fusión por absorción de Mapfre Perú Vida con Mapfre Perú. A partir del 01.06.2022 esta empresa se denomina Mapfre Perú Compañía de Seguros y Reaseguros S.A.","MEDIANTE RESOLUCION SBS N 1724-2022 (25/05/2022), SE AUTORIZO LA FUSION POR ABSORCION DE MAPFRE PERU VIDA CON MAPFRE PERU. A PARTIR DEL 01.06.2022 ESTA EMPRESA SE DENOMINA MAPFRE PERU COMPANIA DE SEGUROS Y REASEGUROS S.A.",,sbs_S-401_2025-04_2024200498D.xls
2025-04,P010,78,A,*Actualizado al 31/07/2025,*ACTUALIZADO AL 31/07/2025,,sbs_S-401_2025-04_2024200498D.xls
2025-05,P009,67,A,"Mediante Resolución SBS N° 8551-2012 (15/11/2012), se autorizó el cambio de denominación social de InVita Seguros de Vida S.A. a Seguros Sura.","MEDIANTE RESOLUCION SBS N 8551-2012 (15/11/2012), SE AUTORIZO EL CAMBIO DE DENOMINACION SOCIAL DE INVITA SEGUROS DE VIDA S.A. A SEGUROS SURA.",,sbs_S-401_2025-05_2024200498D.xls
2025-05,P009,68,A,"Mediante Resolución SBS N° 2748-2015 (21/05/2015), se autorizó el cambio de denominación social de Aseguradora Magallanes Perú S.A. a HDI Seguros S.A.","MEDIANTE RESOLUCION SBS N 2748-2015 (21/05/2015), SE AUTORIZO EL CAMBIO DE DENOMINACION SOCIAL DE ASEGURADORA MAGALLANES PERU S.A. A HDI SEGUROS S.A.",,sbs_S-401_2025-05_2024200498D.xls
2025-05,P009,69,A,"Mediante Resolución SBS N° 1137-2016 (02/03/2016), se autorizó el cambio de denominación social de Ace Seguros S.A. a Chubb Seguros Perú S.A.","MEDIANTE RESOLUCION SBS N 1137-2016 (02/03/2016), SE AUTORIZO EL CAMBIO DE DENOMINACION SOCIAL DE ACE SEGUROS S.A. A CHUBB SEGUROS PERU S.A.",,sbs_S-401_2025-05_2024200498D.xls
2025-05,P009,70,A,"Mediante Resolución SBS N° 4961-2016 (14/09/2016), se autorizó el cambio de denominación social de AVAL Perú Compañía de Seguros S.A. a AVLA Perú Compañía de Seguros S.A.","MEDIANTE RESOLUCION SBS N 4961-2016 (14/09/2016), SE AUTORIZO EL CAMBIO DE DENOMINACION SOCIAL DE AVAL PERU COMPANIA DE SEGUROS S.A. A AVLA PERU COMPANIA DE SEGUROS S.A.",,sbs_S-401_2025-05_2024200498D.xls
2025-05,P009,71,A,"Mediante Resolución SBS N° 2836-2017 (19/07/2017), se autorizó la fusión por absorción de El Pacífico Vida con El Pacífico Peruano Suiza. A partir del 01.08.2017 esta empresa se denomina Pacífico Compañía de Seguros y Reaseguros.","MEDIANTE RESOLUCION SBS N 2836-2017 (19/07/2017), SE AUTORIZO LA FUSION POR ABSORCION DE EL PACIFICO VIDA CON EL PACIFICO PERUANO SUIZA. A PARTIR DEL 01.08.2017 ESTA EMPRESA SE DENOMINA PACIFICO COMPANIA DE SEGUROS Y REASEGUROS.",,sbs_S-401_2025-05_2024200498D.xls
2025-05,P009,72,A,"Mediante Resolución SBS N° 1170-2018 (27/03/2018), se autorizó la fusión por absorción de Interseguro Compañía de Seguros con Seguros Sura.","MEDIANTE RESOLUCION SBS N 1170-2018 (27/03/2018), SE AUTORIZO LA FUSION POR ABSORCION DE INTERSEGURO COMPANIA DE SEGUROS CON SEGUROS SURA.",,sbs_S-401_2025-05_2024200498D.xls
2025-05,P009,73,A,"Mediante Resolución SBS N° 2296-2019 (22/05/2019), se autorizó el cambio de denominación social de HDI Seguros S.A. a Qualitas Compañía de Seguros S.A.","MEDIANTE RESOLUCION SBS N 2296-2019 (22/05/2019), SE AUTORIZO EL CAMBIO DE DENOMINACION SOCIAL DE HDI SEGUROS S.A. A QUALITAS COMPANIA DE SEGUROS S.A.",,sbs_S-401_2025-05_2024200498D.xls
2025-05,P009,74,A,"Mediante Resolución SBS Nº 1749-2020 (01/07/2020), se autorizó la liquidación voluntaria y posterior inicio del proceso liquidatorio de Rigel Perú S.A.","MEDIANTE RESOLUCION SBS NO 1749-2020 (01/07/2020), SE AUTORIZO LA LIQUIDACION VOLUNTARIA Y POSTERIOR INICIO DEL PROCESO LIQUIDATORIO DE RIGEL PERU S.A.",,sbs_S-401_2025-05_2024200498D.xls
2025-05,P009,75,A,"Mediante Resolución SBS Nº 3286-2020 (28/12/2020), se autorizó la liquidación voluntaria y posterior inicio del proceso liquidatorio de Coface Seguros.","MEDIANTE RESOLUCION SBS NO 3286-2020 (28/12/2020), SE AUTORIZO LA LIQUIDACION VOLUNTARIA Y POSTERIOR INICIO DEL PROCESO LIQUIDATORIO DE COFACE SEGUROS.",,sbs_S-401_2025-05_2024200498D.xls
2025-05,P009,76,A,"Mediante Resolución SBS N° 278-2021 (28/01/2021), se autorizó el cambio de denominación social de Compañía de Seguros de Vida Cámara S.A. a Vivir Seguros Compañía de Seguros de Vida S.A.","MEDIANTE RESOLUCION SBS N 278-2021 (28/01/2021), SE AUTORIZO EL CAMBIO DE DENOMINACION SOCIAL DE COMPANIA DE SEGUROS DE VIDA CAMARA S.A. A VIVIR SEGUROS COMPANIA DE SEGUROS DE VIDA S.A.",,sbs_S-401_2025-05_2024200498D.xls
2025-05,P009,77,A,"Mediante Resolución SBS N° 1724-2022 (25/05/2022), se autorizó la fusión por absorción de Mapfre Perú Vida con Mapfre Perú. A partir del 01.06.2022 esta empresa se denomina Mapfre Perú Compañía de Seguros y Reaseguros S.A.","MEDIANTE RESOLUCION SBS N 1724-2022 (25/05/2022), SE AUTORIZO LA FUSION POR ABSORCION DE MAPFRE PERU VIDA CON MAPFRE PERU. A PARTIR DEL 01.06.2022 ESTA EMPRESA SE DENOMINA MAPFRE PERU COMPANIA DE SEGUROS Y REASEGUROS S.A.",,sbs_S-401_2025-05_2024200498D.xls
2025-05,P009,78,A,"Mediante Resolución SBS N° 01822-2025 (20/05/2025), se autorizó el cambio de denominación social de Secrex Compañía de Seguros de Crédito y Garantías a Cesce Perú S.A.","MEDIANTE RESOLUCION SBS N 01822-2025 (20/05/2025), SE AUTORIZO EL CAMBIO DE DENOMINACION SOCIAL DE SECREX COMPANIA DE SEGUROS DE CREDITO Y GARANTIAS A CESCE PERU S.A.",,sbs_S-401_2025-05_2024200498D.xls
2025-05,P009,79,A,*Actualizado al 31/07/2025,*ACTUALIZADO AL 31/07/2025,,sbs_S-401_2025-05_2024200498D.xls
2025-05,P010,67,A,"Mediante Resolución SBS N° 8551-2012 (15/11/2012), se autorizó el cambio de denominación social de InVita Seguros de Vida S.A. a Seguros Sura.","MEDIANTE RESOLUCION SBS N 8551-2012 (15/11/2012), SE AUTORIZO EL CAMBIO DE DENOMINACION SOCIAL DE INVITA SEGUROS DE VIDA S.A. A SEGUROS SURA.",,sbs_S-401_2025-05_2024200498D.xls
2025-05,P010,68,A,"Mediante Resolución SBS N° 2748-2015 (21/05/2015), se autorizó el cambio de denominación social de Aseguradora Magallanes Perú S.A. a HDI Seguros S.A.","MEDIANTE RESOLUCION SBS N 2748-2015 (21/05/2015), SE AUTORIZO EL CAMBIO DE DENOMINACION SOCIAL DE ASEGURADORA MAGALLANES PERU S.A. A HDI SEGUROS S.A.",,sbs_S-401_2025-05_2024200498D.xls
2025-05,P010,69,A,"Mediante Resolución SBS N° 1137-2016 (02/03/2016), se autorizó el cambio de denominación social de Ace Seguros S.A. a Chubb Seguros Perú S.A.","MEDIANTE RESOLUCION SBS N 1137-2016 (02/03/2016), SE AUTORIZO EL CAMBIO DE DENOMINACION SOCIAL DE ACE SEGUROS S.A. A CHUBB SEGUROS PERU S.A.",,sbs_S-401_2025-05_2024200498D.xls
2025-05,P010,70,A,"Mediante Resolución SBS N° 4961-2016 (14/09/2016), se autorizó el cambio de denominación social de AVAL Perú Compañía de Seguros S.A. a AVLA Perú Compañía de Seguros S.A.","MEDIANTE RESOLUCION SBS N 4961-2016 (14/09/2016), SE AUTORIZO EL CAMBIO DE DENOMINACION SOCIAL DE AVAL PERU COMPANIA DE SEGUROS S.A. A AVLA PERU COMPANIA DE SEGUROS S.A.",,sbs_S-401_2025-05_2024200498D.xls
2025-05,P010,71,A,"Mediante Resolución SBS N° 2836-2017 (19/07/2017), se autorizó la fusión por absorción de El Pacífico Vida con El Pacífico Peruano Suiza. A partir del 01.08.2017 esta empresa se denomina Pacífico Compañía de Seguros y Reaseguros.","MEDIANTE RESOLUCION SBS N 2836-2017 (19/07/2017), SE AUTORIZO LA FUSION POR ABSORCION DE EL PACIFICO VIDA CON EL PACIFICO PERUANO SUIZA. A PARTIR DEL 01.08.2017 ESTA EMPRESA SE DENOMINA PACIFICO COMPANIA DE SEGUROS Y REASEGUROS.",,sbs_S-401_2025-05_2024200498D.xls
2025-05,P010,72,A,"Mediante Resolución SBS N° 1170-2018 (27/03/2018), se autorizó la fusión por absorción de Interseguro Compañía de Seguros con Seguros Sura.","MEDIANTE RESOLUCION SBS N 1170-2018 (27/03/2018), SE AUTORIZO LA FUSION POR ABSORCION DE INTERSEGURO COMPANIA DE SEGUROS CON SEGUROS SURA.",,sbs_S-401_2025-05_2024200498D.xls
2025-05,P010,73,A,"Mediante Resolución SBS N° 2296-2019 (22/05/2019), se autorizó el cambio de denominación social de HDI Seguros S.A. a Qualitas Compañía de Seguros S.A.","MEDIANTE RESOLUCION SBS N 2296-2019 (22/05/2019), SE AUTORIZO EL CAMBIO DE DENOMINACION SOCIAL DE HDI SEGUROS S.A. A QUALITAS COMPANIA DE SEGUROS S.A.",,sbs_S-401_2025-05_2024200498D.xls
2025-05,P010,74,A,"Mediante Resolución SBS Nº 1749-2020 (01/07/2020), se autorizó la liquidación voluntaria y posterior inicio del proceso liquidatorio de Rigel Perú S.A.","MEDIANTE RESOLUCION SBS NO 1749-2020 (01/07/2020), SE AUTORIZO LA LIQUIDACION VOLUNTARIA Y POSTERIOR INICIO DEL PROCESO LIQUIDATORIO DE RIGEL PERU S.A.",,sbs_S-401_2025-05_2024200498D.xls
2025-05,P010,75,A,"Mediante Resolución SBS Nº 3286-2020 (28/12/2020), se autorizó la liquidación voluntaria y posterior inicio del proceso liquidatorio de Coface Seguros.","MEDIANTE RESOLUCION SBS NO 3286-2020 (28/12/2020), SE AUTORIZO LA LIQUIDACION VOLUNTARIA Y POSTERIOR INICIO DEL PROCESO LIQUIDATORIO DE COFACE SEGUROS.",,sbs_S-401_2025-05_2024200498D.xls
2025-05,P010,76,A,"Mediante Resolución SBS N° 278-2021 (28/01/2021), se autorizó el cambio de denominación social de Compañía de Seguros de Vida Cámara S.A. a Vivir Seguros Compañía de Seguros de Vida S.A.","MEDIANTE RESOLUCION SBS N 278-2021 (28/01/2021), SE AUTORIZO EL CAMBIO DE DENOMINACION SOCIAL DE COMPANIA DE SEGUROS DE VIDA CAMARA S.A. A VIVIR SEGUROS COMPANIA DE SEGUROS DE VIDA S.A.",,sbs_S-401_2025-05_2024200498D.xls
2025-05,P010,77,A,"Mediante Resolución SBS N° 1724-2022 (25/05/2022), se autorizó la fusión por absorción de Mapfre Perú Vida con Mapfre Perú. A partir del 01.06.2022 esta empresa se denomina Mapfre Perú Compañía de Seguros y Reaseguros S.A.","MEDIANTE RESOLUCION SBS N 1724-2022 (25/05/2022), SE AUTORIZO LA FUSION POR ABSORCION DE MAPFRE PERU VIDA CON MAPFRE PERU. A PARTIR DEL 01.06.2022 ESTA EMPRESA SE DENOMINA MAPFRE PERU COMPANIA DE SEGUROS Y REASEGUROS S.A.",,sbs_S-401_2025-05_2024200498D.xls
2025-05,P010,78,A,"Mediante Resolución SBS N° 01822-2025 (20/05/2025), se autorizó el cambio de denominación social de Secrex Compañía de Seguros de Crédito y Garantías a Cesce Perú S.A.","MEDIANTE RESOLUCION SBS N 01822-2025 (20/05/2025), SE AUTORIZO EL CAMBIO DE DENOMINACION SOCIAL DE SECREX COMPANIA DE SEGUROS DE CREDITO Y GARANTIAS A CESCE PERU S.A.",,sbs_S-401_2025-05_2024200498D.xls
2025-05,P010,79,A,*Actualizado al 31/07/2025,*ACTUALIZADO AL 31/07/2025,,sbs_S-401_2025-05_2024200498D.xls
2025-06,P009,67,A,"Mediante Resolución SBS N° 8551-2012 (15/11/2012), se autorizó el cambio de denominación social de InVita Seguros de Vida S.A. a Seguros Sura.","MEDIANTE RESOLUCION SBS N 8551-2012 (15/11/2012), SE AUTORIZO EL CAMBIO DE DENOMINACION SOCIAL DE INVITA SEGUROS DE VIDA S.A. A SEGUROS SURA.",,sbs_S-401_2025-06_2024200498D.xls
2025-06,P009,68,A,"Mediante Resolución SBS N° 2748-2015 (21/05/2015), se autorizó el cambio de denominación social de Aseguradora Magallanes Perú S.A. a HDI Seguros S.A.","MEDIANTE RESOLUCION SBS N 2748-2015 (21/05/2015), SE AUTORIZO EL CAMBIO DE DENOMINACION SOCIAL DE ASEGURADORA MAGALLANES PERU S.A. A HDI SEGUROS S.A.",,sbs_S-401_2025-06_2024200498D.xls
2025-06,P009,69,A,"Mediante Resolución SBS N° 1137-2016 (02/03/2016), se autorizó el cambio de denominación social de Ace Seguros S.A. a Chubb Seguros Perú S.A.","MEDIANTE RESOLUCION SBS N 1137-2016 (02/03/2016), SE AUTORIZO EL CAMBIO DE DENOMINACION SOCIAL DE ACE SEGUROS S.A. A CHUBB SEGUROS PERU S.A.",,sbs_S-401_2025-06_2024200498D.xls
2025-06,P009,70,A,"Mediante Resolución SBS N° 4961-2016 (14/09/2016), se autorizó el cambio de denominación social de AVAL Perú Compañía de Seguros S.A. a AVLA Perú Compañía de Seguros S.A.","MEDIANTE RESOLUCION SBS N 4961-2016 (14/09/2016), SE AUTORIZO EL CAMBIO DE DENOMINACION SOCIAL DE AVAL PERU COMPANIA DE SEGUROS S.A. A AVLA PERU COMPANIA DE SEGUROS S.A.",,sbs_S-401_2025-06_2024200498D.xls
2025-06,P009,71,A,"Mediante Resolución SBS N° 2836-2017 (19/07/2017), se autorizó la fusión por absorción de El Pacífico Vida con El Pacífico Peruano Suiza. A partir del 01.08.2017 esta empresa se denomina Pacífico Compañía de Seguros y Reaseguros.","MEDIANTE RESOLUCION SBS N 2836-2017 (19/07/2017), SE AUTORIZO LA FUSION POR ABSORCION DE EL PACIFICO VIDA CON EL PACIFICO PERUANO SUIZA. A PARTIR DEL 01.08.2017 ESTA EMPRESA SE DENOMINA PACIFICO COMPANIA DE SEGUROS Y REASEGUROS.",,sbs_S-401_2025-06_2024200498D.xls
2025-06,P009,72,A,"Mediante Resolución SBS N° 1170-2018 (27/03/2018), se autorizó la fusión por absorción de Interseguro Compañía de Seguros con Seguros Sura.","MEDIANTE RESOLUCION SBS N 1170-2018 (27/03/2018), SE AUTORIZO LA FUSION POR ABSORCION DE INTERSEGURO COMPANIA DE SEGUROS CON SEGUROS SURA.",,sbs_S-401_2025-06_2024200498D.xls
2025-06,P009,73,A,"Mediante Resolución SBS N° 2296-2019 (22/05/2019), se autorizó el cambio de denominación social de HDI Seguros S.A. a Qualitas Compañía de Seguros S.A.","MEDIANTE RESOLUCION SBS N 2296-2019 (22/05/2019), SE AUTORIZO EL CAMBIO DE DENOMINACION SOCIAL DE HDI SEGUROS S.A. A QUALITAS COMPANIA DE SEGUROS S.A.",,sbs_S-401_2025-06_2024200498D.xls
2025-06,P009,74,A,"Mediante Resolución SBS Nº 1749-2020 (01/07/2020), se autorizó la liquidación voluntaria y posterior inicio del proceso liquidatorio de Rigel Perú S.A.","MEDIANTE RESOLUCION SBS NO 1749-2020 (01/07/2020), SE AUTORIZO LA LIQUIDACION VOLUNTARIA Y POSTERIOR INICIO DEL PROCESO LIQUIDATORIO DE RIGEL PERU S.A.",,sbs_S-401_2025-06_2024200498D.xls
2025-06,P009,75,A,"Mediante Resolución SBS Nº 3286-2020 (28/12/2020), se autorizó la liquidación voluntaria y posterior inicio del proceso liquidatorio de Coface Seguros.","MEDIANTE RESOLUCION SBS NO 3286-2020 (28/12/2020), SE AUTORIZO LA LIQUIDACION VOLUNTARIA Y POSTERIOR INICIO DEL PROCESO LIQUIDATORIO DE COFACE SEGUROS.",,sbs_S-401_2025-06_2024200498D.xls
2025-06,P009,76,A,"Mediante Resolución SBS N° 278-2021 (28/01/2021), se autorizó el cambio de denominación social de Compañía de Seguros de Vida Cámara S.A. a Vivir Seguros Compañía de Seguros de Vida S.A.","MEDIANTE RESOLUCION SBS N 278-2021 (28/01/2021), SE AUTORIZO EL CAMBIO DE DENOMINACION SOCIAL DE COMPANIA DE SEGUROS DE VIDA CAMARA S.A. A VIVIR SEGUROS COMPANIA DE SEGUROS DE VIDA S.A.",,sbs_S-401_2025-06_2024200498D.xls
2025-06,P009,77,A,"Mediante Resolución SBS N° 1724-2022 (25/05/2022), se autorizó la fusión por absorción de Mapfre Perú Vida con Mapfre Perú. A partir del 01.06.2022 esta empresa se denomina Mapfre Perú Compañía de Seguros y Reaseguros S.A.","MEDIANTE RESOLUCION SBS N 1724-2022 (25/05/2022), SE AUTORIZO LA FUSION POR ABSORCION DE MAPFRE PERU VIDA CON MAPFRE PERU. A PARTIR DEL 01.06.2022 ESTA EMPRESA SE DENOMINA MAPFRE PERU COMPANIA DE SEGUROS Y REASEGUROS S.A.",,sbs_S-401_2025-06_2024200498D.xls
2025-06,P009,78,A,"Mediante Resolución SBS N° 01822-2025 (20/05/2025), se autorizó el cambio de denominación social de Secrex Compañía de Seguros de Crédito y Garantías a Cesce Perú S.A.","MEDIANTE RESOLUCION SBS N 01822-2025 (20/05/2025), SE AUTORIZO EL CAMBIO DE DENOMINACION SOCIAL DE SECREX COMPANIA DE SEGUROS DE CREDITO Y GARANTIAS A CESCE PERU S.A.",,sbs_S-401_2025-06_2024200498D.xls
2025-06,P010,67,A,"Mediante Resolución SBS N° 8551-2012 (15/11/2012), se autorizó el cambio de denominación social de InVita Seguros de Vida S.A. a Seguros Sura.","MEDIANTE RESOLUCION SBS N 8551-2012 (15/11/2012), SE AUTORIZO EL CAMBIO DE DENOMINACION SOCIAL DE INVITA SEGUROS DE VIDA S.A. A SEGUROS SURA.",,sbs_S-401_2025-06_2024200498D.xls
2025-06,P010,68,A,"Mediante Resolución SBS N° 2748-2015 (21/05/2015), se autorizó el cambio de denominación social de Aseguradora Magallanes Perú S.A. a HDI Seguros S.A.","MEDIANTE RESOLUCION SBS N 2748-2015 (21/05/2015), SE AUTORIZO EL CAMBIO DE DENOMINACION SOCIAL DE ASEGURADORA MAGALLANES PERU S.A. A HDI SEGUROS S.A.",,sbs_S-401_2025-06_2024200498D.xls
2025-06,P010,69,A,"Mediante Resolución SBS N° 1137-2016 (02/03/2016), se autorizó el cambio de denominación social de Ace Seguros S.A. a Chubb Seguros Perú S.A.","MEDIANTE RESOLUCION SBS N 1137-2016 (02/03/2016), SE AUTORIZO EL CAMBIO DE DENOMINACION SOCIAL DE ACE SEGUROS S.A. A CHUBB SEGUROS PERU S.A.",,sbs_S-401_2025-06_2024200498D.xls
2025-06,P010,70,A,"Mediante Resolución SBS N° 4961-2016 (14/09/2016), se autorizó el cambio de denominación social de AVAL Perú Compañía de Seguros S.A. a AVLA Perú Compañía de Seguros S.A.","MEDIANTE RESOLUCION SBS N 4961-2016 (14/09/2016), SE AUTORIZO EL CAMBIO DE DENOMINACION SOCIAL DE AVAL PERU COMPANIA DE SEGUROS S.A. A AVLA PERU COMPANIA DE SEGUROS S.A.",,sbs_S-401_2025-06_2024200498D.xls
2025-06,P010,71,A,"Mediante Resolución SBS N° 2836-2017 (19/07/2017), se autorizó la fusión por absorción de El Pacífico Vida con El Pacífico Peruano Suiza. A partir del 01.08.2017 esta empresa se denomina Pacífico Compañía de Seguros y Reaseguros.","MEDIANTE RESOLUCION SBS N 2836-2017 (19/07/2017), SE AUTORIZO LA FUSION POR ABSORCION DE EL PACIFICO VIDA CON EL PACIFICO PERUANO SUIZA. A PARTIR DEL 01.08.2017 ESTA EMPRESA SE DENOMINA PACIFICO COMPANIA DE SEGUROS Y REASEGUROS.",,sbs_S-401_2025-06_2024200498D.xls
2025-06,P010,72,A,"Mediante Resolución SBS N° 1170-2018 (27/03/2018), se autorizó la fusión por absorción de Interseguro Compañía de Seguros con Seguros Sura.","MEDIANTE RESOLUCION SBS N 1170-2018 (27/03/2018), SE AUTORIZO LA FUSION POR ABSORCION DE INTERSEGURO COMPANIA DE SEGUROS CON SEGUROS SURA.",,sbs_S-401_2025-06_2024200498D.xls
2025-06,P010,73,A,"Mediante Resolución SBS N° 2296-2019 (22/05/2019), se autorizó el cambio de denominación social de HDI Seguros S.A. a Qualitas Compañía de Seguros S.A.","MEDIANTE RESOLUCION SBS N 2296-2019 (22/05/2019), SE AUTORIZO EL CAMBIO DE DENOMINACION SOCIAL DE HDI SEGUROS S.A. A QUALITAS COMPANIA DE SEGUROS S.A.",,sbs_S-401_2025-06_2024200498D.xls
2025-06,P010,74,A,"Mediante Resolución SBS Nº 1749-2020 (01/07/2020), se autorizó la liquidación voluntaria y posterior inicio del proceso liquidatorio de Rigel Perú S.A.","MEDIANTE RESOLUCION SBS NO 1749-2020 (01/07/2020), SE AUTORIZO LA LIQUIDACION VOLUNTARIA Y POSTERIOR INICIO DEL PROCESO LIQUIDATORIO DE RIGEL PERU S.A.",,sbs_S-401_2025-06_2024200498D.xls
2025-06,P010,75,A,"Mediante Resolución SBS Nº 3286-2020 (28/12/2020), se autorizó la liquidación voluntaria y posterior inicio del proceso liquidatorio de Coface Seguros.","MEDIANTE RESOLUCION SBS NO 3286-2020 (28/12/2020), SE AUTORIZO LA LIQUIDACION VOLUNTARIA Y POSTERIOR INICIO DEL PROCESO LIQUIDATORIO DE COFACE SEGUROS.",,sbs_S-401_2025-06_2024200498D.xls
2025-06,P010,76,A,"Mediante Resolución SBS N° 278-2021 (28/01/2021), se autorizó el cambio de denominación social de Compañía de Seguros de Vida Cámara S.A. a Vivir Seguros Compañía de Seguros de Vida S.A.","MEDIANTE RESOLUCION SBS N 278-2021 (28/01/2021), SE AUTORIZO EL CAMBIO DE DENOMINACION SOCIAL DE COMPANIA DE SEGUROS DE VIDA CAMARA S.A. A VIVIR SEGUROS COMPANIA DE SEGUROS DE VIDA S.A.",,sbs_S-401_2025-06_2024200498D.xls
2025-06,P010,77,A,"Mediante Resolución SBS N° 1724-2022 (25/05/2022), se autorizó la fusión por absorción de Mapfre Perú Vida con Mapfre Perú. A partir del 01.06.2022 esta empresa se denomina Mapfre Perú Compañía de Seguros y Reaseguros S.A.","MEDIANTE RESOLUCION SBS N 1724-2022 (25/05/2022), SE AUTORIZO LA FUSION POR ABSORCION DE MAPFRE PERU VIDA CON MAPFRE PERU. A PARTIR DEL 01.06.2022 ESTA EMPRESA SE DENOMINA MAPFRE PERU COMPANIA DE SEGUROS Y REASEGUROS S.A.",,sbs_S-401_2025-06_2024200498D.xls
2025-06,P010,78,A,"Mediante Resolución SBS N° 01822-2025 (20/05/2025), se autorizó el cambio de denominación social de Secrex Compañía de Seguros de Crédito y Garantías a Cesce Perú S.A.","MEDIANTE RESOLUCION SBS N 01822-2025 (20/05/2025), SE AUTORIZO EL CAMBIO DE DENOMINACION SOCIAL DE SECREX COMPANIA DE SEGUROS DE CREDITO Y GARANTIAS A CESCE PERU S.A.",,sbs_S-401_2025-06_2024200498D.xls
2025-07,P009,67,A,"Mediante Resolución SBS N° 8551-2012 (15/11/2012), se autorizó el cambio de denominación social de InVita Seguros de Vida S.A. a Seguros Sura.","MEDIANTE RESOLUCION SBS N 8551-2012 (15/11/2012), SE AUTORIZO EL CAMBIO DE DENOMINACION SOCIAL DE INVITA SEGUROS DE VIDA S.A. A SEGUROS SURA.",,sbs_S-401_2025-07_2024200498D.xls
2025-07,P009,68,A,"Mediante Resolución SBS N° 2748-2015 (21/05/2015), se autorizó el cambio de denominación social de Aseguradora Magallanes Perú S.A. a HDI Seguros S.A.","MEDIANTE RESOLUCION SBS N 2748-2015 (21/05/2015), SE AUTORIZO EL CAMBIO DE DENOMINACION SOCIAL DE ASEGURADORA MAGALLANES PERU S.A. A HDI SEGUROS S.A.",,sbs_S-401_2025-07_2024200498D.xls
2025-07,P009,69,A,"Mediante Resolución SBS N° 1137-2016 (02/03/2016), se autorizó el cambio de denominación social de Ace Seguros S.A. a Chubb Seguros Perú S.A.","MEDIANTE RESOLUCION SBS N 1137-2016 (02/03/2016), SE AUTORIZO EL CAMBIO DE DENOMINACION SOCIAL DE ACE SEGUROS S.A. A CHUBB SEGUROS PERU S.A.",,sbs_S-401_2025-07_2024200498D.xls
2025-07,P009,70,A,"Mediante Resolución SBS N° 4961-2016 (14/09/2016), se autorizó el cambio de denominación social de AVAL Perú Compañía de Seguros S.A. a AVLA Perú Compañía de Seguros S.A.","MEDIANTE RESOLUCION SBS N 4961-2016 (14/09/2016), SE AUTORIZO EL CAMBIO DE DENOMINACION SOCIAL DE AVAL PERU COMPANIA DE SEGUROS S.A. A AVLA PERU COMPANIA DE SEGUROS S.A.",,sbs_S-401_2025-07_2024200498D.xls
2025-07,P009,71,A,"Mediante Resolución SBS N° 2836-2017 (19/07/2017), se autorizó la fusión por absorción de El Pacífico Vida con El Pacífico Peruano Suiza. A partir del 01.08.2017 esta empresa se denomina Pacífico Compañía de Seguros y Reaseguros.","MEDIANTE RESOLUCION SBS N 2836-2017 (19/07/2017), SE AUTORIZO LA FUSION POR ABSORCION DE EL PACIFICO VIDA CON EL PACIFICO PERUANO SUIZA. A PARTIR DEL 01.08.2017 ESTA EMPRESA SE DENOMINA PACIFICO COMPANIA DE SEGUROS Y REASEGUROS.",,sbs_S-401_2025-07_2024200498D.xls
2025-07,P009,72,A,"Mediante Resolución SBS N° 1170-2018 (27/03/2018), se autorizó la fusión por absorción de Interseguro Compañía de Seguros con Seguros Sura.","MEDIANTE RESOLUCION SBS N 1170-2018 (27/03/2018), SE AUTORIZO LA FUSION POR ABSORCION DE INTERSEGURO COMPANIA DE SEGUROS CON SEGUROS SURA.",,sbs_S-401_2025-07_2024200498D.xls
2025-07,P009,73,A,"Mediante Resolución SBS N° 2296-2019 (22/05/2019), se autorizó el cambio de denominación social de HDI Seguros S.A. a Qualitas Compañía de Seguros S.A.","MEDIANTE RESOLUCION SBS N 2296-2019 (22/05/2019), SE AUTORIZO EL CAMBIO DE DENOMINACION SOCIAL DE HDI SEGUROS S.A. A QUALITAS COMPANIA DE SEGUROS S.A.",,sbs_S-401_2025-07_2024200498D.xls
2025-07,P009,74,A,"Mediante Resolución SBS Nº 1749-2020 (01/07/2020), se autorizó la liquidación voluntaria y posterior inicio del proceso liquidatorio de Rigel Perú S.A.","MEDIANTE RESOLUCION SBS NO 1749-2020 (01/07/2020), SE AUTORIZO LA LIQUIDACION VOLUNTARIA Y POSTERIOR INICIO DEL PROCESO LIQUIDATORIO DE RIGEL PERU S.A.",,sbs_S-401_2025-07_2024200498D.xls
2025-07,P009,75,A,"Mediante Resolución SBS Nº 3286-2020 (28/12/2020), se autorizó la liquidación voluntaria y posterior inicio del proceso liquidatorio de Coface Seguros.","MEDIANTE RESOLUCION SBS NO 3286-2020 (28/12/2020), SE AUTORIZO LA LIQUIDACION VOLUNTARIA Y POSTERIOR INICIO DEL PROCESO LIQUIDATORIO DE COFACE SEGUROS.",,sbs_S-401_2025-07_2024200498D.xls
2025-07,P009,76,A,"Mediante Resolución SBS N° 278-2021 (28/01/2021), se autorizó el cambio de denominación social de Compañía de Seguros de Vida Cámara S.A. a Vivir Seguros Compañía de Seguros de Vida S.A.","MEDIANTE RESOLUCION SBS N 278-2021 (28/01/2021), SE AUTORIZO EL CAMBIO DE DENOMINACION SOCIAL DE COMPANIA DE SEGUROS DE VIDA CAMARA S.A. A VIVIR SEGUROS COMPANIA DE SEGUROS DE VIDA S.A.",,sbs_S-401_2025-07_2024200498D.xls
2025-07,P009,77,A,"Mediante Resolución SBS N° 1724-2022 (25/05/2022), se autorizó la fusión por absorción de Mapfre Perú Vida con Mapfre Perú. A partir del 01.06.2022 esta empresa se denomina Mapfre Perú Compañía de Seguros y Reaseguros S.A.","MEDIANTE RESOLUCION SBS N 1724-2022 (25/05/2022), SE AUTORIZO LA FUSION POR ABSORCION DE MAPFRE PERU VIDA CON MAPFRE PERU. A PARTIR DEL 01.06.2022 ESTA EMPRESA SE DENOMINA MAPFRE PERU COMPANIA DE SEGUROS Y REASEGUROS S.A.",,sbs_S-401_2025-07_2024200498D.xls
2025-07,P009,78,A,"Mediante Resolución SBS N° 01822-2025 (20/05/2025), se autorizó el cambio de denominación social de Secrex Compañía de Seguros de Crédito y Garantías a Cesce Perú S.A.","MEDIANTE RESOLUCION SBS N 01822-2025 (20/05/2025), SE AUTORIZO EL CAMBIO DE DENOMINACION SOCIAL DE SECREX COMPANIA DE SEGUROS DE CREDITO Y GARANTIAS A CESCE PERU S.A.",,sbs_S-401_2025-07_2024200498D.xls
2025-07,P010,67,A,"Mediante Resolución SBS N° 8551-2012 (15/11/2012), se autorizó el cambio de denominación social de InVita Seguros de Vida S.A. a Seguros Sura.","MEDIANTE RESOLUCION SBS N 8551-2012 (15/11/2012), SE AUTORIZO EL CAMBIO DE DENOMINACION SOCIAL DE INVITA SEGUROS DE VIDA S.A. A SEGUROS SURA.",,sbs_S-401_2025-07_2024200498D.xls
2025-07,P010,68,A,"Mediante Resolución SBS N° 2748-2015 (21/05/2015), se autorizó el cambio de denominación social de Aseguradora Magallanes Perú S.A. a HDI Seguros S.A.","MEDIANTE RESOLUCION SBS N 2748-2015 (21/05/2015), SE AUTORIZO EL CAMBIO DE DENOMINACION SOCIAL DE ASEGURADORA MAGALLANES PERU S.A. A HDI SEGUROS S.A.",,sbs_S-401_2025-07_2024200498D.xls
2025-07,P010,69,A,"Mediante Resolución SBS N° 1137-2016 (02/03/2016), se autorizó el cambio de denominación social de Ace Seguros S.A. a Chubb Seguros Perú S.A.","MEDIANTE RESOLUCION SBS N 1137-2016 (02/03/2016), SE AUTORIZO EL CAMBIO DE DENOMINACION SOCIAL DE ACE SEGUROS S.A. A CHUBB SEGUROS PERU S.A.",,sbs_S-401_2025-07_2024200498D.xls
2025-07,P010,70,A,"Mediante Resolución SBS N° 4961-2016 (14/09/2016), se autorizó el cambio de denominación social de AVAL Perú Compañía de Seguros S.A. a AVLA Perú Compañía de Seguros S.A.","MEDIANTE RESOLUCION SBS N 4961-2016 (14/09/2016), SE AUTORIZO EL CAMBIO DE DENOMINACION SOCIAL DE AVAL PERU COMPANIA DE SEGUROS S.A. A AVLA PERU COMPANIA DE SEGUROS S.A.",,sbs_S-401_2025-07_2024200498D.xls
2025-07,P010,71,A,"Mediante Resolución SBS N° 2836-2017 (19/07/2017), se autorizó la fusión por absorción de El Pacífico Vida con El Pacífico Peruano Suiza. A partir del 01.08.2017 esta empresa se denomina Pacífico Compañía de Seguros y Reaseguros.","MEDIANTE RESOLUCION SBS N 2836-2017 (19/07/2017), SE AUTORIZO LA FUSION POR ABSORCION DE EL PACIFICO VIDA CON EL PACIFICO PERUANO SUIZA. A PARTIR DEL 01.08.2017 ESTA EMPRESA SE DENOMINA PACIFICO COMPANIA DE SEGUROS Y REASEGUROS.",,sbs_S-401_2025-07_2024200498D.xls
2025-07,P010,72,A,"Mediante Resolución SBS N° 1170-2018 (27/03/2018), se autorizó la fusión por absorción de Interseguro Compañía de Seguros con Seguros Sura.","MEDIANTE RESOLUCION SBS N 1170-2018 (27/03/2018), SE AUTORIZO LA FUSION POR ABSORCION DE INTERSEGURO COMPANIA DE SEGUROS CON SEGUROS SURA.",,sbs_S-401_2025-07_2024200498D.xls
2025-07,P010,73,A,"Mediante Resolución SBS N° 2296-2019 (22/05/2019), se autorizó el cambio de denominación social de HDI Seguros S.A. a Qualitas Compañía de Seguros S.A.","MEDIANTE RESOLUCION SBS N 2296-2019 (22/05/2019), SE AUTORIZO EL CAMBIO DE DENOMINACION SOCIAL DE HDI SEGUROS S.A. A QUALITAS COMPANIA DE SEGUROS S.A.",,sbs_S-401_2025-07_2024200498D.xls
2025-07,P010,74,A,"Mediante Resolución SBS Nº 1749-2020 (01/07/2020), se autorizó la liquidación voluntaria y posterior inicio del proceso liquidatorio de Rigel Perú S.A.","MEDIANTE RESOLUCION SBS NO 1749-2020 (01/07/2020), SE AUTORIZO LA LIQUIDACION VOLUNTARIA Y POSTERIOR INICIO DEL PROCESO LIQUIDATORIO DE RIGEL PERU S.A.",,sbs_S-401_2025-07_2024200498D.xls
2025-07,P010,75,A,"Mediante Resolución SBS Nº 3286-2020 (28/12/2020), se autorizó la liquidación voluntaria y posterior inicio del proceso liquidatorio de Coface Seguros.","MEDIANTE RESOLUCION SBS NO 3286-2020 (28/12/2020), SE AUTORIZO LA LIQUIDACION VOLUNTARIA Y POSTERIOR INICIO DEL PROCESO LIQUIDATORIO DE COFACE SEGUROS.",,sbs_S-401_2025-07_2024200498D.xls
2025-07,P010,76,A,"Mediante Resolución SBS N° 278-2021 (28/01/2021), se autorizó el cambio de denominación social de Compañía de Seguros de Vida Cámara S.A. a Vivir Seguros Compañía de Seguros de Vida S.A.","MEDIANTE RESOLUCION SBS N 278-2021 (28/01/2021), SE AUTORIZO EL CAMBIO DE DENOMINACION SOCIAL DE COMPANIA DE SEGUROS DE VIDA CAMARA S.A. A VIVIR SEGUROS COMPANIA DE SEGUROS DE VIDA S.A.",,sbs_S-401_2025-07_2024200498D.xls
2025-07,P010,77,A,"Mediante Resolución SBS N° 1724-2022 (25/05/2022), se autorizó la fusión por absorción de Mapfre Perú Vida con Mapfre Perú. A partir del 01.06.2022 esta empresa se denomina Mapfre Perú Compañía de Seguros y Reaseguros S.A.","MEDIANTE RESOLUCION SBS N 1724-2022 (25/05/2022), SE AUTORIZO LA FUSION POR ABSORCION DE MAPFRE PERU VIDA CON MAPFRE PERU. A PARTIR DEL 01.06.2022 ESTA EMPRESA SE DENOMINA MAPFRE PERU COMPANIA DE SEGUROS Y REASEGUROS S.A.",,sbs_S-401_2025-07_2024200498D.xls
2025-07,P010,78,A,"Mediante Resolución SBS N° 01822-2025 (20/05/2025), se autorizó el cambio de denominación social de Secrex Compañía de Seguros de Crédito y Garantías a Cesce Perú S.A.","MEDIANTE RESOLUCION SBS N 01822-2025 (20/05/2025), SE AUTORIZO EL CAMBIO DE DENOMINACION SOCIAL DE SECREX COMPANIA DE SEGUROS DE CREDITO Y GARANTIAS A CESCE PERU S.A.",,sbs_S-401_2025-07_2024200498D.xls
2025-08,P009,67,A,"Mediante Resolución SBS N° 8551-2012 (15/11/2012), se autorizó el cambio de denominación social de InVita Seguros de Vida S.A. a Seguros Sura.","MEDIANTE RESOLUCION SBS N 8551-2012 (15/11/2012), SE AUTORIZO EL CAMBIO DE DENOMINACION SOCIAL DE INVITA SEGUROS DE VIDA S.A. A SEGUROS SURA.",,sbs_S-401_2025-08_2024200498D.xls
2025-08,P009,68,A,"Mediante Resolución SBS N° 2748-2015 (21/05/2015), se autorizó el cambio de denominación social de Aseguradora Magallanes Perú S.A. a HDI Seguros S.A.","MEDIANTE RESOLUCION SBS N 2748-2015 (21/05/2015), SE AUTORIZO EL CAMBIO DE DENOMINACION SOCIAL DE ASEGURADORA MAGALLANES PERU S.A. A HDI SEGUROS S.A.",,sbs_S-401_2025-08_2024200498D.xls
2025-08,P009,69,A,"Mediante Resolución SBS N° 1137-2016 (02/03/2016), se autorizó el cambio de denominación social de Ace Seguros S.A. a Chubb Seguros Perú S.A.","MEDIANTE RESOLUCION SBS N 1137-2016 (02/03/2016), SE AUTORIZO EL CAMBIO DE DENOMINACION SOCIAL DE ACE SEGUROS S.A. A CHUBB SEGUROS PERU S.A.",,sbs_S-401_2025-08_2024200498D.xls
2025-08,P009,70,A,"Mediante Resolución SBS N° 4961-2016 (14/09/2016), se autorizó el cambio de denominación social de AVAL Perú Compañía de Seguros S.A. a AVLA Perú Compañía de Seguros S.A.","MEDIANTE RESOLUCION SBS N 4961-2016 (14/09/2016), SE AUTORIZO EL CAMBIO DE DENOMINACION SOCIAL DE AVAL PERU COMPANIA DE SEGUROS S.A. A AVLA PERU COMPANIA DE SEGUROS S.A.",,sbs_S-401_2025-08_2024200498D.xls
2025-08,P009,71,A,"Mediante Resolución SBS N° 2836-2017 (19/07/2017), se autorizó la fusión por absorción de El Pacífico Vida con El Pacífico Peruano Suiza. A partir del 01.08.2017 esta empresa se denomina Pacífico Compañía de Seguros y Reaseguros.","MEDIANTE RESOLUCION SBS N 2836-2017 (19/07/2017), SE AUTORIZO LA FUSION POR ABSORCION DE EL PACIFICO VIDA CON EL PACIFICO PERUANO SUIZA. A PARTIR DEL 01.08.2017 ESTA EMPRESA SE DENOMINA PACIFICO COMPANIA DE SEGUROS Y REASEGUROS.",,sbs_S-401_2025-08_2024200498D.xls
2025-08,P009,72,A,"Mediante Resolución SBS N° 1170-2018 (27/03/2018), se autorizó la fusión por absorción de Interseguro Compañía de Seguros con Seguros Sura.","MEDIANTE RESOLUCION SBS N 1170-2018 (27/03/2018), SE AUTORIZO LA FUSION POR ABSORCION DE INTERSEGURO COMPANIA DE SEGUROS CON SEGUROS SURA.",,sbs_S-401_2025-08_2024200498D.xls
2025-08,P009,73,A,"Mediante Resolución SBS N° 2296-2019 (22/05/2019), se autorizó el cambio de denominación social de HDI Seguros S.A. a Qualitas Compañía de Seguros S.A.","MEDIANTE RESOLUCION SBS N 2296-2019 (22/05/2019), SE AUTORIZO EL CAMBIO DE DENOMINACION SOCIAL DE HDI SEGUROS S.A. A QUALITAS COMPANIA DE SEGUROS S.A.",,sbs_S-401_2025-08_2024200498D.xls
2025-08,P009,74,A,"Mediante Resolución SBS Nº 1749-2020 (01/07/2020), se autorizó la liquidación voluntaria y posterior inicio del proceso liquidatorio de Rigel Perú S.A.","MEDIANTE RESOLUCION SBS NO 1749-2020 (01/07/2020), SE AUTORIZO LA LIQUIDACION VOLUNTARIA Y POSTERIOR INICIO DEL PROCESO LIQUIDATORIO DE RIGEL PERU S.A.",,sbs_S-401_2025-08_2024200498D.xls
2025-08,P009,75,A,"Mediante Resolución SBS Nº 3286-2020 (28/12/2020), se autorizó la liquidación voluntaria y posterior inicio del proceso liquidatorio de Coface Seguros.","MEDIANTE RESOLUCION SBS NO 3286-2020 (28/12/2020), SE AUTORIZO LA LIQUIDACION VOLUNTARIA Y POSTERIOR INICIO DEL PROCESO LIQUIDATORIO DE COFACE SEGUROS.",,sbs_S-401_2025-08_2024200498D.xls
2025-08,P009,76,A,"Mediante Resolución SBS N° 278-2021 (28/01/2021), se autorizó el cambio de denominación social de Compañía de Seguros de Vida Cámara S.A. a Vivir Seguros Compañía de Seguros de Vida S.A.","MEDIANTE RESOLUCION SBS N 278-2021 (28/01/2021), SE AUTORIZO EL CAMBIO DE DENOMINACION SOCIAL DE COMPANIA DE SEGUROS DE VIDA CAMARA S.A. A VIVIR SEGUROS COMPANIA DE SEGUROS DE VIDA S.A.",,sbs_S-401_2025-08_2024200498D.xls
2025-08,P009,77,A,"Mediante Resolución SBS N° 1724-2022 (25/05/2022), se autorizó la fusión por absorción de Mapfre Perú Vida con Mapfre Perú. A partir del 01.06.2022 esta empresa se denomina Mapfre Perú Compañía de Seguros y Reaseguros S.A.","MEDIANTE RESOLUCION SBS N 1724-2022 (25/05/2022), SE AUTORIZO LA FUSION POR ABSORCION DE MAPFRE PERU VIDA CON MAPFRE PERU. A PARTIR DEL 01.06.2022 ESTA EMPRESA SE DENOMINA MAPFRE PERU COMPANIA DE SEGUROS Y REASEGUROS S.A.",,sbs_S-401_2025-08_2024200498D.xls
2025-08,P009,78,A,"Mediante Resolución SBS N° 01822-2025 (20/05/2025), se autorizó el cambio de denominación social de Secrex Compañía de Seguros de Crédito y Garantías a Cesce Perú S.A.","MEDIANTE RESOLUCION SBS N 01822-2025 (20/05/2025), SE AUTORIZO EL CAMBIO DE DENOMINACION SOCIAL DE SECREX COMPANIA DE SEGUROS DE CREDITO Y GARANTIAS A CESCE PERU S.A.",,sbs_S-401_2025-08_2024200498D.xls
2025-08,P010,67,A,"Mediante Resolución SBS N° 8551-2012 (15/11/2012), se autorizó el cambio de denominación social de InVita Seguros de Vida S.A. a Seguros Sura.","MEDIANTE RESOLUCION SBS N 8551-2012 (15/11/2012), SE AUTORIZO EL CAMBIO DE DENOMINACION SOCIAL DE INVITA SEGUROS DE VIDA S.A. A SEGUROS SURA.",,sbs_S-401_2025-08_2024200498D.xls
2025-08,P010,68,A,"Mediante Resolución SBS N° 2748-2015 (21/05/2015), se autorizó el cambio de denominación social de Aseguradora Magallanes Perú S.A. a HDI Seguros S.A.","MEDIANTE RESOLUCION SBS N 2748-2015 (21/05/2015), SE AUTORIZO EL CAMBIO DE DENOMINACION SOCIAL DE ASEGURADORA MAGALLANES PERU S.A. A HDI SEGUROS S.A.",,sbs_S-401_2025-08_2024200498D.xls
2025-08,P010,69,A,"Mediante Resolución SBS N° 1137-2016 (02/03/2016), se autorizó el cambio de denominación social de Ace Seguros S.A. a Chubb Seguros Perú S.A.","MEDIANTE RESOLUCION SBS N 1137-2016 (02/03/2016), SE AUTORIZO EL CAMBIO DE DENOMINACION SOCIAL DE ACE SEGUROS S.A. A CHUBB SEGUROS PERU S.A.",,sbs_S-401_2025-08_2024200498D.xls
2025-08,P010,70,A,"Mediante Resolución SBS N° 4961-2016 (14/09/2016), se autorizó el cambio de denominación social de AVAL Perú Compañía de Seguros S.A. a AVLA Perú Compañía de Seguros S.A.","MEDIANTE RESOLUCION SBS N 4961-2016 (14/09/2016), SE AUTORIZO EL CAMBIO DE DENOMINACION SOCIAL DE AVAL PERU COMPANIA DE SEGUROS S.A. A AVLA PERU COMPANIA DE SEGUROS S.A.",,sbs_S-401_2025-08_2024200498D.xls
2025-08,P010,71,A,"Mediante Resolución SBS N° 2836-2017 (19/07/2017), se autorizó la fusión por absorción de El Pacífico Vida con El Pacífico Peruano Suiza. A partir del 01.08.2017 esta empresa se denomina Pacífico Compañía de Seguros y Reaseguros.","MEDIANTE RESOLUCION SBS N 2836-2017 (19/07/2017), SE AUTORIZO LA FUSION POR ABSORCION DE EL PACIFICO VIDA CON EL PACIFICO PERUANO SUIZA. A PARTIR DEL 01.08.2017 ESTA EMPRESA SE DENOMINA PACIFICO COMPANIA DE SEGUROS Y REASEGUROS.",,sbs_S-401_2025-08_2024200498D.xls
2025-08,P010,72,A,"Mediante Resolución SBS N° 1170-2018 (27/03/2018), se autorizó la fusión por absorción de Interseguro Compañía de Seguros con Seguros Sura.","MEDIANTE RESOLUCION SBS N 1170-2018 (27/03/2018), SE AUTORIZO LA FUSION POR ABSORCION DE INTERSEGURO COMPANIA DE SEGUROS CON SEGUROS SURA.",,sbs_S-401_2025-08_2024200498D.xls
2025-08,P010,73,A,"Mediante Resolución SBS N° 2296-2019 (22/05/2019), se autorizó el cambio de denominación social de HDI Seguros S.A. a Qualitas Compañía de Seguros S.A.","MEDIANTE RESOLUCION SBS N 2296-2019 (22/05/2019), SE AUTORIZO EL CAMBIO DE DENOMINACION SOCIAL DE HDI SEGUROS S.A. A QUALITAS COMPANIA DE SEGUROS S.A.",,sbs_S-401_2025-08_2024200498D.xls
2025-08,P010,74,A,"Mediante Resolución SBS Nº 1749-2020 (01/07/2020), se autorizó la liquidación voluntaria y posterior inicio del proceso liquidatorio de Rigel Perú S.A.","MEDIANTE RESOLUCION SBS NO 1749-2020 (01/07/2020), SE AUTORIZO LA LIQUIDACION VOLUNTARIA Y POSTERIOR INICIO DEL PROCESO LIQUIDATORIO DE RIGEL PERU S.A.",,sbs_S-401_2025-08_2024200498D.xls
2025-08,P010,75,A,"Mediante Resolución SBS Nº 3286-2020 (28/12/2020), se autorizó la liquidación voluntaria y posterior inicio del proceso liquidatorio de Coface Seguros.","MEDIANTE RESOLUCION SBS NO 3286-2020 (28/12/2020), SE AUTORIZO LA LIQUIDACION VOLUNTARIA Y POSTERIOR INICIO DEL PROCESO LIQUIDATORIO DE COFACE SEGUROS.",,sbs_S-401_2025-08_2024200498D.xls
2025-08,P010,76,A,"Mediante Resolución SBS N° 278-2021 (28/01/2021), se autorizó el cambio de denominación social de Compañía de Seguros de Vida Cámara S.A. a Vivir Seguros Compañía de Seguros de Vida S.A.","MEDIANTE RESOLUCION SBS N 278-2021 (28/01/2021), SE AUTORIZO EL CAMBIO DE DENOMINACION SOCIAL DE COMPANIA DE SEGUROS DE VIDA CAMARA S.A. A VIVIR SEGUROS COMPANIA DE SEGUROS DE VIDA S.A.",,sbs_S-401_2025-08_2024200498D.xls
2025-08,P010,77,A,"Mediante Resolución SBS N° 1724-2022 (25/05/2022), se autorizó la fusión por absorción de Mapfre Perú Vida con Mapfre Perú. A partir del 01.06.2022 esta empresa se denomina Mapfre Perú Compañía de Seguros y Reaseguros S.A.","MEDIANTE RESOLUCION SBS N 1724-2022 (25/05/2022), SE AUTORIZO LA FUSION POR ABSORCION DE MAPFRE PERU VIDA CON MAPFRE PERU. A PARTIR DEL 01.06.2022 ESTA EMPRESA SE DENOMINA MAPFRE PERU COMPANIA DE SEGUROS Y REASEGUROS S.A.",,sbs_S-401_2025-08_2024200498D.xls
2025-08,P010,78,A,"Mediante Resolución SBS N° 01822-2025 (20/05/2025), se autorizó el cambio de denominación social de Secrex Compañía de Seguros de Crédito y Garantías a Cesce Perú S.A.","MEDIANTE RESOLUCION SBS N 01822-2025 (20/05/2025), SE AUTORIZO EL CAMBIO DE DENOMINACION SOCIAL DE SECREX COMPANIA DE SEGUROS DE CREDITO Y GARANTIAS A CESCE PERU S.A.",,sbs_S-401_2025-08_2024200498D.xls
2025-09,P009,67,A,"Mediante Resolución SBS N° 8551-2012 (15/11/2012), se autorizó el cambio de denominación social de InVita Seguros de Vida S.A. a Seguros Sura.","MEDIANTE RESOLUCION SBS N 8551-2012 (15/11/2012), SE AUTORIZO EL CAMBIO DE DENOMINACION SOCIAL DE INVITA SEGUROS DE VIDA S.A. A SEGUROS SURA.",,sbs_S-401_2025-09_2024200498D.xls
2025-09,P009,68,A,"Mediante Resolución SBS N° 2748-2015 (21/05/2015), se autorizó el cambio de denominación social de Aseguradora Magallanes Perú S.A. a HDI Seguros S.A.","MEDIANTE RESOLUCION SBS N 2748-2015 (21/05/2015), SE AUTORIZO EL CAMBIO DE DENOMINACION SOCIAL DE ASEGURADORA MAGALLANES PERU S.A. A HDI SEGUROS S.A.",,sbs_S-401_2025-09_2024200498D.xls
2025-09,P009,69,A,"Mediante Resolución SBS N° 1137-2016 (02/03/2016), se autorizó el cambio de denominación social de Ace Seguros S.A. a Chubb Seguros Perú S.A.","MEDIANTE RESOLUCION SBS N 1137-2016 (02/03/2016), SE AUTORIZO EL CAMBIO DE DENOMINACION SOCIAL DE ACE SEGUROS S.A. A CHUBB SEGUROS PERU S.A.",,sbs_S-401_2025-09_2024200498D.xls
2025-09,P009,70,A,"Mediante Resolución SBS N° 4961-2016 (14/09/2016), se autorizó el cambio de denominación social de AVAL Perú Compañía de Seguros S.A. a AVLA Perú Compañía de Seguros S.A.","MEDIANTE RESOLUCION SBS N 4961-2016 (14/09/2016), SE AUTORIZO EL CAMBIO DE DENOMINACION SOCIAL DE AVAL PERU COMPANIA DE SEGUROS S.A. A AVLA PERU COMPANIA DE SEGUROS S.A.",,sbs_S-401_2025-09_2024200498D.xls
2025-09,P009,71,A,"Mediante Resolución SBS N° 2836-2017 (19/07/2017), se autorizó la fusión por absorción de El Pacífico Vida con El Pacífico Peruano Suiza. A partir del 01.08.2017 esta empresa se denomina Pacífico Compañía de Seguros y Reaseguros.","MEDIANTE RESOLUCION SBS N 2836-2017 (19/07/2017), SE AUTORIZO LA FUSION POR ABSORCION DE EL PACIFICO VIDA CON EL PACIFICO PERUANO SUIZA. A PARTIR DEL 01.08.2017 ESTA EMPRESA SE DENOMINA PACIFICO COMPANIA DE SEGUROS Y REASEGUROS.",,sbs_S-401_2025-09_2024200498D.xls
2025-09,P009,72,A,"Mediante Resolución SBS N° 1170-2018 (27/03/2018), se autorizó la fusión por absorción de Interseguro Compañía de Seguros con Seguros Sura.","MEDIANTE RESOLUCION SBS N 1170-2018 (27/03/2018), SE AUTORIZO LA FUSION POR ABSORCION DE INTERSEGURO COMPANIA DE SEGUROS CON SEGUROS SURA.",,sbs_S-401_2025-09_2024200498D.xls
2025-09,P009,73,A,"Mediante Resolución SBS N° 2296-2019 (22/05/2019), se autorizó el cambio de denominación social de HDI Seguros S.A. a Qualitas Compañía de Seguros S.A.","MEDIANTE RESOLUCION SBS N 2296-2019 (22/05/2019), SE AUTORIZO EL CAMBIO DE DENOMINACION SOCIAL DE HDI SEGUROS S.A. A QUALITAS COMPANIA DE SEGUROS S.A.",,sbs_S-401_2025-09_2024200498D.xls
2025-09,P009,74,A,"Mediante Resolución SBS Nº 1749-2020 (01/07/2020), se autorizó la liquidación voluntaria y posterior inicio del proceso liquidatorio de Rigel Perú S.A.","MEDIANTE RESOLUCION SBS NO 1749-2020 (01/07/2020), SE AUTORIZO LA LIQUIDACION VOLUNTARIA Y POSTERIOR INICIO DEL PROCESO LIQUIDATORIO DE RIGEL PERU S.A.",,sbs_S-401_2025-09_2024200498D.xls
2025-09,P009,75,A,"Mediante Resolución SBS Nº 3286-2020 (28/12/2020), se autorizó la liquidación voluntaria y posterior inicio del proceso liquidatorio de Coface Seguros.","MEDIANTE RESOLUCION SBS NO 3286-2020 (28/12/2020), SE AUTORIZO LA LIQUIDACION VOLUNTARIA Y POSTERIOR INICIO DEL PROCESO LIQUIDATORIO DE COFACE SEGUROS.",,sbs_S-401_2025-09_2024200498D.xls
2025-09,P009,76,A,"Mediante Resolución SBS N° 278-2021 (28/01/2021), se autorizó el cambio de denominación social de Compañía de Seguros de Vida Cámara S.A. a Vivir Seguros Compañía de Seguros de Vida S.A.","MEDIANTE RESOLUCION SBS N 278-2021 (28/01/2021), SE AUTORIZO EL CAMBIO DE DENOMINACION SOCIAL DE COMPANIA DE SEGUROS DE VIDA CAMARA S.A. A VIVIR SEGUROS COMPANIA DE SEGUROS DE VIDA S.A.",,sbs_S-401_2025-09_2024200498D.xls
2025-09,P009,77,A,"Mediante Resolución SBS N° 1724-2022 (25/05/2022), se autorizó la fusión por absorción de Mapfre Perú Vida con Mapfre Perú. A partir del 01.06.2022 esta empresa se denomina Mapfre Perú Compañía de Seguros y Reaseguros S.A.","MEDIANTE RESOLUCION SBS N 1724-2022 (25/05/2022), SE AUTORIZO LA FUSION POR ABSORCION DE MAPFRE PERU VIDA CON MAPFRE PERU. A PARTIR DEL 01.06.2022 ESTA EMPRESA SE DENOMINA MAPFRE PERU COMPANIA DE SEGUROS Y REASEGUROS S.A.",,sbs_S-401_2025-09_2024200498D.xls
2025-09,P009,78,A,"Mediante Resolución SBS N° 01822-2025 (20/05/2025), se autorizó el cambio de denominación social de Secrex Compañía de Seguros de Crédito y Garantías a Cesce Perú S.A.","MEDIANTE RESOLUCION SBS N 01822-2025 (20/05/2025), SE AUTORIZO EL CAMBIO DE DENOMINACION SOCIAL DE SECREX COMPANIA DE SEGUROS DE CREDITO Y GARANTIAS A CESCE PERU S.A.",,sbs_S-401_2025-09_2024200498D.xls
2025-09,P010,67,A,"Mediante Resolución SBS N° 8551-2012 (15/11/2012), se autorizó el cambio de denominación social de InVita Seguros de Vida S.A. a Seguros Sura.","MEDIANTE RESOLUCION SBS N 8551-2012 (15/11/2012), SE AUTORIZO EL CAMBIO DE DENOMINACION SOCIAL DE INVITA SEGUROS DE VIDA S.A. A SEGUROS SURA.",,sbs_S-401_2025-09_2024200498D.xls
2025-09,P010,68,A,"Mediante Resolución SBS N° 2748-2015 (21/05/2015), se autorizó el cambio de denominación social de Aseguradora Magallanes Perú S.A. a HDI Seguros S.A.","MEDIANTE RESOLUCION SBS N 2748-2015 (21/05/2015), SE AUTORIZO EL CAMBIO DE DENOMINACION SOCIAL DE ASEGURADORA MAGALLANES PERU S.A. A HDI SEGUROS S.A.",,sbs_S-401_2025-09_2024200498D.xls
2025-09,P010,69,A,"Mediante Resolución SBS N° 1137-2016 (02/03/2016), se autorizó el cambio de denominación social de Ace Seguros S.A. a Chubb Seguros Perú S.A.","MEDIANTE RESOLUCION SBS N 1137-2016 (02/03/2016), SE AUTORIZO EL CAMBIO DE DENOMINACION SOCIAL DE ACE SEGUROS S.A. A CHUBB SEGUROS PERU S.A.",,sbs_S-401_2025-09_2024200498D.xls
2025-09,P010,70,A,"Mediante Resolución SBS N° 4961-2016 (14/09/2016), se autorizó el cambio de denominación social de AVAL Perú Compañía de Seguros S.A. a AVLA Perú Compañía de Seguros S.A.","MEDIANTE RESOLUCION SBS N 4961-2016 (14/09/2016), SE AUTORIZO EL CAMBIO DE DENOMINACION SOCIAL DE AVAL PERU COMPANIA DE SEGUROS S.A. A AVLA PERU COMPANIA DE SEGUROS S.A.",,sbs_S-401_2025-09_2024200498D.xls
2025-09,P010,71,A,"Mediante Resolución SBS N° 2836-2017 (19/07/2017), se autorizó la fusión por absorción de El Pacífico Vida con El Pacífico Peruano Suiza. A partir del 01.08.2017 esta empresa se denomina Pacífico Compañía de Seguros y Reaseguros.","MEDIANTE RESOLUCION SBS N 2836-2017 (19/07/2017), SE AUTORIZO LA FUSION POR ABSORCION DE EL PACIFICO VIDA CON EL PACIFICO PERUANO SUIZA. A PARTIR DEL 01.08.2017 ESTA EMPRESA SE DENOMINA PACIFICO COMPANIA DE SEGUROS Y REASEGUROS.",,sbs_S-401_2025-09_2024200498D.xls
2025-09,P010,72,A,"Mediante Resolución SBS N° 1170-2018 (27/03/2018), se autorizó la fusión por absorción de Interseguro Compañía de Seguros con Seguros Sura.","MEDIANTE RESOLUCION SBS N 1170-2018 (27/03/2018), SE AUTORIZO LA FUSION POR ABSORCION DE INTERSEGURO COMPANIA DE SEGUROS CON SEGUROS SURA.",,sbs_S-401_2025-09_2024200498D.xls
2025-09,P010,73,A,"Mediante Resolución SBS N° 2296-2019 (22/05/2019), se autorizó el cambio de denominación social de HDI Seguros S.A. a Qualitas Compañía de Seguros S.A.","MEDIANTE RESOLUCION SBS N 2296-2019 (22/05/2019), SE AUTORIZO EL CAMBIO DE DENOMINACION SOCIAL DE HDI SEGUROS S.A. A QUALITAS COMPANIA DE SEGUROS S.A.",,sbs_S-401_2025-09_2024200498D.xls
2025-09,P010,74,A,"Mediante Resolución SBS Nº 1749-2020 (01/07/2020), se autorizó la liquidación voluntaria y posterior inicio del proceso liquidatorio de Rigel Perú S.A.","MEDIANTE RESOLUCION SBS NO 1749-2020 (01/07/2020), SE AUTORIZO LA LIQUIDACION VOLUNTARIA Y POSTERIOR INICIO DEL PROCESO LIQUIDATORIO DE RIGEL PERU S.A.",,sbs_S-401_2025-09_2024200498D.xls
2025-09,P010,75,A,"Mediante Resolución SBS Nº 3286-2020 (28/12/2020), se autorizó la liquidación voluntaria y posterior inicio del proceso liquidatorio de Coface Seguros.","MEDIANTE RESOLUCION SBS NO 3286-2020 (28/12/2020), SE AUTORIZO LA LIQUIDACION VOLUNTARIA Y POSTERIOR INICIO DEL PROCESO LIQUIDATORIO DE COFACE SEGUROS.",,sbs_S-401_2025-09_2024200498D.xls
2025-09,P010,76,A,"Mediante Resolución SBS N° 278-2021 (28/01/2021), se autorizó el cambio de denominación social de Compañía de Seguros de Vida Cámara S.A. a Vivir Seguros Compañía de Seguros de Vida S.A.","MEDIANTE RESOLUCION SBS N 278-2021 (28/01/2021), SE AUTORIZO EL CAMBIO DE DENOMINACION SOCIAL DE COMPANIA DE SEGUROS DE VIDA CAMARA S.A. A VIVIR SEGUROS COMPANIA DE SEGUROS DE VIDA S.A.",,sbs_S-401_2025-09_2024200498D.xls
2025-09,P010,77,A,"Mediante Resolución SBS N° 1724-2022 (25/05/2022), se autorizó la fusión por absorción de Mapfre Perú Vida con Mapfre Perú. A partir del 01.06.2022 esta empresa se denomina Mapfre Perú Compañía de Seguros y Reaseguros S.A.","MEDIANTE RESOLUCION SBS N 1724-2022 (25/05/2022), SE AUTORIZO LA FUSION POR ABSORCION DE MAPFRE PERU VIDA CON MAPFRE PERU. A PARTIR DEL 01.06.2022 ESTA EMPRESA SE DENOMINA MAPFRE PERU COMPANIA DE SEGUROS Y REASEGUROS S.A.",,sbs_S-401_2025-09_2024200498D.xls
2025-09,P010,78,A,"Mediante Resolución SBS N° 01822-2025 (20/05/2025), se autorizó el cambio de denominación social de Secrex Compañía de Seguros de Crédito y Garantías a Cesce Perú S.A.","MEDIANTE RESOLUCION SBS N 01822-2025 (20/05/2025), SE AUTORIZO EL CAMBIO DE DENOMINACION SOCIAL DE SECREX COMPANIA DE SEGUROS DE CREDITO Y GARANTIAS A CESCE PERU S.A.",,sbs_S-401_2025-09_2024200498D.xls
2025-10,P009,67,A,"Mediante Resolución SBS N° 8551-2012 (15/11/2012), se autorizó el cambio de denominación social de InVita Seguros de Vida S.A. a Seguros Sura.","MEDIANTE RESOLUCION SBS N 8551-2012 (15/11/2012), SE AUTORIZO EL CAMBIO DE DENOMINACION SOCIAL DE INVITA SEGUROS DE VIDA S.A. A SEGUROS SURA.",,sbs_S-401_2025-10_2024200498D.xls
2025-10,P009,68,A,"Mediante Resolución SBS N° 2748-2015 (21/05/2015), se autorizó el cambio de denominación social de Aseguradora Magallanes Perú S.A. a HDI Seguros S.A.","MEDIANTE RESOLUCION SBS N 2748-2015 (21/05/2015), SE AUTORIZO EL CAMBIO DE DENOMINACION SOCIAL DE ASEGURADORA MAGALLANES PERU S.A. A HDI SEGUROS S.A.",,sbs_S-401_2025-10_2024200498D.xls
2025-10,P009,69,A,"Mediante Resolución SBS N° 1137-2016 (02/03/2016), se autorizó el cambio de denominación social de Ace Seguros S.A. a Chubb Seguros Perú S.A.","MEDIANTE RESOLUCION SBS N 1137-2016 (02/03/2016), SE AUTORIZO EL CAMBIO DE DENOMINACION SOCIAL DE ACE SEGUROS S.A. A CHUBB SEGUROS PERU S.A.",,sbs_S-401_2025-10_2024200498D.xls
2025-10,P009,70,A,"Mediante Resolución SBS N° 4961-2016 (14/09/2016), se autorizó el cambio de denominación social de AVAL Perú Compañía de Seguros S.A. a AVLA Perú Compañía de Seguros S.A.","MEDIANTE RESOLUCION SBS N 4961-2016 (14/09/2016), SE AUTORIZO EL CAMBIO DE DENOMINACION SOCIAL DE AVAL PERU COMPANIA DE SEGUROS S.A. A AVLA PERU COMPANIA DE SEGUROS S.A.",,sbs_S-401_2025-10_2024200498D.xls
2025-10,P009,71,A,"Mediante Resolución SBS N° 2836-2017 (19/07/2017), se autorizó la fusión por absorción de El Pacífico Vida con El Pacífico Peruano Suiza. A partir del 01.08.2017 esta empresa se denomina Pacífico Compañía de Seguros y Reaseguros.","MEDIANTE RESOLUCION SBS N 2836-2017 (19/07/2017), SE AUTORIZO LA FUSION POR ABSORCION DE EL PACIFICO VIDA CON EL PACIFICO PERUANO SUIZA. A PARTIR DEL 01.08.2017 ESTA EMPRESA SE DENOMINA PACIFICO COMPANIA DE SEGUROS Y REASEGUROS.",,sbs_S-401_2025-10_2024200498D.xls
2025-10,P009,72,A,"Mediante Resolución SBS N° 1170-2018 (27/03/2018), se autorizó la fusión por absorción de Interseguro Compañía de Seguros con Seguros Sura.","MEDIANTE RESOLUCION SBS N 1170-2018 (27/03/2018), SE AUTORIZO LA FUSION POR ABSORCION DE INTERSEGURO COMPANIA DE SEGUROS CON SEGUROS SURA.",,sbs_S-401_2025-10_2024200498D.xls
2025-10,P009,73,A,"Mediante Resolución SBS N° 2296-2019 (22/05/2019), se autorizó el cambio de denominación social de HDI Seguros S.A. a Qualitas Compañía de Seguros S.A.","MEDIANTE RESOLUCION SBS N 2296-2019 (22/05/2019), SE AUTORIZO EL CAMBIO DE DENOMINACION SOCIAL DE HDI SEGUROS S.A. A QUALITAS COMPANIA DE SEGUROS S.A.",,sbs_S-401_2025-10_2024200498D.xls
2025-10,P009,74,A,"Mediante Resolución SBS Nº 1749-2020 (01/07/2020), se autorizó la liquidación voluntaria y posterior inicio del proceso liquidatorio de Rigel Perú S.A.","MEDIANTE RESOLUCION SBS NO 1749-2020 (01/07/2020), SE AUTORIZO LA LIQUIDACION VOLUNTARIA Y POSTERIOR INICIO DEL PROCESO LIQUIDATORIO DE RIGEL PERU S.A.",,sbs_S-401_2025-10_2024200498D.xls
2025-10,P009,75,A,"Mediante Resolución SBS Nº 3286-2020 (28/12/2020), se autorizó la liquidación voluntaria y posterior inicio del proceso liquidatorio de Coface Seguros.","MEDIANTE RESOLUCION SBS NO 3286-2020 (28/12/2020), SE AUTORIZO LA LIQUIDACION VOLUNTARIA Y POSTERIOR INICIO DEL PROCESO LIQUIDATORIO DE COFACE SEGUROS.",,sbs_S-401_2025-10_2024200498D.xls
2025-10,P009,76,A,"Mediante Resolución SBS N° 278-2021 (28/01/2021), se autorizó el cambio de denominación social de Compañía de Seguros de Vida Cámara S.A. a Vivir Seguros Compañía de Seguros de Vida S.A.","MEDIANTE RESOLUCION SBS N 278-2021 (28/01/2021), SE AUTORIZO EL CAMBIO DE DENOMINACION SOCIAL DE COMPANIA DE SEGUROS DE VIDA CAMARA S.A. A VIVIR SEGUROS COMPANIA DE SEGUROS DE VIDA S.A.",,sbs_S-401_2025-10_2024200498D.xls
2025-10,P009,77,A,"Mediante Resolución SBS N° 1724-2022 (25/05/2022), se autorizó la fusión por absorción de Mapfre Perú Vida con Mapfre Perú. A partir del 01.06.2022 esta empresa se denomina Mapfre Perú Compañía de Seguros y Reaseguros S.A.","MEDIANTE RESOLUCION SBS N 1724-2022 (25/05/2022), SE AUTORIZO LA FUSION POR ABSORCION DE MAPFRE PERU VIDA CON MAPFRE PERU. A PARTIR DEL 01.06.2022 ESTA EMPRESA SE DENOMINA MAPFRE PERU COMPANIA DE SEGUROS Y REASEGUROS S.A.",,sbs_S-401_2025-10_2024200498D.xls
2025-10,P009,78,A,"Mediante Resolución SBS N° 01822-2025 (20/05/2025), se autorizó el cambio de denominación social de Secrex Compañía de Seguros de Crédito y Garantías a Cesce Perú S.A.","MEDIANTE RESOLUCION SBS N 01822-2025 (20/05/2025), SE AUTORIZO EL CAMBIO DE DENOMINACION SOCIAL DE SECREX COMPANIA DE SEGUROS DE CREDITO Y GARANTIAS A CESCE PERU S.A.",,sbs_S-401_2025-10_2024200498D.xls
2025-10,P010,67,A,"Mediante Resolución SBS N° 8551-2012 (15/11/2012), se autorizó el cambio de denominación social de InVita Seguros de Vida S.A. a Seguros Sura.","MEDIANTE RESOLUCION SBS N 8551-2012 (15/11/2012), SE AUTORIZO EL CAMBIO DE DENOMINACION SOCIAL DE INVITA SEGUROS DE VIDA S.A. A SEGUROS SURA.",,sbs_S-401_2025-10_2024200498D.xls
2025-10,P010,68,A,"Mediante Resolución SBS N° 2748-2015 (21/05/2015), se autorizó el cambio de denominación social de Aseguradora Magallanes Perú S.A. a HDI Seguros S.A.","MEDIANTE RESOLUCION SBS N 2748-2015 (21/05/2015), SE AUTORIZO EL CAMBIO DE DENOMINACION SOCIAL DE ASEGURADORA MAGALLANES PERU S.A. A HDI SEGUROS S.A.",,sbs_S-401_2025-10_2024200498D.xls
2025-10,P010,69,A,"Mediante Resolución SBS N° 1137-2016 (02/03/2016), se autorizó el cambio de denominación social de Ace Seguros S.A. a Chubb Seguros Perú S.A.","MEDIANTE RESOLUCION SBS N 1137-2016 (02/03/2016), SE AUTORIZO EL CAMBIO DE DENOMINACION SOCIAL DE ACE SEGUROS S.A. A CHUBB SEGUROS PERU S.A.",,sbs_S-401_2025-10_2024200498D.xls
2025-10,P010,70,A,"Mediante Resolución SBS N° 4961-2016 (14/09/2016), se autorizó el cambio de denominación social de AVAL Perú Compañía de Seguros S.A. a AVLA Perú Compañía de Seguros S.A.","MEDIANTE RESOLUCION SBS N 4961-2016 (14/09/2016), SE AUTORIZO EL CAMBIO DE DENOMINACION SOCIAL DE AVAL PERU COMPANIA DE SEGUROS S.A. A AVLA PERU COMPANIA DE SEGUROS S.A.",,sbs_S-401_2025-10_2024200498D.xls
2025-10,P010,71,A,"Mediante Resolución SBS N° 2836-2017 (19/07/2017), se autorizó la fusión por absorción de El Pacífico Vida con El Pacífico Peruano Suiza. A partir del 01.08.2017 esta empresa se denomina Pacífico Compañía de Seguros y Reaseguros.","MEDIANTE RESOLUCION SBS N 2836-2017 (19/07/2017), SE AUTORIZO LA FUSION POR ABSORCION DE EL PACIFICO VIDA CON EL PACIFICO PERUANO SUIZA. A PARTIR DEL 01.08.2017 ESTA EMPRESA SE DENOMINA PACIFICO COMPANIA DE SEGUROS Y REASEGUROS.",,sbs_S-401_2025-10_2024200498D.xls
2025-10,P010,72,A,"Mediante Resolución SBS N° 1170-2018 (27/03/2018), se autorizó la fusión por absorción de Interseguro Compañía de Seguros con Seguros Sura.","MEDIANTE RESOLUCION SBS N 1170-2018 (27/03/2018), SE AUTORIZO LA FUSION POR ABSORCION DE INTERSEGURO COMPANIA DE SEGUROS CON SEGUROS SURA.",,sbs_S-401_2025-10_2024200498D.xls
2025-10,P010,73,A,"Mediante Resolución SBS N° 2296-2019 (22/05/2019), se autorizó el cambio de denominación social de HDI Seguros S.A. a Qualitas Compañía de Seguros S.A.","MEDIANTE RESOLUCION SBS N 2296-2019 (22/05/2019), SE AUTORIZO EL CAMBIO DE DENOMINACION SOCIAL DE HDI SEGUROS S.A. A QUALITAS COMPANIA DE SEGUROS S.A.",,sbs_S-401_2025-10_2024200498D.xls
2025-10,P010,74,A,"Mediante Resolución SBS Nº 1749-2020 (01/07/2020), se autorizó la liquidación voluntaria y posterior inicio del proceso liquidatorio de Rigel Perú S.A.","MEDIANTE RESOLUCION SBS NO 1749-2020 (01/07/2020), SE AUTORIZO LA LIQUIDACION VOLUNTARIA Y POSTERIOR INICIO DEL PROCESO LIQUIDATORIO DE RIGEL PERU S.A.",,sbs_S-401_2025-10_2024200498D.xls
2025-10,P010,75,A,"Mediante Resolución SBS Nº 3286-2020 (28/12/2020), se autorizó la liquidación voluntaria y posterior inicio del proceso liquidatorio de Coface Seguros.","MEDIANTE RESOLUCION SBS NO 3286-2020 (28/12/2020), SE AUTORIZO LA LIQUIDACION VOLUNTARIA Y POSTERIOR INICIO DEL PROCESO LIQUIDATORIO DE COFACE SEGUROS.",,sbs_S-401_2025-10_2024200498D.xls
2025-10,P010,76,A,"Mediante Resolución SBS N° 278-2021 (28/01/2021), se autorizó el cambio de denominación social de Compañía de Seguros de Vida Cámara S.A. a Vivir Seguros Compañía de Seguros de Vida S.A.","MEDIANTE RESOLUCION SBS N 278-2021 (28/01/2021), SE AUTORIZO EL CAMBIO DE DENOMINACION SOCIAL DE COMPANIA DE SEGUROS DE VIDA CAMARA S.A. A VIVIR SEGUROS COMPANIA DE SEGUROS DE VIDA S.A.",,sbs_S-401_2025-10_2024200498D.xls
2025-10,P010,77,A,"Mediante Resolución SBS N° 1724-2022 (25/05/2022), se autorizó la fusión por absorción de Mapfre Perú Vida con Mapfre Perú. A partir del 01.06.2022 esta empresa se denomina Mapfre Perú Compañía de Seguros y Reaseguros S.A.","MEDIANTE RESOLUCION SBS N 1724-2022 (25/05/2022), SE AUTORIZO LA FUSION POR ABSORCION DE MAPFRE PERU VIDA CON MAPFRE PERU. A PARTIR DEL 01.06.2022 ESTA EMPRESA SE DENOMINA MAPFRE PERU COMPANIA DE SEGUROS Y REASEGUROS S.A.",,sbs_S-401_2025-10_2024200498D.xls
2025-10,P010,78,A,"Mediante Resolución SBS N° 01822-2025 (20/05/2025), se autorizó el cambio de denominación social de Secrex Compañía de Seguros de Crédito y Garantías a Cesce Perú S.A.","MEDIANTE RESOLUCION SBS N 01822-2025 (20/05/2025), SE AUTORIZO EL CAMBIO DE DENOMINACION SOCIAL DE SECREX COMPANIA DE SEGUROS DE CREDITO Y GARANTIAS A CESCE PERU S.A.",,sbs_S-401_2025-10_2024200498D.xls
2025-11,P009,65,A,"Mediante Resolución SBS N° 8551-2012 (15/11/2012), se autorizó el cambio de denominación social de InVita Seguros de Vida S.A. a Seguros Sura.","MEDIANTE RESOLUCION SBS N 8551-2012 (15/11/2012), SE AUTORIZO EL CAMBIO DE DENOMINACION SOCIAL DE INVITA SEGUROS DE VIDA S.A. A SEGUROS SURA.",,sbs_S-401_2025-11_2024200498D.xls
2025-11,P009,66,A,"Mediante Resolución SBS N° 2748-2015 (21/05/2015), se autorizó el cambio de denominación social de Aseguradora Magallanes Perú S.A. a HDI Seguros S.A.","MEDIANTE RESOLUCION SBS N 2748-2015 (21/05/2015), SE AUTORIZO EL CAMBIO DE DENOMINACION SOCIAL DE ASEGURADORA MAGALLANES PERU S.A. A HDI SEGUROS S.A.",,sbs_S-401_2025-11_2024200498D.xls
2025-11,P009,67,A,"Mediante Resolución SBS N° 1137-2016 (02/03/2016), se autorizó el cambio de denominación social de Ace Seguros S.A. a Chubb Seguros Perú S.A.","MEDIANTE RESOLUCION SBS N 1137-2016 (02/03/2016), SE AUTORIZO EL CAMBIO DE DENOMINACION SOCIAL DE ACE SEGUROS S.A. A CHUBB SEGUROS PERU S.A.",,sbs_S-401_2025-11_2024200498D.xls
2025-11,P009,68,A,"Mediante Resolución SBS N° 4961-2016 (14/09/2016), se autorizó el cambio de denominación social de AVAL Perú Compañía de Seguros S.A. a AVLA Perú Compañía de Seguros S.A.","MEDIANTE RESOLUCION SBS N 4961-2016 (14/09/2016), SE AUTORIZO EL CAMBIO DE DENOMINACION SOCIAL DE AVAL PERU COMPANIA DE SEGUROS S.A. A AVLA PERU COMPANIA DE SEGUROS S.A.",,sbs_S-401_2025-11_2024200498D.xls
2025-11,P009,69,A,"Mediante Resolución SBS N° 2836-2017 (19/07/2017), se autorizó la fusión por absorción de El Pacífico Vida con El Pacífico Peruano Suiza. A partir del 01.08.2017 esta empresa se denomina Pacífico Compañía de Seguros y Reaseguros.","MEDIANTE RESOLUCION SBS N 2836-2017 (19/07/2017), SE AUTORIZO LA FUSION POR ABSORCION DE EL PACIFICO VIDA CON EL PACIFICO PERUANO SUIZA. A PARTIR DEL 01.08.2017 ESTA EMPRESA SE DENOMINA PACIFICO COMPANIA DE SEGUROS Y REASEGUROS.",,sbs_S-401_2025-11_2024200498D.xls
2025-11,P009,70,A,"Mediante Resolución SBS N° 1170-2018 (27/03/2018), se autorizó la fusión por absorción de Interseguro Compañía de Seguros con Seguros Sura.","MEDIANTE RESOLUCION SBS N 1170-2018 (27/03/2018), SE AUTORIZO LA FUSION POR ABSORCION DE INTERSEGURO COMPANIA DE SEGUROS CON SEGUROS SURA.",,sbs_S-401_2025-11_2024200498D.xls
2025-11,P009,71,A,"Mediante Resolución SBS N° 2296-2019 (22/05/2019), se autorizó el cambio de denominación social de HDI Seguros S.A. a Qualitas Compañía de Seguros S.A.","MEDIANTE RESOLUCION SBS N 2296-2019 (22/05/2019), SE AUTORIZO EL CAMBIO DE DENOMINACION SOCIAL DE HDI SEGUROS S.A. A QUALITAS COMPANIA DE SEGUROS S.A.",,sbs_S-401_2025-11_2024200498D.xls
2025-11,P009,72,A,"Mediante Resolución SBS Nº 1749-2020 (01/07/2020), se autorizó la liquidación voluntaria y posterior inicio del proceso liquidatorio de Rigel Perú S.A.","MEDIANTE RESOLUCION SBS NO 1749-2020 (01/07/2020), SE AUTORIZO LA LIQUIDACION VOLUNTARIA Y POSTERIOR INICIO DEL PROCESO LIQUIDATORIO DE RIGEL PERU S.A.",,sbs_S-401_2025-11_2024200498D.xls
2025-11,P009,73,A,"Mediante Resolución SBS Nº 3286-2020 (28/12/2020), se autorizó la liquidación voluntaria y posterior inicio del proceso liquidatorio de Coface Seguros.","MEDIANTE RESOLUCION SBS NO 3286-2020 (28/12/2020), SE AUTORIZO LA LIQUIDACION VOLUNTARIA Y POSTERIOR INICIO DEL PROCESO LIQUIDATORIO DE COFACE SEGUROS.",,sbs_S-401_2025-11_2024200498D.xls
2025-11,P009,74,A,"Mediante Resolución SBS N° 278-2021 (28/01/2021), se autorizó el cambio de denominación social de Compañía de Seguros de Vida Cámara S.A. a Vivir Seguros Compañía de Seguros de Vida S.A.","MEDIANTE RESOLUCION SBS N 278-2021 (28/01/2021), SE AUTORIZO EL CAMBIO DE DENOMINACION SOCIAL DE COMPANIA DE SEGUROS DE VIDA CAMARA S.A. A VIVIR SEGUROS COMPANIA DE SEGUROS DE VIDA S.A.",,sbs_S-401_2025-11_2024200498D.xls
2025-11,P009,75,A,"Mediante Resolución SBS N° 1724-2022 (25/05/2022), se autorizó la fusión por absorción de Mapfre Perú Vida con Mapfre Perú. A partir del 01.06.2022 esta empresa se denomina Mapfre Perú Compañía de Seguros y Reaseguros S.A.","MEDIANTE RESOLUCION SBS N 1724-2022 (25/05/2022), SE AUTORIZO LA FUSION POR ABSORCION DE MAPFRE PERU VIDA CON MAPFRE PERU. A PARTIR DEL 01.06.2022 ESTA EMPRESA SE DENOMINA MAPFRE PERU COMPANIA DE SEGUROS Y REASEGUROS S.A.",,sbs_S-401_2025-11_2024200498D.xls
2025-11,P009,76,A,"Mediante Resolución SBS N° 1822-2025 (20/05/2025), se autorizó el cambio de denominación social de Secrex Compañía de Seguros de Crédito y Garantías a Cesce Perú S.A.","MEDIANTE RESOLUCION SBS N 1822-2025 (20/05/2025), SE AUTORIZO EL CAMBIO DE DENOMINACION SOCIAL DE SECREX COMPANIA DE SEGUROS DE CREDITO Y GARANTIAS A CESCE PERU S.A.",,sbs_S-401_2025-11_2024200498D.xls
2025-11,P009,77,A,"Mediante Resolución SBS N° 04016-2025 (10/11/2025), se autorizó el cambio de denominación social de Ohio National Seguros de Vida y Reaseguros S.A. a AuguStar Seguros y Reaseguros S.A.","MEDIANTE RESOLUCION SBS N 04016-2025 (10/11/2025), SE AUTORIZO EL CAMBIO DE DENOMINACION SOCIAL DE OHIO NATIONAL SEGUROS DE VIDA Y REASEGUROS S.A. A AUGUSTAR SEGUROS Y REASEGUROS S.A.",,sbs_S-401_2025-11_2024200498D.xls
2025-11,P010,65,A,"Mediante Resolución SBS N° 8551-2012 (15/11/2012), se autorizó el cambio de denominación social de InVita Seguros de Vida S.A. a Seguros Sura.","MEDIANTE RESOLUCION SBS N 8551-2012 (15/11/2012), SE AUTORIZO EL CAMBIO DE DENOMINACION SOCIAL DE INVITA SEGUROS DE VIDA S.A. A SEGUROS SURA.",,sbs_S-401_2025-11_2024200498D.xls
2025-11,P010,66,A,"Mediante Resolución SBS N° 2748-2015 (21/05/2015), se autorizó el cambio de denominación social de Aseguradora Magallanes Perú S.A. a HDI Seguros S.A.","MEDIANTE RESOLUCION SBS N 2748-2015 (21/05/2015), SE AUTORIZO EL CAMBIO DE DENOMINACION SOCIAL DE ASEGURADORA MAGALLANES PERU S.A. A HDI SEGUROS S.A.",,sbs_S-401_2025-11_2024200498D.xls
2025-11,P010,67,A,"Mediante Resolución SBS N° 1137-2016 (02/03/2016), se autorizó el cambio de denominación social de Ace Seguros S.A. a Chubb Seguros Perú S.A.","MEDIANTE RESOLUCION SBS N 1137-2016 (02/03/2016), SE AUTORIZO EL CAMBIO DE DENOMINACION SOCIAL DE ACE SEGUROS S.A. A CHUBB SEGUROS PERU S.A.",,sbs_S-401_2025-11_2024200498D.xls
2025-11,P010,68,A,"Mediante Resolución SBS N° 4961-2016 (14/09/2016), se autorizó el cambio de denominación social de AVAL Perú Compañía de Seguros S.A. a AVLA Perú Compañía de Seguros S.A.","MEDIANTE RESOLUCION SBS N 4961-2016 (14/09/2016), SE AUTORIZO EL CAMBIO DE DENOMINACION SOCIAL DE AVAL PERU COMPANIA DE SEGUROS S.A. A AVLA PERU COMPANIA DE SEGUROS S.A.",,sbs_S-401_2025-11_2024200498D.xls
2025-11,P010,69,A,"Mediante Resolución SBS N° 2836-2017 (19/07/2017), se autorizó la fusión por absorción de El Pacífico Vida con El Pacífico Peruano Suiza. A partir del 01.08.2017 esta empresa se denomina Pacífico Compañía de Seguros y Reaseguros.","MEDIANTE RESOLUCION SBS N 2836-2017 (19/07/2017), SE AUTORIZO LA FUSION POR ABSORCION DE EL PACIFICO VIDA CON EL PACIFICO PERUANO SUIZA. A PARTIR DEL 01.08.2017 ESTA EMPRESA SE DENOMINA PACIFICO COMPANIA DE SEGUROS Y REASEGUROS.",,sbs_S-401_2025-11_2024200498D.xls
2025-11,P010,70,A,"Mediante Resolución SBS N° 1170-2018 (27/03/2018), se autorizó la fusión por absorción de Interseguro Compañía de Seguros con Seguros Sura.","MEDIANTE RESOLUCION SBS N 1170-2018 (27/03/2018), SE AUTORIZO LA FUSION POR ABSORCION DE INTERSEGURO COMPANIA DE SEGUROS CON SEGUROS SURA.",,sbs_S-401_2025-11_2024200498D.xls
2025-11,P010,71,A,"Mediante Resolución SBS N° 2296-2019 (22/05/2019), se autorizó el cambio de denominación social de HDI Seguros S.A. a Qualitas Compañía de Seguros S.A.","MEDIANTE RESOLUCION SBS N 2296-2019 (22/05/2019), SE AUTORIZO EL CAMBIO DE DENOMINACION SOCIAL DE HDI SEGUROS S.A. A QUALITAS COMPANIA DE SEGUROS S.A.",,sbs_S-401_2025-11_2024200498D.xls
2025-11,P010,72,A,"Mediante Resolución SBS Nº 1749-2020 (01/07/2020), se autorizó la liquidación voluntaria y posterior inicio del proceso liquidatorio de Rigel Perú S.A.","MEDIANTE RESOLUCION SBS NO 1749-2020 (01/07/2020), SE AUTORIZO LA LIQUIDACION VOLUNTARIA Y POSTERIOR INICIO DEL PROCESO LIQUIDATORIO DE RIGEL PERU S.A.",,sbs_S-401_2025-11_2024200498D.xls
2025-11,P010,73,A,"Mediante Resolución SBS Nº 3286-2020 (28/12/2020), se autorizó la liquidación voluntaria y posterior inicio del proceso liquidatorio de Coface Seguros.","MEDIANTE RESOLUCION SBS NO 3286-2020 (28/12/2020), SE AUTORIZO LA LIQUIDACION VOLUNTARIA Y POSTERIOR INICIO DEL PROCESO LIQUIDATORIO DE COFACE SEGUROS.",,sbs_S-401_2025-11_2024200498D.xls
2025-11,P010,74,A,"Mediante Resolución SBS N° 278-2021 (28/01/2021), se autorizó el cambio de denominación social de Compañía de Seguros de Vida Cámara S.A. a Vivir Seguros Compañía de Seguros de Vida S.A.","MEDIANTE RESOLUCION SBS N 278-2021 (28/01/2021), SE AUTORIZO EL CAMBIO DE DENOMINACION SOCIAL DE COMPANIA DE SEGUROS DE VIDA CAMARA S.A. A VIVIR SEGUROS COMPANIA DE SEGUROS DE VIDA S.A.",,sbs_S-401_2025-11_2024200498D.xls
2025-11,P010,75,A,"Mediante Resolución SBS N° 1724-2022 (25/05/2022), se autorizó la fusión por absorción de Mapfre Perú Vida con Mapfre Perú. A partir del 01.06.2022 esta empresa se denomina Mapfre Perú Compañía de Seguros y Reaseguros S.A.","MEDIANTE RESOLUCION SBS N 1724-2022 (25/05/2022), SE AUTORIZO LA FUSION POR ABSORCION DE MAPFRE PERU VIDA CON MAPFRE PERU. A PARTIR DEL 01.06.2022 ESTA EMPRESA SE DENOMINA MAPFRE PERU COMPANIA DE SEGUROS Y REASEGUROS S.A.",,sbs_S-401_2025-11_2024200498D.xls
2025-11,P010,76,A,"Mediante Resolución SBS N° 01822-2025 (20/05/2025), se autorizó el cambio de denominación social de Secrex Compañía de Seguros de Crédito y Garantías a Cesce Perú S.A.","MEDIANTE RESOLUCION SBS N 01822-2025 (20/05/2025), SE AUTORIZO EL CAMBIO DE DENOMINACION SOCIAL DE SECREX COMPANIA DE SEGUROS DE CREDITO Y GARANTIAS A CESCE PERU S.A.",,sbs_S-401_2025-11_2024200498D.xls
2025-11,P010,77,A,"Mediante Resolución SBS N° 04016-2025 (10/11/2025), se autorizó el cambio de denominación social de Ohio National Seguros de Vida y Reaseguros S.A. a AuguStar Seguros y Reaseguros S.A.","MEDIANTE RESOLUCION SBS N 04016-2025 (10/11/2025), SE AUTORIZO EL CAMBIO DE DENOMINACION SOCIAL DE OHIO NATIONAL SEGUROS DE VIDA Y REASEGUROS S.A. A AUGUSTAR SEGUROS Y REASEGUROS S.A.",,sbs_S-401_2025-11_2024200498D.xls
2025-12,P009,65,A,"Mediante Resolución SBS N° 8551-2012 (15/11/2012), se autorizó el cambio de denominación social de InVita Seguros de Vida S.A. a Seguros Sura.","MEDIANTE RESOLUCION SBS N 8551-2012 (15/11/2012), SE AUTORIZO EL CAMBIO DE DENOMINACION SOCIAL DE INVITA SEGUROS DE VIDA S.A. A SEGUROS SURA.",,sbs_S-401_2025-12_2024200498D.xls
2025-12,P009,66,A,"Mediante Resolución SBS N° 2748-2015 (21/05/2015), se autorizó el cambio de denominación social de Aseguradora Magallanes Perú S.A. a HDI Seguros S.A.","MEDIANTE RESOLUCION SBS N 2748-2015 (21/05/2015), SE AUTORIZO EL CAMBIO DE DENOMINACION SOCIAL DE ASEGURADORA MAGALLANES PERU S.A. A HDI SEGUROS S.A.",,sbs_S-401_2025-12_2024200498D.xls
2025-12,P009,67,A,"Mediante Resolución SBS N° 1137-2016 (02/03/2016), se autorizó el cambio de denominación social de Ace Seguros S.A. a Chubb Seguros Perú S.A.","MEDIANTE RESOLUCION SBS N 1137-2016 (02/03/2016), SE AUTORIZO EL CAMBIO DE DENOMINACION SOCIAL DE ACE SEGUROS S.A. A CHUBB SEGUROS PERU S.A.",,sbs_S-401_2025-12_2024200498D.xls
2025-12,P009,68,A,"Mediante Resolución SBS N° 4961-2016 (14/09/2016), se autorizó el cambio de denominación social de AVAL Perú Compañía de Seguros S.A. a AVLA Perú Compañía de Seguros S.A.","MEDIANTE RESOLUCION SBS N 4961-2016 (14/09/2016), SE AUTORIZO EL CAMBIO DE DENOMINACION SOCIAL DE AVAL PERU COMPANIA DE SEGUROS S.A. A AVLA PERU COMPANIA DE SEGUROS S.A.",,sbs_S-401_2025-12_2024200498D.xls
2025-12,P009,69,A,"Mediante Resolución SBS N° 2836-2017 (19/07/2017), se autorizó la fusión por absorción de El Pacífico Vida con El Pacífico Peruano Suiza. A partir del 01.08.2017 esta empresa se denomina Pacífico Compañía de Seguros y Reaseguros.","MEDIANTE RESOLUCION SBS N 2836-2017 (19/07/2017), SE AUTORIZO LA FUSION POR ABSORCION DE EL PACIFICO VIDA CON EL PACIFICO PERUANO SUIZA. A PARTIR DEL 01.08.2017 ESTA EMPRESA SE DENOMINA PACIFICO COMPANIA DE SEGUROS Y REASEGUROS.",,sbs_S-401_2025-12_2024200498D.xls
2025-12,P009,70,A,"Mediante Resolución SBS N° 1170-2018 (27/03/2018), se autorizó la fusión por absorción de Interseguro Compañía de Seguros con Seguros Sura.","MEDIANTE RESOLUCION SBS N 1170-2018 (27/03/2018), SE AUTORIZO LA FUSION POR ABSORCION DE INTERSEGURO COMPANIA DE SEGUROS CON SEGUROS SURA.",,sbs_S-401_2025-12_2024200498D.xls
2025-12,P009,71,A,"Mediante Resolución SBS N° 2296-2019 (22/05/2019), se autorizó el cambio de denominación social de HDI Seguros S.A. a Qualitas Compañía de Seguros S.A.","MEDIANTE RESOLUCION SBS N 2296-2019 (22/05/2019), SE AUTORIZO EL CAMBIO DE DENOMINACION SOCIAL DE HDI SEGUROS S.A. A QUALITAS COMPANIA DE SEGUROS S.A.",,sbs_S-401_2025-12_2024200498D.xls
2025-12,P009,72,A,"Mediante Resolución SBS Nº 1749-2020 (01/07/2020), se autorizó la liquidación voluntaria y posterior inicio del proceso liquidatorio de Rigel Perú S.A.","MEDIANTE RESOLUCION SBS NO 1749-2020 (01/07/2020), SE AUTORIZO LA LIQUIDACION VOLUNTARIA Y POSTERIOR INICIO DEL PROCESO LIQUIDATORIO DE RIGEL PERU S.A.",,sbs_S-401_2025-12_2024200498D.xls
2025-12,P009,73,A,"Mediante Resolución SBS Nº 3286-2020 (28/12/2020), se autorizó la liquidación voluntaria y posterior inicio del proceso liquidatorio de Coface Seguros.","MEDIANTE RESOLUCION SBS NO 3286-2020 (28/12/2020), SE AUTORIZO LA LIQUIDACION VOLUNTARIA Y POSTERIOR INICIO DEL PROCESO LIQUIDATORIO DE COFACE SEGUROS.",,sbs_S-401_2025-12_2024200498D.xls
2025-12,P009,74,A,"Mediante Resolución SBS N° 278-2021 (28/01/2021), se autorizó el cambio de denominación social de Compañía de Seguros de Vida Cámara S.A. a Vivir Seguros Compañía de Seguros de Vida S.A.","MEDIANTE RESOLUCION SBS N 278-2021 (28/01/2021), SE AUTORIZO EL CAMBIO DE DENOMINACION SOCIAL DE COMPANIA DE SEGUROS DE VIDA CAMARA S.A. A VIVIR SEGUROS COMPANIA DE SEGUROS DE VIDA S.A.",,sbs_S-401_2025-12_2024200498D.xls
2025-12,P009,75,A,"Mediante Resolución SBS N° 1724-2022 (25/05/2022), se autorizó la fusión por absorción de Mapfre Perú Vida con Mapfre Perú. A partir del 01.06.2022 esta empresa se denomina Mapfre Perú Compañía de Seguros y Reaseguros S.A.","MEDIANTE RESOLUCION SBS N 1724-2022 (25/05/2022), SE AUTORIZO LA FUSION POR ABSORCION DE MAPFRE PERU VIDA CON MAPFRE PERU. A PARTIR DEL 01.06.2022 ESTA EMPRESA SE DENOMINA MAPFRE PERU COMPANIA DE SEGUROS Y REASEGUROS S.A.",,sbs_S-401_2025-12_2024200498D.xls
2025-12,P009,76,A,"Mediante Resolución SBS N° 1822-2025 (20/05/2025), se autorizó el cambio de denominación social de Secrex Compañía de Seguros de Crédito y Garantías a Cesce Perú S.A.","MEDIANTE RESOLUCION SBS N 1822-2025 (20/05/2025), SE AUTORIZO EL CAMBIO DE DENOMINACION SOCIAL DE SECREX COMPANIA DE SEGUROS DE CREDITO Y GARANTIAS A CESCE PERU S.A.",,sbs_S-401_2025-12_2024200498D.xls
2025-12,P009,77,A,"Mediante Resolución SBS N° 04016-2025 (10/11/2025), se autorizó el cambio de denominación social de Ohio National Seguros de Vida y Reaseguros S.A. a AuguStar Seguros y Reaseguros S.A.","MEDIANTE RESOLUCION SBS N 04016-2025 (10/11/2025), SE AUTORIZO EL CAMBIO DE DENOMINACION SOCIAL DE OHIO NATIONAL SEGUROS DE VIDA Y REASEGUROS S.A. A AUGUSTAR SEGUROS Y REASEGUROS S.A.",,sbs_S-401_2025-12_2024200498D.xls
2025-12,P009,78,A,*Información actualizada al 23/02/2026,*INFORMACION ACTUALIZADA AL 23/02/2026,,sbs_S-401_2025-12_2024200498D.xls
2025-12,P010,65,A,"Mediante Resolución SBS N° 8551-2012 (15/11/2012), se autorizó el cambio de denominación social de InVita Seguros de Vida S.A. a Seguros Sura.","MEDIANTE RESOLUCION SBS N 8551-2012 (15/11/2012), SE AUTORIZO EL CAMBIO DE DENOMINACION SOCIAL DE INVITA SEGUROS DE VIDA S.A. A SEGUROS SURA.",,sbs_S-401_2025-12_2024200498D.xls
2025-12,P010,66,A,"Mediante Resolución SBS N° 2748-2015 (21/05/2015), se autorizó el cambio de denominación social de Aseguradora Magallanes Perú S.A. a HDI Seguros S.A.","MEDIANTE RESOLUCION SBS N 2748-2015 (21/05/2015), SE AUTORIZO EL CAMBIO DE DENOMINACION SOCIAL DE ASEGURADORA MAGALLANES PERU S.A. A HDI SEGUROS S.A.",,sbs_S-401_2025-12_2024200498D.xls
2025-12,P010,67,A,"Mediante Resolución SBS N° 1137-2016 (02/03/2016), se autorizó el cambio de denominación social de Ace Seguros S.A. a Chubb Seguros Perú S.A.","MEDIANTE RESOLUCION SBS N 1137-2016 (02/03/2016), SE AUTORIZO EL CAMBIO DE DENOMINACION SOCIAL DE ACE SEGUROS S.A. A CHUBB SEGUROS PERU S.A.",,sbs_S-401_2025-12_2024200498D.xls
2025-12,P010,68,A,"Mediante Resolución SBS N° 4961-2016 (14/09/2016), se autorizó el cambio de denominación social de AVAL Perú Compañía de Seguros S.A. a AVLA Perú Compañía de Seguros S.A.","MEDIANTE RESOLUCION SBS N 4961-2016 (14/09/2016), SE AUTORIZO EL CAMBIO DE DENOMINACION SOCIAL DE AVAL PERU COMPANIA DE SEGUROS S.A. A AVLA PERU COMPANIA DE SEGUROS S.A.",,sbs_S-401_2025-12_2024200498D.xls
2025-12,P010,69,A,"Mediante Resolución SBS N° 2836-2017 (19/07/2017), se autorizó la fusión por absorción de El Pacífico Vida con El Pacífico Peruano Suiza. A partir del 01.08.2017 esta empresa se denomina Pacífico Compañía de Seguros y Reaseguros.","MEDIANTE RESOLUCION SBS N 2836-2017 (19/07/2017), SE AUTORIZO LA FUSION POR ABSORCION DE EL PACIFICO VIDA CON EL PACIFICO PERUANO SUIZA. A PARTIR DEL 01.08.2017 ESTA EMPRESA SE DENOMINA PACIFICO COMPANIA DE SEGUROS Y REASEGUROS.",,sbs_S-401_2025-12_2024200498D.xls
2025-12,P010,70,A,"Mediante Resolución SBS N° 1170-2018 (27/03/2018), se autorizó la fusión por absorción de Interseguro Compañía de Seguros con Seguros Sura.","MEDIANTE RESOLUCION SBS N 1170-2018 (27/03/2018), SE AUTORIZO LA FUSION POR ABSORCION DE INTERSEGURO COMPANIA DE SEGUROS CON SEGUROS SURA.",,sbs_S-401_2025-12_2024200498D.xls
2025-12,P010,71,A,"Mediante Resolución SBS N° 2296-2019 (22/05/2019), se autorizó el cambio de denominación social de HDI Seguros S.A. a Qualitas Compañía de Seguros S.A.","MEDIANTE RESOLUCION SBS N 2296-2019 (22/05/2019), SE AUTORIZO EL CAMBIO DE DENOMINACION SOCIAL DE HDI SEGUROS S.A. A QUALITAS COMPANIA DE SEGUROS S.A.",,sbs_S-401_2025-12_2024200498D.xls
2025-12,P010,72,A,"Mediante Resolución SBS Nº 1749-2020 (01/07/2020), se autorizó la liquidación voluntaria y posterior inicio del proceso liquidatorio de Rigel Perú S.A.","MEDIANTE RESOLUCION SBS NO 1749-2020 (01/07/2020), SE AUTORIZO LA LIQUIDACION VOLUNTARIA Y POSTERIOR INICIO DEL PROCESO LIQUIDATORIO DE RIGEL PERU S.A.",,sbs_S-401_2025-12_2024200498D.xls
2025-12,P010,73,A,"Mediante Resolución SBS Nº 3286-2020 (28/12/2020), se autorizó la liquidación voluntaria y posterior inicio del proceso liquidatorio de Coface Seguros.","MEDIANTE RESOLUCION SBS NO 3286-2020 (28/12/2020), SE AUTORIZO LA LIQUIDACION VOLUNTARIA Y POSTERIOR INICIO DEL PROCESO LIQUIDATORIO DE COFACE SEGUROS.",,sbs_S-401_2025-12_2024200498D.xls
2025-12,P010,74,A,"Mediante Resolución SBS N° 278-2021 (28/01/2021), se autorizó el cambio de denominación social de Compañía de Seguros de Vida Cámara S.A. a Vivir Seguros Compañía de Seguros de Vida S.A.","MEDIANTE RESOLUCION SBS N 278-2021 (28/01/2021), SE AUTORIZO EL CAMBIO DE DENOMINACION SOCIAL DE COMPANIA DE SEGUROS DE VIDA CAMARA S.A. A VIVIR SEGUROS COMPANIA DE SEGUROS DE VIDA S.A.",,sbs_S-401_2025-12_2024200498D.xls
2025-12,P010,75,A,"Mediante Resolución SBS N° 1724-2022 (25/05/2022), se autorizó la fusión por absorción de Mapfre Perú Vida con Mapfre Perú. A partir del 01.06.2022 esta empresa se denomina Mapfre Perú Compañía de Seguros y Reaseguros S.A.","MEDIANTE RESOLUCION SBS N 1724-2022 (25/05/2022), SE AUTORIZO LA FUSION POR ABSORCION DE MAPFRE PERU VIDA CON MAPFRE PERU. A PARTIR DEL 01.06.2022 ESTA EMPRESA SE DENOMINA MAPFRE PERU COMPANIA DE SEGUROS Y REASEGUROS S.A.",,sbs_S-401_2025-12_2024200498D.xls
2025-12,P010,76,A,"Mediante Resolución SBS N° 01822-2025 (20/05/2025), se autorizó el cambio de denominación social de Secrex Compañía de Seguros de Crédito y Garantías a Cesce Perú S.A.","MEDIANTE RESOLUCION SBS N 01822-2025 (20/05/2025), SE AUTORIZO EL CAMBIO DE DENOMINACION SOCIAL DE SECREX COMPANIA DE SEGUROS DE CREDITO Y GARANTIAS A CESCE PERU S.A.",,sbs_S-401_2025-12_2024200498D.xls
2025-12,P010,77,A,"Mediante Resolución SBS N° 04016-2025 (10/11/2025), se autorizó el cambio de denominación social de Ohio National Seguros de Vida y Reaseguros S.A. a AuguStar Seguros y Reaseguros S.A.","MEDIANTE RESOLUCION SBS N 04016-2025 (10/11/2025), SE AUTORIZO EL CAMBIO DE DENOMINACION SOCIAL DE OHIO NATIONAL SEGUROS DE VIDA Y REASEGUROS S.A. A AUGUSTAR SEGUROS Y REASEGUROS S.A.",,sbs_S-401_2025-12_2024200498D.xls
2025-12,P010,78,A,*Información actualizada al 23/02/2026,*INFORMACION ACTUALIZADA AL 23/02/2026,,sbs_S-401_2025-12_2024200498D.xls
